999
RD_DXFFile_Emport https://www.rdacs.com/
  0
SECTION
  2
HEADER
  9
$ACADVER
  1
AC1015
  9
$HANDSEED
  5
FFFF
  0
ENDSEC
  0
SECTION
  2
TABLES
  0
TABLE
  2
VPORT
  5
8
100
AcDbSymbolTable
 70
1
  0
VPORT
  5
30
100
AcDbSymbolTableRecord
100
AcDbViewportTableRecord
  2
*Active
 70
0
 10
0.0
 20
0.0
 11
1.0
 21
1.0
 12
286.3055555555554861
 22
148.5
 13
0.0
 23
0.0
 14
10.0
 24
10.0
 15
10.0
 25
10.0
 16
0.0
 26
0.0
 36
1.0
 17
0.0
 27
0.0
 37
0.0
 40
297.0
 41
1.92798353909465
 42
50.0
 43
0.0
 44
0.0
 50
0.0
 51
0.0
 71
0
 72
100
 73
1
 74
3
 75
1
 76
1
 77
0
 78
0
281
0
 65
1
110
0.0
120
0.0
130
0.0
111
1.0
121
0.0
131
0.0
112
0.0
122
1.0
132
0.0
 79
0
146
0.0
  0
ENDTAB
  0
TABLE
  2
LTYPE
  5
5
100
AcDbSymbolTable
 70
3
  0
LTYPE
  5
14
100
AcDbSymbolTableRecord
100
AcDbLinetypeTableRecord
  2
BYBLOCK
 70
0
  3

 72
65
 73
0
 40
0.0
  0
LTYPE
  5
15
100
AcDbSymbolTableRecord
100
AcDbLinetypeTableRecord
  2
BYLAYER
 70
0
  3

 72
65
 73
0
 40
0.0
  0
LTYPE
  5
16
100
AcDbSymbolTableRecord
100
AcDbLinetypeTableRecord
  2
CONTINUOUS
 70
0
  3
Solid line
 72
65
 73
0
 40
0.0
  0
ENDTAB
  0
TABLE
  2
LAYER
  5
2
100
AcDbSymbolTable
 70
3
  0
LAYER
  5
10
100
AcDbSymbolTableRecord
100
AcDbLayerTableRecord
  2
0
 70
0
 62
250
  6
CONTINUOUS
370
100
390
F
  0
LAYER
  5
31
100
AcDbSymbolTableRecord
100
AcDbLayerTableRecord
  2
mainlayer
 70
0
 62
1
  6
CONTINUOUS
370
100
390
F
  0
LAYER
  5
32
100
AcDbSymbolTableRecord
100
AcDbLayerTableRecord
  2
anotherlayer
 70
0
 62
250
  6
CONTINUOUS
370
100
390
F
  0
ENDTAB
  0
TABLE
  2
STYLE
  5
3
100
AcDbSymbolTable
 70
1
  0
STYLE
  5
33
100
AcDbSymbolTableRecord
100
AcDbTextStyleTableRecord
  2
standard
 70
0
 40
2.5
 41
1.0
 50
0.0
 71
0
 42
2.5
  3

  4

1001
ACAD
1000
txt
1071
0
  0
ENDTAB
  0
TABLE
  2
VIEW
  5
6
100
AcDbSymbolTable
 70
0
  0
ENDTAB
  0
TABLE
  2
UCS
  5
7
100
AcDbSymbolTable
 70
0
  0
ENDTAB
  0
TABLE
  2
APPID
  5
9
100
AcDbSymbolTable
 70
1
  0
APPID
  5
12
100
AcDbSymbolTableRecord
100
AcDbRegAppTableRecord
  2
ACAD
 70
0
  0
ENDTAB
  0
TABLE
  2
DIMSTYLE
  5
A
100
AcDbSymbolTable
 70
1
100
AcDbDimStyleTable
 71
0
  0
DIMSTYLE
105
27
100
AcDbSymbolTableRecord
100
AcDbDimStyleTableRecord
  2
Standard
 41
1.0
 42
1.0
 43
3.75
 44
1.0
 70
0
 73
0
 74
0
 77
1
 78
8
140
1.0
141
2.5
143
0.03937007874016
147
1.0
171
3
172
1
271
2
272
2
274
3
278
44
283
0
284
8
340
0
  0
ENDTAB
  0
TABLE
  2
BLOCK_RECORD
  5
1
100
AcDbSymbolTable
 70
1
  0
BLOCK_RECORD
  5
1F
100
AcDbSymbolTableRecord
100
AcDbBlockTableRecord
  2
*Model_Space
340
22
  0
BLOCK_RECORD
  5
1B
100
AcDbSymbolTableRecord
100
AcDbBlockTableRecord
  2
*Paper_Space
340
1E
  0
BLOCK_RECORD
  5
23
100
AcDbSymbolTableRecord
100
AcDbBlockTableRecord
  2
*Paper_Space0
340
26
  0
ENDTAB
  0
ENDSEC
  0
SECTION
  2
BLOCKS
  0
BLOCK
  5
20
100
AcDbEntity
  8
0
100
AcDbBlockBegin
  2
*Model_Space
 70
0
 10
0.0
 20
0.0
 30
0.0
  3
*Model_Space
  1

  0
ENDBLK
  5
21
100
AcDbEntity
  8
0
100
AcDbBlockEnd
  0
BLOCK
  5
1C
100
AcDbEntity
 67
1
  8
0
100
AcDbBlockBegin
  2
*Paper_Space
 70
0
 10
0.0
 20
0.0
 30
0.0
  3
*Paper_Space
  1

  0
ENDBLK
  5
1D
100
AcDbEntity
 67
1
  8
0
100
AcDbBlockEnd
  0
BLOCK
  5
24
100
AcDbEntity
  8
0
100
AcDbBlockBegin
  2
*Paper_Space0
 70
0
 10
0.0
 20
0.0
 30
0.0
  3
*Paper_Space0
  1

  0
ENDBLK
  5
25
100
AcDbEntity
  8
0
100
AcDbBlockEnd
  0
ENDSEC
  0
SECTION
  2
ENTITIES
  0
LWPOLYLINE
  5
34
100
AcDbEntity
  8
mainlayer
 62
1
370
-1
 48
1.0
  6
BYLAYER
100
AcDbPolyline
 90
8
 70
0
 10
390.00006103515625
 20
2900.0
 10
1610.0
 20
2900.0
 10
1610.0
 20
2900.0
 10
1610.0
 20
-0.0000000000000071
 10
1610.0
 20
-0.0000000000000071
 10
390.00006103515625
 20
-0.0000000000000071
 10
390.00006103515625
 20
-0.0000000000000071
 10
390.00006103515625
 20
2900.0
  0
LWPOLYLINE
  5
35
100
AcDbEntity
  8
mainlayer
 62
4
370
-1
 48
1.0
  6
BYLAYER
100
AcDbPolyline
 90
48
 70
0
 10
1500.0
 20
2692.0
 10
1480.0
 20
2692.0
 10
1480.0
 20
2692.0
 10
1480.0
 20
2718.0
 10
1480.0
 20
2718.0
 10
1492.0
 20
2718.0
 10
1492.0
 20
2718.0
 10
1492.0
 20
2742.0
 10
1492.0
 20
2742.0
 10
1480.0
 20
2742.0
 10
1480.0
 20
2742.0
 10
1480.0
 20
2768.0
 10
1480.0
 20
2768.0
 10
1500.0
 20
2768.0
 10
1500.0
 20
2768.0
 10
1500.0
 20
2780.0
 10
1500.0
 20
2780.0
 10
1524.0
 20
2780.0
 10
1524.0
 20
2780.0
 10
1524.0
 20
2768.0
 10
1524.0
 20
2768.0
 10
1556.0
 20
2768.0
 10
1556.0
 20
2768.0
 10
1556.0
 20
2780.0
 10
1556.0
 20
2780.0
 10
1580.0
 20
2780.0
 10
1580.0
 20
2780.0
 10
1580.0
 20
2768.0
 10
1580.0
 20
2768.0
 10
1600.0
 20
2768.0
 10
1600.0
 20
2768.0
 10
1600.0
 20
2692.0
 10
1600.0
 20
2692.0
 10
1580.0
 20
2692.0
 10
1580.0
 20
2692.0
 10
1580.0
 20
2680.0
 10
1580.0
 20
2680.0
 10
1556.0
 20
2680.0
 10
1556.0
 20
2680.0
 10
1556.0
 20
2692.0
 10
1556.0
 20
2692.0
 10
1524.0
 20
2692.0
 10
1524.0
 20
2692.0
 10
1524.0
 20
2680.0
 10
1524.0
 20
2680.0
 10
1500.0
 20
2680.0
 10
1500.0
 20
2680.0
 10
1500.0
 20
2692.0
  0
LWPOLYLINE
  5
36
100
AcDbEntity
  8
mainlayer
 62
4
370
-1
 48
1.0
  6
BYLAYER
100
AcDbPolyline
 90
56
 70
0
 10
1458.0
 20
2786.0
 10
1470.0
 20
2786.0
 10
1470.0
 20
2786.0
 10
1470.0
 20
2880.0
 10
1470.0
 20
2880.0
 10
1450.0
 20
2880.0
 10
1450.0
 20
2880.0
 10
1450.0
 20
2868.0
 10
1450.0
 20
2868.0
 10
1426.0
 20
2868.0
 10
1426.0
 20
2868.0
 10
1426.0
 20
2880.0
 10
1426.0
 20
2880.0
 10
1394.0
 20
2880.0
 10
1394.0
 20
2880.0
 10
1394.0
 20
2868.0
 10
1394.0
 20
2868.0
 10
1370.0
 20
2868.0
 10
1370.0
 20
2868.0
 10
1370.0
 20
2880.0
 10
1370.0
 20
2880.0
 10
1350.0
 20
2880.0
 10
1350.0
 20
2880.0
 10
1350.0
 20
2792.0
 10
1350.0
 20
2792.0
 10
1362.0
 20
2792.0
 10
1362.0
 20
2792.0
 10
1362.0
 20
2768.0
 10
1362.0
 20
2768.0
 10
1350.0
 20
2768.0
 10
1350.0
 20
2768.0
 10
1350.0
 20
2680.0
 10
1350.0
 20
2680.0
 10
1370.0
 20
2680.0
 10
1370.0
 20
2680.0
 10
1370.0
 20
2692.0
 10
1370.0
 20
2692.0
 10
1394.0
 20
2692.0
 10
1394.0
 20
2692.0
 10
1394.0
 20
2680.0
 10
1394.0
 20
2680.0
 10
1426.0
 20
2680.0
 10
1426.0
 20
2680.0
 10
1426.0
 20
2692.0
 10
1426.0
 20
2692.0
 10
1450.0
 20
2692.0
 10
1450.0
 20
2692.0
 10
1450.0
 20
2680.0
 10
1450.0
 20
2680.0
 10
1470.0
 20
2680.0
 10
1470.0
 20
2680.0
 10
1470.0
 20
2774.0
 10
1470.0
 20
2774.0
 10
1458.0
 20
2774.0
 10
1458.0
 20
2774.0
 10
1458.0
 20
2786.0
  0
LWPOLYLINE
  5
37
100
AcDbEntity
  8
mainlayer
 62
4
370
-1
 48
1.0
  6
BYLAYER
100
AcDbPolyline
 90
48
 70
0
 10
1500.0
 20
2802.0
 10
1480.0
 20
2802.0
 10
1480.0
 20
2802.0
 10
1480.0
 20
2828.0
 10
1480.0
 20
2828.0
 10
1492.0
 20
2828.0
 10
1492.0
 20
2828.0
 10
1492.0
 20
2852.0
 10
1492.0
 20
2852.0
 10
1480.0
 20
2852.0
 10
1480.0
 20
2852.0
 10
1480.0
 20
2878.0
 10
1480.0
 20
2878.0
 10
1500.0
 20
2878.0
 10
1500.0
 20
2878.0
 10
1500.0
 20
2890.0
 10
1500.0
 20
2890.0
 10
1524.0
 20
2890.0
 10
1524.0
 20
2890.0
 10
1524.0
 20
2878.0
 10
1524.0
 20
2878.0
 10
1556.0
 20
2878.0
 10
1556.0
 20
2878.0
 10
1556.0
 20
2890.0
 10
1556.0
 20
2890.0
 10
1580.0
 20
2890.0
 10
1580.0
 20
2890.0
 10
1580.0
 20
2878.0
 10
1580.0
 20
2878.0
 10
1600.0
 20
2878.0
 10
1600.0
 20
2878.0
 10
1600.0
 20
2802.0
 10
1600.0
 20
2802.0
 10
1580.0
 20
2802.0
 10
1580.0
 20
2802.0
 10
1580.0
 20
2790.0
 10
1580.0
 20
2790.0
 10
1556.0
 20
2790.0
 10
1556.0
 20
2790.0
 10
1556.0
 20
2802.0
 10
1556.0
 20
2802.0
 10
1524.0
 20
2802.0
 10
1524.0
 20
2802.0
 10
1524.0
 20
2790.0
 10
1524.0
 20
2790.0
 10
1500.0
 20
2790.0
 10
1500.0
 20
2790.0
 10
1500.0
 20
2802.0
  0
LWPOLYLINE
  5
38
100
AcDbEntity
  8
mainlayer
 62
4
370
-1
 48
1.0
  6
BYLAYER
100
AcDbPolyline
 90
56
 70
0
 10
1328.0
 20
2786.0
 10
1340.0
 20
2786.0
 10
1340.0
 20
2786.0
 10
1340.0
 20
2880.0
 10
1340.0
 20
2880.0
 10
1320.0
 20
2880.0
 10
1320.0
 20
2880.0
 10
1320.0
 20
2868.0
 10
1320.0
 20
2868.0
 10
1296.0
 20
2868.0
 10
1296.0
 20
2868.0
 10
1296.0
 20
2880.0
 10
1296.0
 20
2880.0
 10
1264.0
 20
2880.0
 10
1264.0
 20
2880.0
 10
1264.0
 20
2868.0
 10
1264.0
 20
2868.0
 10
1240.0
 20
2868.0
 10
1240.0
 20
2868.0
 10
1240.0
 20
2880.0
 10
1240.0
 20
2880.0
 10
1220.0
 20
2880.0
 10
1220.0
 20
2880.0
 10
1220.0
 20
2792.0
 10
1220.0
 20
2792.0
 10
1232.0
 20
2792.0
 10
1232.0
 20
2792.0
 10
1232.0
 20
2768.0
 10
1232.0
 20
2768.0
 10
1220.0
 20
2768.0
 10
1220.0
 20
2768.0
 10
1220.0
 20
2680.0
 10
1220.0
 20
2680.0
 10
1240.0
 20
2680.0
 10
1240.0
 20
2680.0
 10
1240.0
 20
2692.0
 10
1240.0
 20
2692.0
 10
1264.0
 20
2692.0
 10
1264.0
 20
2692.0
 10
1264.0
 20
2680.0
 10
1264.0
 20
2680.0
 10
1296.0
 20
2680.0
 10
1296.0
 20
2680.0
 10
1296.0
 20
2692.0
 10
1296.0
 20
2692.0
 10
1320.0
 20
2692.0
 10
1320.0
 20
2692.0
 10
1320.0
 20
2680.0
 10
1320.0
 20
2680.0
 10
1340.0
 20
2680.0
 10
1340.0
 20
2680.0
 10
1340.0
 20
2774.0
 10
1340.0
 20
2774.0
 10
1328.0
 20
2774.0
 10
1328.0
 20
2774.0
 10
1328.0
 20
2786.0
  0
LWPOLYLINE
  5
39
100
AcDbEntity
  8
mainlayer
 62
4
370
-1
 48
1.0
  6
BYLAYER
100
AcDbPolyline
 90
24
 70
0
 10
1018.99981689453125
 20
2704.0
 10
1018.99981689453125
 20
2800.0
 10
1018.99981689453125
 20
2800.0
 10
1044.9998779296875
 20
2800.0
 10
1044.9998779296875
 20
2800.0
 10
1044.9998779296875
 20
2812.0
 10
1044.9998779296875
 20
2812.0
 10
1069.0
 20
2812.0
 10
1069.0
 20
2812.0
 10
1069.0
 20
2800.0
 10
1069.0
 20
2800.0
 10
1095.0
 20
2800.0
 10
1095.0
 20
2800.0
 10
1095.0
 20
2704.0
 10
1095.0
 20
2704.0
 10
1107.0
 20
2704.0
 10
1107.0
 20
2704.0
 10
1107.0
 20
2692.0
 10
1107.0
 20
2692.0
 10
1006.99981689453125
 20
2692.0
 10
1006.99981689453125
 20
2692.0
 10
1006.99981689453125
 20
2704.0
 10
1006.99981689453125
 20
2704.0
 10
1018.99981689453125
 20
2704.0
  0
LWPOLYLINE
  5
3A
100
AcDbEntity
  8
mainlayer
 62
4
370
-1
 48
1.0
  6
BYLAYER
100
AcDbPolyline
 90
40
 70
0
 10
1172.0
 20
2868.0
 10
1172.0
 20
2880.0
 10
1172.0
 20
2880.0
 10
1148.0
 20
2880.0
 10
1148.0
 20
2880.0
 10
1148.0
 20
2868.0
 10
1148.0
 20
2868.0
 10
1122.0
 20
2868.0
 10
1122.0
 20
2868.0
 10
1122.0
 20
2792.0
 10
1122.0
 20
2792.0
 10
1110.0
 20
2792.0
 10
1110.0
 20
2792.0
 10
1110.0
 20
2768.0
 10
1110.0
 20
2768.0
 10
1122.0
 20
2768.0
 10
1122.0
 20
2768.0
 10
1122.0
 20
2692.0
 10
1122.0
 20
2692.0
 10
1148.0
 20
2692.0
 10
1148.0
 20
2692.0
 10
1148.0
 20
2680.0
 10
1148.0
 20
2680.0
 10
1172.0
 20
2680.0
 10
1172.0
 20
2680.0
 10
1172.0
 20
2692.0
 10
1172.0
 20
2692.0
 10
1198.0
 20
2692.0
 10
1198.0
 20
2692.0
 10
1198.0
 20
2768.0
 10
1198.0
 20
2768.0
 10
1210.0
 20
2768.0
 10
1210.0
 20
2768.0
 10
1210.0
 20
2792.0
 10
1210.0
 20
2792.0
 10
1198.0
 20
2792.0
 10
1198.0
 20
2792.0
 10
1198.0
 20
2868.0
 10
1198.0
 20
2868.0
 10
1172.0
 20
2868.0
  0
LWPOLYLINE
  5
3B
100
AcDbEntity
  8
mainlayer
 62
4
370
-1
 48
1.0
  6
BYLAYER
100
AcDbPolyline
 90
8
 70
0
 10
1148.0
 20
2786.0
 10
1148.0
 20
2774.0
 10
1148.0
 20
2774.0
 10
1172.0
 20
2774.0
 10
1172.0
 20
2774.0
 10
1172.0
 20
2786.0
 10
1172.0
 20
2786.0
 10
1148.0
 20
2786.0
  0
LWPOLYLINE
  5
3C
100
AcDbEntity
  8
mainlayer
 62
4
370
-1
 48
1.0
  6
BYLAYER
100
AcDbPolyline
 90
48
 70
0
 10
901.99969482421875
 20
2692.0
 10
881.99969482421875
 20
2692.0
 10
881.99969482421875
 20
2692.0
 10
881.99969482421875
 20
2718.0
 10
881.99969482421875
 20
2718.0
 10
893.99969482421875
 20
2718.0
 10
893.99969482421875
 20
2718.0
 10
893.99969482421875
 20
2742.0
 10
893.99969482421875
 20
2742.0
 10
881.99969482421875
 20
2742.0
 10
881.99969482421875
 20
2742.0
 10
881.99969482421875
 20
2768.0
 10
881.99969482421875
 20
2768.0
 10
901.99969482421875
 20
2768.0
 10
901.99969482421875
 20
2768.0
 10
901.99969482421875
 20
2780.0
 10
901.99969482421875
 20
2780.0
 10
925.99969482421875
 20
2780.0
 10
925.99969482421875
 20
2780.0
 10
925.99969482421875
 20
2768.0
 10
925.99969482421875
 20
2768.0
 10
957.99969482421875
 20
2768.0
 10
957.99969482421875
 20
2768.0
 10
957.99969482421875
 20
2780.0
 10
957.99969482421875
 20
2780.0
 10
981.999755859375
 20
2780.0
 10
981.999755859375
 20
2780.0
 10
981.999755859375
 20
2768.0
 10
981.999755859375
 20
2768.0
 10
1001.99969482421875
 20
2768.0
 10
1001.99969482421875
 20
2768.0
 10
1001.99969482421875
 20
2692.0
 10
1001.99969482421875
 20
2692.0
 10
981.999755859375
 20
2692.0
 10
981.999755859375
 20
2692.0
 10
981.999755859375
 20
2680.0
 10
981.999755859375
 20
2680.0
 10
957.99969482421875
 20
2680.0
 10
957.99969482421875
 20
2680.0
 10
957.99969482421875
 20
2692.0
 10
957.99969482421875
 20
2692.0
 10
925.99969482421875
 20
2692.0
 10
925.99969482421875
 20
2692.0
 10
925.99969482421875
 20
2680.0
 10
925.99969482421875
 20
2680.0
 10
901.99969482421875
 20
2680.0
 10
901.99969482421875
 20
2680.0
 10
901.99969482421875
 20
2692.0
  0
LWPOLYLINE
  5
3D
100
AcDbEntity
  8
mainlayer
 62
4
370
-1
 48
1.0
  6
BYLAYER
100
AcDbPolyline
 90
56
 70
0
 10
859.99969482421875
 20
2786.0
 10
871.99969482421875
 20
2786.0
 10
871.99969482421875
 20
2786.0
 10
871.99969482421875
 20
2880.0
 10
871.99969482421875
 20
2880.0
 10
851.99969482421875
 20
2880.0
 10
851.99969482421875
 20
2880.0
 10
851.99969482421875
 20
2868.0
 10
851.99969482421875
 20
2868.0
 10
827.99969482421875
 20
2868.0
 10
827.99969482421875
 20
2868.0
 10
827.99969482421875
 20
2880.0
 10
827.99969482421875
 20
2880.0
 10
795.99969482421875
 20
2880.0
 10
795.99969482421875
 20
2880.0
 10
795.99969482421875
 20
2868.0
 10
795.99969482421875
 20
2868.0
 10
771.99969482421875
 20
2868.0
 10
771.99969482421875
 20
2868.0
 10
771.99969482421875
 20
2880.0
 10
771.99969482421875
 20
2880.0
 10
751.99969482421875
 20
2880.0
 10
751.99969482421875
 20
2880.0
 10
751.99969482421875
 20
2792.0
 10
751.99969482421875
 20
2792.0
 10
763.99969482421875
 20
2792.0
 10
763.99969482421875
 20
2792.0
 10
763.99969482421875
 20
2768.0
 10
763.99969482421875
 20
2768.0
 10
751.99969482421875
 20
2768.0
 10
751.99969482421875
 20
2768.0
 10
751.99969482421875
 20
2680.0
 10
751.99969482421875
 20
2680.0
 10
771.99969482421875
 20
2680.0
 10
771.99969482421875
 20
2680.0
 10
771.99969482421875
 20
2692.0
 10
771.99969482421875
 20
2692.0
 10
795.99969482421875
 20
2692.0
 10
795.99969482421875
 20
2692.0
 10
795.99969482421875
 20
2680.0
 10
795.99969482421875
 20
2680.0
 10
827.99969482421875
 20
2680.0
 10
827.99969482421875
 20
2680.0
 10
827.99969482421875
 20
2692.0
 10
827.99969482421875
 20
2692.0
 10
851.99969482421875
 20
2692.0
 10
851.99969482421875
 20
2692.0
 10
851.99969482421875
 20
2680.0
 10
851.99969482421875
 20
2680.0
 10
871.99969482421875
 20
2680.0
 10
871.99969482421875
 20
2680.0
 10
871.99969482421875
 20
2774.0
 10
871.99969482421875
 20
2774.0
 10
859.99969482421875
 20
2774.0
 10
859.99969482421875
 20
2774.0
 10
859.99969482421875
 20
2786.0
  0
LWPOLYLINE
  5
3E
100
AcDbEntity
  8
mainlayer
 62
4
370
-1
 48
1.0
  6
BYLAYER
100
AcDbPolyline
 90
48
 70
0
 10
901.99969482421875
 20
2802.0
 10
881.99969482421875
 20
2802.0
 10
881.99969482421875
 20
2802.0
 10
881.99969482421875
 20
2828.0
 10
881.99969482421875
 20
2828.0
 10
893.99969482421875
 20
2828.0
 10
893.99969482421875
 20
2828.0
 10
893.99969482421875
 20
2852.0
 10
893.99969482421875
 20
2852.0
 10
881.99969482421875
 20
2852.0
 10
881.99969482421875
 20
2852.0
 10
881.99969482421875
 20
2878.0
 10
881.99969482421875
 20
2878.0
 10
901.99969482421875
 20
2878.0
 10
901.99969482421875
 20
2878.0
 10
901.99969482421875
 20
2890.0
 10
901.99969482421875
 20
2890.0
 10
925.99969482421875
 20
2890.0
 10
925.99969482421875
 20
2890.0
 10
925.99969482421875
 20
2878.0
 10
925.99969482421875
 20
2878.0
 10
957.99969482421875
 20
2878.0
 10
957.99969482421875
 20
2878.0
 10
957.99969482421875
 20
2890.0
 10
957.99969482421875
 20
2890.0
 10
981.999755859375
 20
2890.0
 10
981.999755859375
 20
2890.0
 10
981.999755859375
 20
2878.0
 10
981.999755859375
 20
2878.0
 10
1001.99969482421875
 20
2878.0
 10
1001.99969482421875
 20
2878.0
 10
1001.99969482421875
 20
2802.0
 10
1001.99969482421875
 20
2802.0
 10
981.999755859375
 20
2802.0
 10
981.999755859375
 20
2802.0
 10
981.999755859375
 20
2790.0
 10
981.999755859375
 20
2790.0
 10
957.99969482421875
 20
2790.0
 10
957.99969482421875
 20
2790.0
 10
957.99969482421875
 20
2802.0
 10
957.99969482421875
 20
2802.0
 10
925.99969482421875
 20
2802.0
 10
925.99969482421875
 20
2802.0
 10
925.99969482421875
 20
2790.0
 10
925.99969482421875
 20
2790.0
 10
901.99969482421875
 20
2790.0
 10
901.99969482421875
 20
2790.0
 10
901.99969482421875
 20
2802.0
  0
LWPOLYLINE
  5
3F
100
AcDbEntity
  8
mainlayer
 62
4
370
-1
 48
1.0
  6
BYLAYER
100
AcDbPolyline
 90
56
 70
0
 10
729.99969482421875
 20
2786.0
 10
741.99969482421875
 20
2786.0
 10
741.99969482421875
 20
2786.0
 10
741.99969482421875
 20
2880.0
 10
741.99969482421875
 20
2880.0
 10
721.99969482421875
 20
2880.0
 10
721.99969482421875
 20
2880.0
 10
721.99969482421875
 20
2868.0
 10
721.99969482421875
 20
2868.0
 10
697.99969482421875
 20
2868.0
 10
697.99969482421875
 20
2868.0
 10
697.99969482421875
 20
2880.0
 10
697.99969482421875
 20
2880.0
 10
665.99969482421875
 20
2880.0
 10
665.99969482421875
 20
2880.0
 10
665.99969482421875
 20
2868.0
 10
665.99969482421875
 20
2868.0
 10
641.99969482421875
 20
2868.0
 10
641.99969482421875
 20
2868.0
 10
641.99969482421875
 20
2880.0
 10
641.99969482421875
 20
2880.0
 10
621.99969482421875
 20
2880.0
 10
621.99969482421875
 20
2880.0
 10
621.99969482421875
 20
2792.0
 10
621.99969482421875
 20
2792.0
 10
633.99969482421875
 20
2792.0
 10
633.99969482421875
 20
2792.0
 10
633.99969482421875
 20
2768.0
 10
633.99969482421875
 20
2768.0
 10
621.99969482421875
 20
2768.0
 10
621.99969482421875
 20
2768.0
 10
621.99969482421875
 20
2680.0
 10
621.99969482421875
 20
2680.0
 10
641.99969482421875
 20
2680.0
 10
641.99969482421875
 20
2680.0
 10
641.99969482421875
 20
2692.0
 10
641.99969482421875
 20
2692.0
 10
665.99969482421875
 20
2692.0
 10
665.99969482421875
 20
2692.0
 10
665.99969482421875
 20
2680.0
 10
665.99969482421875
 20
2680.0
 10
697.99969482421875
 20
2680.0
 10
697.99969482421875
 20
2680.0
 10
697.99969482421875
 20
2692.0
 10
697.99969482421875
 20
2692.0
 10
721.99969482421875
 20
2692.0
 10
721.99969482421875
 20
2692.0
 10
721.99969482421875
 20
2680.0
 10
721.99969482421875
 20
2680.0
 10
741.99969482421875
 20
2680.0
 10
741.99969482421875
 20
2680.0
 10
741.99969482421875
 20
2774.0
 10
741.99969482421875
 20
2774.0
 10
729.99969482421875
 20
2774.0
 10
729.99969482421875
 20
2774.0
 10
729.99969482421875
 20
2786.0
  0
LWPOLYLINE
  5
40
100
AcDbEntity
  8
mainlayer
 62
4
370
-1
 48
1.0
  6
BYLAYER
100
AcDbPolyline
 90
24
 70
0
 10
420.99957275390625
 20
2704.0
 10
420.99957275390625
 20
2800.0
 10
420.99957275390625
 20
2800.0
 10
446.99957275390625
 20
2800.0
 10
446.99957275390625
 20
2800.0
 10
446.99957275390625
 20
2812.0
 10
446.99957275390625
 20
2812.0
 10
470.99969482421875
 20
2812.0
 10
470.99969482421875
 20
2812.0
 10
470.99969482421875
 20
2800.0
 10
470.99969482421875
 20
2800.0
 10
496.99969482421875
 20
2800.0
 10
496.99969482421875
 20
2800.0
 10
496.99969482421875
 20
2704.0
 10
496.99969482421875
 20
2704.0
 10
508.99969482421875
 20
2704.0
 10
508.99969482421875
 20
2704.0
 10
508.99969482421875
 20
2692.0
 10
508.99969482421875
 20
2692.0
 10
408.99957275390625
 20
2692.0
 10
408.99957275390625
 20
2692.0
 10
408.99957275390625
 20
2704.0
 10
408.99957275390625
 20
2704.0
 10
420.99957275390625
 20
2704.0
  0
LWPOLYLINE
  5
41
100
AcDbEntity
  8
mainlayer
 62
4
370
-1
 48
1.0
  6
BYLAYER
100
AcDbPolyline
 90
40
 70
0
 10
573.99969482421875
 20
2868.0
 10
573.99969482421875
 20
2880.0
 10
573.99969482421875
 20
2880.0
 10
549.99969482421875
 20
2880.0
 10
549.99969482421875
 20
2880.0
 10
549.99969482421875
 20
2868.0
 10
549.99969482421875
 20
2868.0
 10
523.99969482421875
 20
2868.0
 10
523.99969482421875
 20
2868.0
 10
523.99969482421875
 20
2792.0
 10
523.99969482421875
 20
2792.0
 10
511.99969482421875
 20
2792.0
 10
511.99969482421875
 20
2792.0
 10
511.99969482421875
 20
2768.0
 10
511.99969482421875
 20
2768.0
 10
523.99969482421875
 20
2768.0
 10
523.99969482421875
 20
2768.0
 10
523.99969482421875
 20
2692.0
 10
523.99969482421875
 20
2692.0
 10
549.99969482421875
 20
2692.0
 10
549.99969482421875
 20
2692.0
 10
549.99969482421875
 20
2680.0
 10
549.99969482421875
 20
2680.0
 10
573.99969482421875
 20
2680.0
 10
573.99969482421875
 20
2680.0
 10
573.99969482421875
 20
2692.0
 10
573.99969482421875
 20
2692.0
 10
599.99969482421875
 20
2692.0
 10
599.99969482421875
 20
2692.0
 10
599.99969482421875
 20
2768.0
 10
599.99969482421875
 20
2768.0
 10
611.99969482421875
 20
2768.0
 10
611.99969482421875
 20
2768.0
 10
611.99969482421875
 20
2792.0
 10
611.99969482421875
 20
2792.0
 10
599.99969482421875
 20
2792.0
 10
599.99969482421875
 20
2792.0
 10
599.99969482421875
 20
2868.0
 10
599.99969482421875
 20
2868.0
 10
573.99969482421875
 20
2868.0
  0
LWPOLYLINE
  5
42
100
AcDbEntity
  8
mainlayer
 62
4
370
-1
 48
1.0
  6
BYLAYER
100
AcDbPolyline
 90
8
 70
0
 10
549.99969482421875
 20
2786.0
 10
549.99969482421875
 20
2774.0
 10
549.99969482421875
 20
2774.0
 10
573.99969482421875
 20
2774.0
 10
573.99969482421875
 20
2774.0
 10
573.99969482421875
 20
2786.0
 10
573.99969482421875
 20
2786.0
 10
549.99969482421875
 20
2786.0
  0
LWPOLYLINE
  5
43
100
AcDbEntity
  8
mainlayer
 62
4
370
-1
 48
1.0
  6
BYLAYER
100
AcDbPolyline
 90
48
 70
0
 10
1500.0
 20
2472.0
 10
1480.0
 20
2472.0
 10
1480.0
 20
2472.0
 10
1480.0
 20
2498.0
 10
1480.0
 20
2498.0
 10
1492.0
 20
2498.0
 10
1492.0
 20
2498.0
 10
1492.0
 20
2522.0
 10
1492.0
 20
2522.0
 10
1480.0
 20
2522.0
 10
1480.0
 20
2522.0
 10
1480.0
 20
2548.0
 10
1480.0
 20
2548.0
 10
1500.0
 20
2548.0
 10
1500.0
 20
2548.0
 10
1500.0
 20
2560.0
 10
1500.0
 20
2560.0
 10
1524.0
 20
2560.0
 10
1524.0
 20
2560.0
 10
1524.0
 20
2548.0
 10
1524.0
 20
2548.0
 10
1556.0
 20
2548.0
 10
1556.0
 20
2548.0
 10
1556.0
 20
2560.0
 10
1556.0
 20
2560.0
 10
1580.0
 20
2560.0
 10
1580.0
 20
2560.0
 10
1580.0
 20
2548.0
 10
1580.0
 20
2548.0
 10
1600.0
 20
2548.0
 10
1600.0
 20
2548.0
 10
1600.0
 20
2472.0
 10
1600.0
 20
2472.0
 10
1580.0
 20
2472.0
 10
1580.0
 20
2472.0
 10
1580.0
 20
2460.0
 10
1580.0
 20
2460.0
 10
1556.0
 20
2460.0
 10
1556.0
 20
2460.0
 10
1556.0
 20
2472.0
 10
1556.0
 20
2472.0
 10
1524.0
 20
2472.0
 10
1524.0
 20
2472.0
 10
1524.0
 20
2460.0
 10
1524.0
 20
2460.0
 10
1500.0
 20
2460.0
 10
1500.0
 20
2460.0
 10
1500.0
 20
2472.0
  0
LWPOLYLINE
  5
44
100
AcDbEntity
  8
mainlayer
 62
4
370
-1
 48
1.0
  6
BYLAYER
100
AcDbPolyline
 90
56
 70
0
 10
1458.0
 20
2566.0
 10
1470.0
 20
2566.0
 10
1470.0
 20
2566.0
 10
1470.0
 20
2660.0
 10
1470.0
 20
2660.0
 10
1450.0
 20
2660.0
 10
1450.0
 20
2660.0
 10
1450.0
 20
2648.0
 10
1450.0
 20
2648.0
 10
1426.0
 20
2648.0
 10
1426.0
 20
2648.0
 10
1426.0
 20
2660.0
 10
1426.0
 20
2660.0
 10
1394.0
 20
2660.0
 10
1394.0
 20
2660.0
 10
1394.0
 20
2648.0
 10
1394.0
 20
2648.0
 10
1370.0
 20
2648.0
 10
1370.0
 20
2648.0
 10
1370.0
 20
2660.0
 10
1370.0
 20
2660.0
 10
1350.0
 20
2660.0
 10
1350.0
 20
2660.0
 10
1350.0
 20
2572.0
 10
1350.0
 20
2572.0
 10
1362.0
 20
2572.0
 10
1362.0
 20
2572.0
 10
1362.0
 20
2548.0
 10
1362.0
 20
2548.0
 10
1350.0
 20
2548.0
 10
1350.0
 20
2548.0
 10
1350.0
 20
2460.0
 10
1350.0
 20
2460.0
 10
1370.0
 20
2460.0
 10
1370.0
 20
2460.0
 10
1370.0
 20
2472.0
 10
1370.0
 20
2472.0
 10
1394.0
 20
2472.0
 10
1394.0
 20
2472.0
 10
1394.0
 20
2460.0
 10
1394.0
 20
2460.0
 10
1426.0
 20
2460.0
 10
1426.0
 20
2460.0
 10
1426.0
 20
2472.0
 10
1426.0
 20
2472.0
 10
1450.0
 20
2472.0
 10
1450.0
 20
2472.0
 10
1450.0
 20
2460.0
 10
1450.0
 20
2460.0
 10
1470.0
 20
2460.0
 10
1470.0
 20
2460.0
 10
1470.0
 20
2554.0
 10
1470.0
 20
2554.0
 10
1458.0
 20
2554.0
 10
1458.0
 20
2554.0
 10
1458.0
 20
2566.0
  0
LWPOLYLINE
  5
45
100
AcDbEntity
  8
mainlayer
 62
4
370
-1
 48
1.0
  6
BYLAYER
100
AcDbPolyline
 90
48
 70
0
 10
1500.0
 20
2582.0
 10
1480.0
 20
2582.0
 10
1480.0
 20
2582.0
 10
1480.0
 20
2608.0
 10
1480.0
 20
2608.0
 10
1492.0
 20
2608.0
 10
1492.0
 20
2608.0
 10
1492.0
 20
2632.0
 10
1492.0
 20
2632.0
 10
1480.0
 20
2632.0
 10
1480.0
 20
2632.0
 10
1480.0
 20
2658.0
 10
1480.0
 20
2658.0
 10
1500.0
 20
2658.0
 10
1500.0
 20
2658.0
 10
1500.0
 20
2670.0
 10
1500.0
 20
2670.0
 10
1524.0
 20
2670.0
 10
1524.0
 20
2670.0
 10
1524.0
 20
2658.0
 10
1524.0
 20
2658.0
 10
1556.0
 20
2658.0
 10
1556.0
 20
2658.0
 10
1556.0
 20
2670.0
 10
1556.0
 20
2670.0
 10
1580.0
 20
2670.0
 10
1580.0
 20
2670.0
 10
1580.0
 20
2658.0
 10
1580.0
 20
2658.0
 10
1600.0
 20
2658.0
 10
1600.0
 20
2658.0
 10
1600.0
 20
2582.0
 10
1600.0
 20
2582.0
 10
1580.0
 20
2582.0
 10
1580.0
 20
2582.0
 10
1580.0
 20
2570.0
 10
1580.0
 20
2570.0
 10
1556.0
 20
2570.0
 10
1556.0
 20
2570.0
 10
1556.0
 20
2582.0
 10
1556.0
 20
2582.0
 10
1524.0
 20
2582.0
 10
1524.0
 20
2582.0
 10
1524.0
 20
2570.0
 10
1524.0
 20
2570.0
 10
1500.0
 20
2570.0
 10
1500.0
 20
2570.0
 10
1500.0
 20
2582.0
  0
LWPOLYLINE
  5
46
100
AcDbEntity
  8
mainlayer
 62
4
370
-1
 48
1.0
  6
BYLAYER
100
AcDbPolyline
 90
56
 70
0
 10
1328.0
 20
2566.0
 10
1340.0
 20
2566.0
 10
1340.0
 20
2566.0
 10
1340.0
 20
2660.0
 10
1340.0
 20
2660.0
 10
1320.0
 20
2660.0
 10
1320.0
 20
2660.0
 10
1320.0
 20
2648.0
 10
1320.0
 20
2648.0
 10
1296.0
 20
2648.0
 10
1296.0
 20
2648.0
 10
1296.0
 20
2660.0
 10
1296.0
 20
2660.0
 10
1264.0
 20
2660.0
 10
1264.0
 20
2660.0
 10
1264.0
 20
2648.0
 10
1264.0
 20
2648.0
 10
1240.0
 20
2648.0
 10
1240.0
 20
2648.0
 10
1240.0
 20
2660.0
 10
1240.0
 20
2660.0
 10
1220.0
 20
2660.0
 10
1220.0
 20
2660.0
 10
1220.0
 20
2572.0
 10
1220.0
 20
2572.0
 10
1232.0
 20
2572.0
 10
1232.0
 20
2572.0
 10
1232.0
 20
2548.0
 10
1232.0
 20
2548.0
 10
1220.0
 20
2548.0
 10
1220.0
 20
2548.0
 10
1220.0
 20
2460.0
 10
1220.0
 20
2460.0
 10
1240.0
 20
2460.0
 10
1240.0
 20
2460.0
 10
1240.0
 20
2472.0
 10
1240.0
 20
2472.0
 10
1264.0
 20
2472.0
 10
1264.0
 20
2472.0
 10
1264.0
 20
2460.0
 10
1264.0
 20
2460.0
 10
1296.0
 20
2460.0
 10
1296.0
 20
2460.0
 10
1296.0
 20
2472.0
 10
1296.0
 20
2472.0
 10
1320.0
 20
2472.0
 10
1320.0
 20
2472.0
 10
1320.0
 20
2460.0
 10
1320.0
 20
2460.0
 10
1340.0
 20
2460.0
 10
1340.0
 20
2460.0
 10
1340.0
 20
2554.0
 10
1340.0
 20
2554.0
 10
1328.0
 20
2554.0
 10
1328.0
 20
2554.0
 10
1328.0
 20
2566.0
  0
LWPOLYLINE
  5
47
100
AcDbEntity
  8
mainlayer
 62
4
370
-1
 48
1.0
  6
BYLAYER
100
AcDbPolyline
 90
24
 70
0
 10
1018.99981689453125
 20
2484.0
 10
1018.99981689453125
 20
2580.0
 10
1018.99981689453125
 20
2580.0
 10
1044.9998779296875
 20
2580.0
 10
1044.9998779296875
 20
2580.0
 10
1044.9998779296875
 20
2592.0
 10
1044.9998779296875
 20
2592.0
 10
1069.0
 20
2592.0
 10
1069.0
 20
2592.0
 10
1069.0
 20
2580.0
 10
1069.0
 20
2580.0
 10
1095.0
 20
2580.0
 10
1095.0
 20
2580.0
 10
1095.0
 20
2484.0
 10
1095.0
 20
2484.0
 10
1107.0
 20
2484.0
 10
1107.0
 20
2484.0
 10
1107.0
 20
2472.0
 10
1107.0
 20
2472.0
 10
1006.99981689453125
 20
2472.0
 10
1006.99981689453125
 20
2472.0
 10
1006.99981689453125
 20
2484.0
 10
1006.99981689453125
 20
2484.0
 10
1018.99981689453125
 20
2484.0
  0
LWPOLYLINE
  5
48
100
AcDbEntity
  8
mainlayer
 62
4
370
-1
 48
1.0
  6
BYLAYER
100
AcDbPolyline
 90
40
 70
0
 10
1172.0
 20
2648.0
 10
1172.0
 20
2660.0
 10
1172.0
 20
2660.0
 10
1148.0
 20
2660.0
 10
1148.0
 20
2660.0
 10
1148.0
 20
2648.0
 10
1148.0
 20
2648.0
 10
1122.0
 20
2648.0
 10
1122.0
 20
2648.0
 10
1122.0
 20
2572.0
 10
1122.0
 20
2572.0
 10
1110.0
 20
2572.0
 10
1110.0
 20
2572.0
 10
1110.0
 20
2548.0
 10
1110.0
 20
2548.0
 10
1122.0
 20
2548.0
 10
1122.0
 20
2548.0
 10
1122.0
 20
2472.0
 10
1122.0
 20
2472.0
 10
1148.0
 20
2472.0
 10
1148.0
 20
2472.0
 10
1148.0
 20
2460.0
 10
1148.0
 20
2460.0
 10
1172.0
 20
2460.0
 10
1172.0
 20
2460.0
 10
1172.0
 20
2472.0
 10
1172.0
 20
2472.0
 10
1198.0
 20
2472.0
 10
1198.0
 20
2472.0
 10
1198.0
 20
2548.0
 10
1198.0
 20
2548.0
 10
1210.0
 20
2548.0
 10
1210.0
 20
2548.0
 10
1210.0
 20
2572.0
 10
1210.0
 20
2572.0
 10
1198.0
 20
2572.0
 10
1198.0
 20
2572.0
 10
1198.0
 20
2648.0
 10
1198.0
 20
2648.0
 10
1172.0
 20
2648.0
  0
LWPOLYLINE
  5
49
100
AcDbEntity
  8
mainlayer
 62
4
370
-1
 48
1.0
  6
BYLAYER
100
AcDbPolyline
 90
8
 70
0
 10
1148.0
 20
2566.0
 10
1148.0
 20
2554.0
 10
1148.0
 20
2554.0
 10
1172.0
 20
2554.0
 10
1172.0
 20
2554.0
 10
1172.0
 20
2566.0
 10
1172.0
 20
2566.0
 10
1148.0
 20
2566.0
  0
LWPOLYLINE
  5
4A
100
AcDbEntity
  8
mainlayer
 62
4
370
-1
 48
1.0
  6
BYLAYER
100
AcDbPolyline
 90
48
 70
0
 10
901.99969482421875
 20
2472.0
 10
881.99969482421875
 20
2472.0
 10
881.99969482421875
 20
2472.0
 10
881.99969482421875
 20
2498.0
 10
881.99969482421875
 20
2498.0
 10
893.99969482421875
 20
2498.0
 10
893.99969482421875
 20
2498.0
 10
893.99969482421875
 20
2522.0
 10
893.99969482421875
 20
2522.0
 10
881.99969482421875
 20
2522.0
 10
881.99969482421875
 20
2522.0
 10
881.99969482421875
 20
2548.0
 10
881.99969482421875
 20
2548.0
 10
901.99969482421875
 20
2548.0
 10
901.99969482421875
 20
2548.0
 10
901.99969482421875
 20
2560.0
 10
901.99969482421875
 20
2560.0
 10
925.99969482421875
 20
2560.0
 10
925.99969482421875
 20
2560.0
 10
925.99969482421875
 20
2548.0
 10
925.99969482421875
 20
2548.0
 10
957.99969482421875
 20
2548.0
 10
957.99969482421875
 20
2548.0
 10
957.99969482421875
 20
2560.0
 10
957.99969482421875
 20
2560.0
 10
981.999755859375
 20
2560.0
 10
981.999755859375
 20
2560.0
 10
981.999755859375
 20
2548.0
 10
981.999755859375
 20
2548.0
 10
1001.99969482421875
 20
2548.0
 10
1001.99969482421875
 20
2548.0
 10
1001.99969482421875
 20
2472.0
 10
1001.99969482421875
 20
2472.0
 10
981.999755859375
 20
2472.0
 10
981.999755859375
 20
2472.0
 10
981.999755859375
 20
2460.0
 10
981.999755859375
 20
2460.0
 10
957.99969482421875
 20
2460.0
 10
957.99969482421875
 20
2460.0
 10
957.99969482421875
 20
2472.0
 10
957.99969482421875
 20
2472.0
 10
925.99969482421875
 20
2472.0
 10
925.99969482421875
 20
2472.0
 10
925.99969482421875
 20
2460.0
 10
925.99969482421875
 20
2460.0
 10
901.99969482421875
 20
2460.0
 10
901.99969482421875
 20
2460.0
 10
901.99969482421875
 20
2472.0
  0
LWPOLYLINE
  5
4B
100
AcDbEntity
  8
mainlayer
 62
4
370
-1
 48
1.0
  6
BYLAYER
100
AcDbPolyline
 90
56
 70
0
 10
859.99969482421875
 20
2566.0
 10
871.99969482421875
 20
2566.0
 10
871.99969482421875
 20
2566.0
 10
871.99969482421875
 20
2660.0
 10
871.99969482421875
 20
2660.0
 10
851.99969482421875
 20
2660.0
 10
851.99969482421875
 20
2660.0
 10
851.99969482421875
 20
2648.0
 10
851.99969482421875
 20
2648.0
 10
827.99969482421875
 20
2648.0
 10
827.99969482421875
 20
2648.0
 10
827.99969482421875
 20
2660.0
 10
827.99969482421875
 20
2660.0
 10
795.99969482421875
 20
2660.0
 10
795.99969482421875
 20
2660.0
 10
795.99969482421875
 20
2648.0
 10
795.99969482421875
 20
2648.0
 10
771.99969482421875
 20
2648.0
 10
771.99969482421875
 20
2648.0
 10
771.99969482421875
 20
2660.0
 10
771.99969482421875
 20
2660.0
 10
751.99969482421875
 20
2660.0
 10
751.99969482421875
 20
2660.0
 10
751.99969482421875
 20
2572.0
 10
751.99969482421875
 20
2572.0
 10
763.99969482421875
 20
2572.0
 10
763.99969482421875
 20
2572.0
 10
763.99969482421875
 20
2548.0
 10
763.99969482421875
 20
2548.0
 10
751.99969482421875
 20
2548.0
 10
751.99969482421875
 20
2548.0
 10
751.99969482421875
 20
2460.0
 10
751.99969482421875
 20
2460.0
 10
771.99969482421875
 20
2460.0
 10
771.99969482421875
 20
2460.0
 10
771.99969482421875
 20
2472.0
 10
771.99969482421875
 20
2472.0
 10
795.99969482421875
 20
2472.0
 10
795.99969482421875
 20
2472.0
 10
795.99969482421875
 20
2460.0
 10
795.99969482421875
 20
2460.0
 10
827.99969482421875
 20
2460.0
 10
827.99969482421875
 20
2460.0
 10
827.99969482421875
 20
2472.0
 10
827.99969482421875
 20
2472.0
 10
851.99969482421875
 20
2472.0
 10
851.99969482421875
 20
2472.0
 10
851.99969482421875
 20
2460.0
 10
851.99969482421875
 20
2460.0
 10
871.99969482421875
 20
2460.0
 10
871.99969482421875
 20
2460.0
 10
871.99969482421875
 20
2554.0
 10
871.99969482421875
 20
2554.0
 10
859.99969482421875
 20
2554.0
 10
859.99969482421875
 20
2554.0
 10
859.99969482421875
 20
2566.0
  0
LWPOLYLINE
  5
4C
100
AcDbEntity
  8
mainlayer
 62
4
370
-1
 48
1.0
  6
BYLAYER
100
AcDbPolyline
 90
48
 70
0
 10
901.99969482421875
 20
2582.0
 10
881.99969482421875
 20
2582.0
 10
881.99969482421875
 20
2582.0
 10
881.99969482421875
 20
2608.0
 10
881.99969482421875
 20
2608.0
 10
893.99969482421875
 20
2608.0
 10
893.99969482421875
 20
2608.0
 10
893.99969482421875
 20
2632.0
 10
893.99969482421875
 20
2632.0
 10
881.99969482421875
 20
2632.0
 10
881.99969482421875
 20
2632.0
 10
881.99969482421875
 20
2658.0
 10
881.99969482421875
 20
2658.0
 10
901.99969482421875
 20
2658.0
 10
901.99969482421875
 20
2658.0
 10
901.99969482421875
 20
2670.0
 10
901.99969482421875
 20
2670.0
 10
925.99969482421875
 20
2670.0
 10
925.99969482421875
 20
2670.0
 10
925.99969482421875
 20
2658.0
 10
925.99969482421875
 20
2658.0
 10
957.99969482421875
 20
2658.0
 10
957.99969482421875
 20
2658.0
 10
957.99969482421875
 20
2670.0
 10
957.99969482421875
 20
2670.0
 10
981.999755859375
 20
2670.0
 10
981.999755859375
 20
2670.0
 10
981.999755859375
 20
2658.0
 10
981.999755859375
 20
2658.0
 10
1001.99969482421875
 20
2658.0
 10
1001.99969482421875
 20
2658.0
 10
1001.99969482421875
 20
2582.0
 10
1001.99969482421875
 20
2582.0
 10
981.999755859375
 20
2582.0
 10
981.999755859375
 20
2582.0
 10
981.999755859375
 20
2570.0
 10
981.999755859375
 20
2570.0
 10
957.99969482421875
 20
2570.0
 10
957.99969482421875
 20
2570.0
 10
957.99969482421875
 20
2582.0
 10
957.99969482421875
 20
2582.0
 10
925.99969482421875
 20
2582.0
 10
925.99969482421875
 20
2582.0
 10
925.99969482421875
 20
2570.0
 10
925.99969482421875
 20
2570.0
 10
901.99969482421875
 20
2570.0
 10
901.99969482421875
 20
2570.0
 10
901.99969482421875
 20
2582.0
  0
LWPOLYLINE
  5
4D
100
AcDbEntity
  8
mainlayer
 62
4
370
-1
 48
1.0
  6
BYLAYER
100
AcDbPolyline
 90
56
 70
0
 10
729.99969482421875
 20
2566.0
 10
741.99969482421875
 20
2566.0
 10
741.99969482421875
 20
2566.0
 10
741.99969482421875
 20
2660.0
 10
741.99969482421875
 20
2660.0
 10
721.99969482421875
 20
2660.0
 10
721.99969482421875
 20
2660.0
 10
721.99969482421875
 20
2648.0
 10
721.99969482421875
 20
2648.0
 10
697.99969482421875
 20
2648.0
 10
697.99969482421875
 20
2648.0
 10
697.99969482421875
 20
2660.0
 10
697.99969482421875
 20
2660.0
 10
665.99969482421875
 20
2660.0
 10
665.99969482421875
 20
2660.0
 10
665.99969482421875
 20
2648.0
 10
665.99969482421875
 20
2648.0
 10
641.99969482421875
 20
2648.0
 10
641.99969482421875
 20
2648.0
 10
641.99969482421875
 20
2660.0
 10
641.99969482421875
 20
2660.0
 10
621.99969482421875
 20
2660.0
 10
621.99969482421875
 20
2660.0
 10
621.99969482421875
 20
2572.0
 10
621.99969482421875
 20
2572.0
 10
633.99969482421875
 20
2572.0
 10
633.99969482421875
 20
2572.0
 10
633.99969482421875
 20
2548.0
 10
633.99969482421875
 20
2548.0
 10
621.99969482421875
 20
2548.0
 10
621.99969482421875
 20
2548.0
 10
621.99969482421875
 20
2460.0
 10
621.99969482421875
 20
2460.0
 10
641.99969482421875
 20
2460.0
 10
641.99969482421875
 20
2460.0
 10
641.99969482421875
 20
2472.0
 10
641.99969482421875
 20
2472.0
 10
665.99969482421875
 20
2472.0
 10
665.99969482421875
 20
2472.0
 10
665.99969482421875
 20
2460.0
 10
665.99969482421875
 20
2460.0
 10
697.99969482421875
 20
2460.0
 10
697.99969482421875
 20
2460.0
 10
697.99969482421875
 20
2472.0
 10
697.99969482421875
 20
2472.0
 10
721.99969482421875
 20
2472.0
 10
721.99969482421875
 20
2472.0
 10
721.99969482421875
 20
2460.0
 10
721.99969482421875
 20
2460.0
 10
741.99969482421875
 20
2460.0
 10
741.99969482421875
 20
2460.0
 10
741.99969482421875
 20
2554.0
 10
741.99969482421875
 20
2554.0
 10
729.99969482421875
 20
2554.0
 10
729.99969482421875
 20
2554.0
 10
729.99969482421875
 20
2566.0
  0
LWPOLYLINE
  5
4E
100
AcDbEntity
  8
mainlayer
 62
4
370
-1
 48
1.0
  6
BYLAYER
100
AcDbPolyline
 90
24
 70
0
 10
420.99957275390625
 20
2484.0
 10
420.99957275390625
 20
2580.0
 10
420.99957275390625
 20
2580.0
 10
446.99957275390625
 20
2580.0
 10
446.99957275390625
 20
2580.0
 10
446.99957275390625
 20
2592.0
 10
446.99957275390625
 20
2592.0
 10
470.99969482421875
 20
2592.0
 10
470.99969482421875
 20
2592.0
 10
470.99969482421875
 20
2580.0
 10
470.99969482421875
 20
2580.0
 10
496.99969482421875
 20
2580.0
 10
496.99969482421875
 20
2580.0
 10
496.99969482421875
 20
2484.0
 10
496.99969482421875
 20
2484.0
 10
508.99969482421875
 20
2484.0
 10
508.99969482421875
 20
2484.0
 10
508.99969482421875
 20
2472.0
 10
508.99969482421875
 20
2472.0
 10
408.99957275390625
 20
2472.0
 10
408.99957275390625
 20
2472.0
 10
408.99957275390625
 20
2484.0
 10
408.99957275390625
 20
2484.0
 10
420.99957275390625
 20
2484.0
  0
LWPOLYLINE
  5
4F
100
AcDbEntity
  8
mainlayer
 62
4
370
-1
 48
1.0
  6
BYLAYER
100
AcDbPolyline
 90
40
 70
0
 10
573.99969482421875
 20
2648.0
 10
573.99969482421875
 20
2660.0
 10
573.99969482421875
 20
2660.0
 10
549.99969482421875
 20
2660.0
 10
549.99969482421875
 20
2660.0
 10
549.99969482421875
 20
2648.0
 10
549.99969482421875
 20
2648.0
 10
523.99969482421875
 20
2648.0
 10
523.99969482421875
 20
2648.0
 10
523.99969482421875
 20
2572.0
 10
523.99969482421875
 20
2572.0
 10
511.99969482421875
 20
2572.0
 10
511.99969482421875
 20
2572.0
 10
511.99969482421875
 20
2548.0
 10
511.99969482421875
 20
2548.0
 10
523.99969482421875
 20
2548.0
 10
523.99969482421875
 20
2548.0
 10
523.99969482421875
 20
2472.0
 10
523.99969482421875
 20
2472.0
 10
549.99969482421875
 20
2472.0
 10
549.99969482421875
 20
2472.0
 10
549.99969482421875
 20
2460.0
 10
549.99969482421875
 20
2460.0
 10
573.99969482421875
 20
2460.0
 10
573.99969482421875
 20
2460.0
 10
573.99969482421875
 20
2472.0
 10
573.99969482421875
 20
2472.0
 10
599.99969482421875
 20
2472.0
 10
599.99969482421875
 20
2472.0
 10
599.99969482421875
 20
2548.0
 10
599.99969482421875
 20
2548.0
 10
611.99969482421875
 20
2548.0
 10
611.99969482421875
 20
2548.0
 10
611.99969482421875
 20
2572.0
 10
611.99969482421875
 20
2572.0
 10
599.99969482421875
 20
2572.0
 10
599.99969482421875
 20
2572.0
 10
599.99969482421875
 20
2648.0
 10
599.99969482421875
 20
2648.0
 10
573.99969482421875
 20
2648.0
  0
LWPOLYLINE
  5
50
100
AcDbEntity
  8
mainlayer
 62
4
370
-1
 48
1.0
  6
BYLAYER
100
AcDbPolyline
 90
8
 70
0
 10
549.99969482421875
 20
2566.0
 10
549.99969482421875
 20
2554.0
 10
549.99969482421875
 20
2554.0
 10
573.99969482421875
 20
2554.0
 10
573.99969482421875
 20
2554.0
 10
573.99969482421875
 20
2566.0
 10
573.99969482421875
 20
2566.0
 10
549.99969482421875
 20
2566.0
  0
LWPOLYLINE
  5
51
100
AcDbEntity
  8
mainlayer
 62
4
370
-1
 48
1.0
  6
BYLAYER
100
AcDbPolyline
 90
48
 70
0
 10
1500.0
 20
2252.0
 10
1480.0
 20
2252.0
 10
1480.0
 20
2252.0
 10
1480.0
 20
2278.0
 10
1480.0
 20
2278.0
 10
1492.0
 20
2278.0
 10
1492.0
 20
2278.0
 10
1492.0
 20
2302.0
 10
1492.0
 20
2302.0
 10
1480.0
 20
2302.0
 10
1480.0
 20
2302.0
 10
1480.0
 20
2328.0
 10
1480.0
 20
2328.0
 10
1500.0
 20
2328.0
 10
1500.0
 20
2328.0
 10
1500.0
 20
2340.0
 10
1500.0
 20
2340.0
 10
1524.0
 20
2340.0
 10
1524.0
 20
2340.0
 10
1524.0
 20
2328.0
 10
1524.0
 20
2328.0
 10
1556.0
 20
2328.0
 10
1556.0
 20
2328.0
 10
1556.0
 20
2340.0
 10
1556.0
 20
2340.0
 10
1580.0
 20
2340.0
 10
1580.0
 20
2340.0
 10
1580.0
 20
2328.0
 10
1580.0
 20
2328.0
 10
1600.0
 20
2328.0
 10
1600.0
 20
2328.0
 10
1600.0
 20
2252.0
 10
1600.0
 20
2252.0
 10
1580.0
 20
2252.0
 10
1580.0
 20
2252.0
 10
1580.0
 20
2240.0
 10
1580.0
 20
2240.0
 10
1556.0
 20
2240.0
 10
1556.0
 20
2240.0
 10
1556.0
 20
2252.0
 10
1556.0
 20
2252.0
 10
1524.0
 20
2252.0
 10
1524.0
 20
2252.0
 10
1524.0
 20
2240.0
 10
1524.0
 20
2240.0
 10
1500.0
 20
2240.0
 10
1500.0
 20
2240.0
 10
1500.0
 20
2252.0
  0
LWPOLYLINE
  5
52
100
AcDbEntity
  8
mainlayer
 62
4
370
-1
 48
1.0
  6
BYLAYER
100
AcDbPolyline
 90
56
 70
0
 10
1458.0
 20
2346.0
 10
1470.0
 20
2346.0
 10
1470.0
 20
2346.0
 10
1470.0
 20
2440.0
 10
1470.0
 20
2440.0
 10
1450.0
 20
2440.0
 10
1450.0
 20
2440.0
 10
1450.0
 20
2428.0
 10
1450.0
 20
2428.0
 10
1426.0
 20
2428.0
 10
1426.0
 20
2428.0
 10
1426.0
 20
2440.0
 10
1426.0
 20
2440.0
 10
1394.0
 20
2440.0
 10
1394.0
 20
2440.0
 10
1394.0
 20
2428.0
 10
1394.0
 20
2428.0
 10
1370.0
 20
2428.0
 10
1370.0
 20
2428.0
 10
1370.0
 20
2440.0
 10
1370.0
 20
2440.0
 10
1350.0
 20
2440.0
 10
1350.0
 20
2440.0
 10
1350.0
 20
2352.0
 10
1350.0
 20
2352.0
 10
1362.0
 20
2352.0
 10
1362.0
 20
2352.0
 10
1362.0
 20
2328.0
 10
1362.0
 20
2328.0
 10
1350.0
 20
2328.0
 10
1350.0
 20
2328.0
 10
1350.0
 20
2240.0
 10
1350.0
 20
2240.0
 10
1370.0
 20
2240.0
 10
1370.0
 20
2240.0
 10
1370.0
 20
2252.0
 10
1370.0
 20
2252.0
 10
1394.0
 20
2252.0
 10
1394.0
 20
2252.0
 10
1394.0
 20
2240.0
 10
1394.0
 20
2240.0
 10
1426.0
 20
2240.0
 10
1426.0
 20
2240.0
 10
1426.0
 20
2252.0
 10
1426.0
 20
2252.0
 10
1450.0
 20
2252.0
 10
1450.0
 20
2252.0
 10
1450.0
 20
2240.0
 10
1450.0
 20
2240.0
 10
1470.0
 20
2240.0
 10
1470.0
 20
2240.0
 10
1470.0
 20
2334.0
 10
1470.0
 20
2334.0
 10
1458.0
 20
2334.0
 10
1458.0
 20
2334.0
 10
1458.0
 20
2346.0
  0
LWPOLYLINE
  5
53
100
AcDbEntity
  8
mainlayer
 62
4
370
-1
 48
1.0
  6
BYLAYER
100
AcDbPolyline
 90
48
 70
0
 10
1500.0
 20
2362.0
 10
1480.0
 20
2362.0
 10
1480.0
 20
2362.0
 10
1480.0
 20
2388.0
 10
1480.0
 20
2388.0
 10
1492.0
 20
2388.0
 10
1492.0
 20
2388.0
 10
1492.0
 20
2412.0
 10
1492.0
 20
2412.0
 10
1480.0
 20
2412.0
 10
1480.0
 20
2412.0
 10
1480.0
 20
2438.0
 10
1480.0
 20
2438.0
 10
1500.0
 20
2438.0
 10
1500.0
 20
2438.0
 10
1500.0
 20
2450.0
 10
1500.0
 20
2450.0
 10
1524.0
 20
2450.0
 10
1524.0
 20
2450.0
 10
1524.0
 20
2438.0
 10
1524.0
 20
2438.0
 10
1556.0
 20
2438.0
 10
1556.0
 20
2438.0
 10
1556.0
 20
2450.0
 10
1556.0
 20
2450.0
 10
1580.0
 20
2450.0
 10
1580.0
 20
2450.0
 10
1580.0
 20
2438.0
 10
1580.0
 20
2438.0
 10
1600.0
 20
2438.0
 10
1600.0
 20
2438.0
 10
1600.0
 20
2362.0
 10
1600.0
 20
2362.0
 10
1580.0
 20
2362.0
 10
1580.0
 20
2362.0
 10
1580.0
 20
2350.0
 10
1580.0
 20
2350.0
 10
1556.0
 20
2350.0
 10
1556.0
 20
2350.0
 10
1556.0
 20
2362.0
 10
1556.0
 20
2362.0
 10
1524.0
 20
2362.0
 10
1524.0
 20
2362.0
 10
1524.0
 20
2350.0
 10
1524.0
 20
2350.0
 10
1500.0
 20
2350.0
 10
1500.0
 20
2350.0
 10
1500.0
 20
2362.0
  0
LWPOLYLINE
  5
54
100
AcDbEntity
  8
mainlayer
 62
4
370
-1
 48
1.0
  6
BYLAYER
100
AcDbPolyline
 90
56
 70
0
 10
1328.0
 20
2346.0
 10
1340.0
 20
2346.0
 10
1340.0
 20
2346.0
 10
1340.0
 20
2440.0
 10
1340.0
 20
2440.0
 10
1320.0
 20
2440.0
 10
1320.0
 20
2440.0
 10
1320.0
 20
2428.0
 10
1320.0
 20
2428.0
 10
1296.0
 20
2428.0
 10
1296.0
 20
2428.0
 10
1296.0
 20
2440.0
 10
1296.0
 20
2440.0
 10
1264.0
 20
2440.0
 10
1264.0
 20
2440.0
 10
1264.0
 20
2428.0
 10
1264.0
 20
2428.0
 10
1240.0
 20
2428.0
 10
1240.0
 20
2428.0
 10
1240.0
 20
2440.0
 10
1240.0
 20
2440.0
 10
1220.0
 20
2440.0
 10
1220.0
 20
2440.0
 10
1220.0
 20
2352.0
 10
1220.0
 20
2352.0
 10
1232.0
 20
2352.0
 10
1232.0
 20
2352.0
 10
1232.0
 20
2328.0
 10
1232.0
 20
2328.0
 10
1220.0
 20
2328.0
 10
1220.0
 20
2328.0
 10
1220.0
 20
2240.0
 10
1220.0
 20
2240.0
 10
1240.0
 20
2240.0
 10
1240.0
 20
2240.0
 10
1240.0
 20
2252.0
 10
1240.0
 20
2252.0
 10
1264.0
 20
2252.0
 10
1264.0
 20
2252.0
 10
1264.0
 20
2240.0
 10
1264.0
 20
2240.0
 10
1296.0
 20
2240.0
 10
1296.0
 20
2240.0
 10
1296.0
 20
2252.0
 10
1296.0
 20
2252.0
 10
1320.0
 20
2252.0
 10
1320.0
 20
2252.0
 10
1320.0
 20
2240.0
 10
1320.0
 20
2240.0
 10
1340.0
 20
2240.0
 10
1340.0
 20
2240.0
 10
1340.0
 20
2334.0
 10
1340.0
 20
2334.0
 10
1328.0
 20
2334.0
 10
1328.0
 20
2334.0
 10
1328.0
 20
2346.0
  0
LWPOLYLINE
  5
55
100
AcDbEntity
  8
mainlayer
 62
4
370
-1
 48
1.0
  6
BYLAYER
100
AcDbPolyline
 90
24
 70
0
 10
1018.99981689453125
 20
2264.0
 10
1018.99981689453125
 20
2360.0
 10
1018.99981689453125
 20
2360.0
 10
1044.9998779296875
 20
2360.0
 10
1044.9998779296875
 20
2360.0
 10
1044.9998779296875
 20
2372.0
 10
1044.9998779296875
 20
2372.0
 10
1069.0
 20
2372.0
 10
1069.0
 20
2372.0
 10
1069.0
 20
2360.0
 10
1069.0
 20
2360.0
 10
1095.0
 20
2360.0
 10
1095.0
 20
2360.0
 10
1095.0
 20
2264.0
 10
1095.0
 20
2264.0
 10
1107.0
 20
2264.0
 10
1107.0
 20
2264.0
 10
1107.0
 20
2252.0
 10
1107.0
 20
2252.0
 10
1006.99981689453125
 20
2252.0
 10
1006.99981689453125
 20
2252.0
 10
1006.99981689453125
 20
2264.0
 10
1006.99981689453125
 20
2264.0
 10
1018.99981689453125
 20
2264.0
  0
LWPOLYLINE
  5
56
100
AcDbEntity
  8
mainlayer
 62
4
370
-1
 48
1.0
  6
BYLAYER
100
AcDbPolyline
 90
40
 70
0
 10
1172.0
 20
2428.0
 10
1172.0
 20
2440.0
 10
1172.0
 20
2440.0
 10
1148.0
 20
2440.0
 10
1148.0
 20
2440.0
 10
1148.0
 20
2428.0
 10
1148.0
 20
2428.0
 10
1122.0
 20
2428.0
 10
1122.0
 20
2428.0
 10
1122.0
 20
2352.0
 10
1122.0
 20
2352.0
 10
1110.0
 20
2352.0
 10
1110.0
 20
2352.0
 10
1110.0
 20
2328.0
 10
1110.0
 20
2328.0
 10
1122.0
 20
2328.0
 10
1122.0
 20
2328.0
 10
1122.0
 20
2252.0
 10
1122.0
 20
2252.0
 10
1148.0
 20
2252.0
 10
1148.0
 20
2252.0
 10
1148.0
 20
2240.0
 10
1148.0
 20
2240.0
 10
1172.0
 20
2240.0
 10
1172.0
 20
2240.0
 10
1172.0
 20
2252.0
 10
1172.0
 20
2252.0
 10
1198.0
 20
2252.0
 10
1198.0
 20
2252.0
 10
1198.0
 20
2328.0
 10
1198.0
 20
2328.0
 10
1210.0
 20
2328.0
 10
1210.0
 20
2328.0
 10
1210.0
 20
2352.0
 10
1210.0
 20
2352.0
 10
1198.0
 20
2352.0
 10
1198.0
 20
2352.0
 10
1198.0
 20
2428.0
 10
1198.0
 20
2428.0
 10
1172.0
 20
2428.0
  0
LWPOLYLINE
  5
57
100
AcDbEntity
  8
mainlayer
 62
4
370
-1
 48
1.0
  6
BYLAYER
100
AcDbPolyline
 90
8
 70
0
 10
1148.0
 20
2346.0
 10
1148.0
 20
2334.0
 10
1148.0
 20
2334.0
 10
1172.0
 20
2334.0
 10
1172.0
 20
2334.0
 10
1172.0
 20
2346.0
 10
1172.0
 20
2346.0
 10
1148.0
 20
2346.0
  0
LWPOLYLINE
  5
58
100
AcDbEntity
  8
mainlayer
 62
4
370
-1
 48
1.0
  6
BYLAYER
100
AcDbPolyline
 90
48
 70
0
 10
901.99969482421875
 20
2252.0
 10
881.99969482421875
 20
2252.0
 10
881.99969482421875
 20
2252.0
 10
881.99969482421875
 20
2278.0
 10
881.99969482421875
 20
2278.0
 10
893.99969482421875
 20
2278.0
 10
893.99969482421875
 20
2278.0
 10
893.99969482421875
 20
2302.0
 10
893.99969482421875
 20
2302.0
 10
881.99969482421875
 20
2302.0
 10
881.99969482421875
 20
2302.0
 10
881.99969482421875
 20
2328.0
 10
881.99969482421875
 20
2328.0
 10
901.99969482421875
 20
2328.0
 10
901.99969482421875
 20
2328.0
 10
901.99969482421875
 20
2340.0
 10
901.99969482421875
 20
2340.0
 10
925.99969482421875
 20
2340.0
 10
925.99969482421875
 20
2340.0
 10
925.99969482421875
 20
2328.0
 10
925.99969482421875
 20
2328.0
 10
957.99969482421875
 20
2328.0
 10
957.99969482421875
 20
2328.0
 10
957.99969482421875
 20
2340.0
 10
957.99969482421875
 20
2340.0
 10
981.999755859375
 20
2340.0
 10
981.999755859375
 20
2340.0
 10
981.999755859375
 20
2328.0
 10
981.999755859375
 20
2328.0
 10
1001.99969482421875
 20
2328.0
 10
1001.99969482421875
 20
2328.0
 10
1001.99969482421875
 20
2252.0
 10
1001.99969482421875
 20
2252.0
 10
981.999755859375
 20
2252.0
 10
981.999755859375
 20
2252.0
 10
981.999755859375
 20
2240.0
 10
981.999755859375
 20
2240.0
 10
957.99969482421875
 20
2240.0
 10
957.99969482421875
 20
2240.0
 10
957.99969482421875
 20
2252.0
 10
957.99969482421875
 20
2252.0
 10
925.99969482421875
 20
2252.0
 10
925.99969482421875
 20
2252.0
 10
925.99969482421875
 20
2240.0
 10
925.99969482421875
 20
2240.0
 10
901.99969482421875
 20
2240.0
 10
901.99969482421875
 20
2240.0
 10
901.99969482421875
 20
2252.0
  0
LWPOLYLINE
  5
59
100
AcDbEntity
  8
mainlayer
 62
4
370
-1
 48
1.0
  6
BYLAYER
100
AcDbPolyline
 90
56
 70
0
 10
859.99969482421875
 20
2346.0
 10
871.99969482421875
 20
2346.0
 10
871.99969482421875
 20
2346.0
 10
871.99969482421875
 20
2440.0
 10
871.99969482421875
 20
2440.0
 10
851.99969482421875
 20
2440.0
 10
851.99969482421875
 20
2440.0
 10
851.99969482421875
 20
2428.0
 10
851.99969482421875
 20
2428.0
 10
827.99969482421875
 20
2428.0
 10
827.99969482421875
 20
2428.0
 10
827.99969482421875
 20
2440.0
 10
827.99969482421875
 20
2440.0
 10
795.99969482421875
 20
2440.0
 10
795.99969482421875
 20
2440.0
 10
795.99969482421875
 20
2428.0
 10
795.99969482421875
 20
2428.0
 10
771.99969482421875
 20
2428.0
 10
771.99969482421875
 20
2428.0
 10
771.99969482421875
 20
2440.0
 10
771.99969482421875
 20
2440.0
 10
751.99969482421875
 20
2440.0
 10
751.99969482421875
 20
2440.0
 10
751.99969482421875
 20
2352.0
 10
751.99969482421875
 20
2352.0
 10
763.99969482421875
 20
2352.0
 10
763.99969482421875
 20
2352.0
 10
763.99969482421875
 20
2328.0
 10
763.99969482421875
 20
2328.0
 10
751.99969482421875
 20
2328.0
 10
751.99969482421875
 20
2328.0
 10
751.99969482421875
 20
2240.0
 10
751.99969482421875
 20
2240.0
 10
771.99969482421875
 20
2240.0
 10
771.99969482421875
 20
2240.0
 10
771.99969482421875
 20
2252.0
 10
771.99969482421875
 20
2252.0
 10
795.99969482421875
 20
2252.0
 10
795.99969482421875
 20
2252.0
 10
795.99969482421875
 20
2240.0
 10
795.99969482421875
 20
2240.0
 10
827.99969482421875
 20
2240.0
 10
827.99969482421875
 20
2240.0
 10
827.99969482421875
 20
2252.0
 10
827.99969482421875
 20
2252.0
 10
851.99969482421875
 20
2252.0
 10
851.99969482421875
 20
2252.0
 10
851.99969482421875
 20
2240.0
 10
851.99969482421875
 20
2240.0
 10
871.99969482421875
 20
2240.0
 10
871.99969482421875
 20
2240.0
 10
871.99969482421875
 20
2334.0
 10
871.99969482421875
 20
2334.0
 10
859.99969482421875
 20
2334.0
 10
859.99969482421875
 20
2334.0
 10
859.99969482421875
 20
2346.0
  0
LWPOLYLINE
  5
5A
100
AcDbEntity
  8
mainlayer
 62
4
370
-1
 48
1.0
  6
BYLAYER
100
AcDbPolyline
 90
48
 70
0
 10
901.99969482421875
 20
2362.0
 10
881.99969482421875
 20
2362.0
 10
881.99969482421875
 20
2362.0
 10
881.99969482421875
 20
2388.0
 10
881.99969482421875
 20
2388.0
 10
893.99969482421875
 20
2388.0
 10
893.99969482421875
 20
2388.0
 10
893.99969482421875
 20
2412.0
 10
893.99969482421875
 20
2412.0
 10
881.99969482421875
 20
2412.0
 10
881.99969482421875
 20
2412.0
 10
881.99969482421875
 20
2438.0
 10
881.99969482421875
 20
2438.0
 10
901.99969482421875
 20
2438.0
 10
901.99969482421875
 20
2438.0
 10
901.99969482421875
 20
2450.0
 10
901.99969482421875
 20
2450.0
 10
925.99969482421875
 20
2450.0
 10
925.99969482421875
 20
2450.0
 10
925.99969482421875
 20
2438.0
 10
925.99969482421875
 20
2438.0
 10
957.99969482421875
 20
2438.0
 10
957.99969482421875
 20
2438.0
 10
957.99969482421875
 20
2450.0
 10
957.99969482421875
 20
2450.0
 10
981.999755859375
 20
2450.0
 10
981.999755859375
 20
2450.0
 10
981.999755859375
 20
2438.0
 10
981.999755859375
 20
2438.0
 10
1001.99969482421875
 20
2438.0
 10
1001.99969482421875
 20
2438.0
 10
1001.99969482421875
 20
2362.0
 10
1001.99969482421875
 20
2362.0
 10
981.999755859375
 20
2362.0
 10
981.999755859375
 20
2362.0
 10
981.999755859375
 20
2350.0
 10
981.999755859375
 20
2350.0
 10
957.99969482421875
 20
2350.0
 10
957.99969482421875
 20
2350.0
 10
957.99969482421875
 20
2362.0
 10
957.99969482421875
 20
2362.0
 10
925.99969482421875
 20
2362.0
 10
925.99969482421875
 20
2362.0
 10
925.99969482421875
 20
2350.0
 10
925.99969482421875
 20
2350.0
 10
901.99969482421875
 20
2350.0
 10
901.99969482421875
 20
2350.0
 10
901.99969482421875
 20
2362.0
  0
LWPOLYLINE
  5
5B
100
AcDbEntity
  8
mainlayer
 62
4
370
-1
 48
1.0
  6
BYLAYER
100
AcDbPolyline
 90
56
 70
0
 10
729.99969482421875
 20
2346.0
 10
741.99969482421875
 20
2346.0
 10
741.99969482421875
 20
2346.0
 10
741.99969482421875
 20
2440.0
 10
741.99969482421875
 20
2440.0
 10
721.99969482421875
 20
2440.0
 10
721.99969482421875
 20
2440.0
 10
721.99969482421875
 20
2428.0
 10
721.99969482421875
 20
2428.0
 10
697.99969482421875
 20
2428.0
 10
697.99969482421875
 20
2428.0
 10
697.99969482421875
 20
2440.0
 10
697.99969482421875
 20
2440.0
 10
665.99969482421875
 20
2440.0
 10
665.99969482421875
 20
2440.0
 10
665.99969482421875
 20
2428.0
 10
665.99969482421875
 20
2428.0
 10
641.99969482421875
 20
2428.0
 10
641.99969482421875
 20
2428.0
 10
641.99969482421875
 20
2440.0
 10
641.99969482421875
 20
2440.0
 10
621.99969482421875
 20
2440.0
 10
621.99969482421875
 20
2440.0
 10
621.99969482421875
 20
2352.0
 10
621.99969482421875
 20
2352.0
 10
633.99969482421875
 20
2352.0
 10
633.99969482421875
 20
2352.0
 10
633.99969482421875
 20
2328.0
 10
633.99969482421875
 20
2328.0
 10
621.99969482421875
 20
2328.0
 10
621.99969482421875
 20
2328.0
 10
621.99969482421875
 20
2240.0
 10
621.99969482421875
 20
2240.0
 10
641.99969482421875
 20
2240.0
 10
641.99969482421875
 20
2240.0
 10
641.99969482421875
 20
2252.0
 10
641.99969482421875
 20
2252.0
 10
665.99969482421875
 20
2252.0
 10
665.99969482421875
 20
2252.0
 10
665.99969482421875
 20
2240.0
 10
665.99969482421875
 20
2240.0
 10
697.99969482421875
 20
2240.0
 10
697.99969482421875
 20
2240.0
 10
697.99969482421875
 20
2252.0
 10
697.99969482421875
 20
2252.0
 10
721.99969482421875
 20
2252.0
 10
721.99969482421875
 20
2252.0
 10
721.99969482421875
 20
2240.0
 10
721.99969482421875
 20
2240.0
 10
741.99969482421875
 20
2240.0
 10
741.99969482421875
 20
2240.0
 10
741.99969482421875
 20
2334.0
 10
741.99969482421875
 20
2334.0
 10
729.99969482421875
 20
2334.0
 10
729.99969482421875
 20
2334.0
 10
729.99969482421875
 20
2346.0
  0
LWPOLYLINE
  5
5C
100
AcDbEntity
  8
mainlayer
 62
4
370
-1
 48
1.0
  6
BYLAYER
100
AcDbPolyline
 90
24
 70
0
 10
420.99957275390625
 20
2264.0
 10
420.99957275390625
 20
2360.0
 10
420.99957275390625
 20
2360.0
 10
446.99957275390625
 20
2360.0
 10
446.99957275390625
 20
2360.0
 10
446.99957275390625
 20
2372.0
 10
446.99957275390625
 20
2372.0
 10
470.99969482421875
 20
2372.0
 10
470.99969482421875
 20
2372.0
 10
470.99969482421875
 20
2360.0
 10
470.99969482421875
 20
2360.0
 10
496.99969482421875
 20
2360.0
 10
496.99969482421875
 20
2360.0
 10
496.99969482421875
 20
2264.0
 10
496.99969482421875
 20
2264.0
 10
508.99969482421875
 20
2264.0
 10
508.99969482421875
 20
2264.0
 10
508.99969482421875
 20
2252.0
 10
508.99969482421875
 20
2252.0
 10
408.99957275390625
 20
2252.0
 10
408.99957275390625
 20
2252.0
 10
408.99957275390625
 20
2264.0
 10
408.99957275390625
 20
2264.0
 10
420.99957275390625
 20
2264.0
  0
LWPOLYLINE
  5
5D
100
AcDbEntity
  8
mainlayer
 62
4
370
-1
 48
1.0
  6
BYLAYER
100
AcDbPolyline
 90
40
 70
0
 10
573.99969482421875
 20
2428.0
 10
573.99969482421875
 20
2440.0
 10
573.99969482421875
 20
2440.0
 10
549.99969482421875
 20
2440.0
 10
549.99969482421875
 20
2440.0
 10
549.99969482421875
 20
2428.0
 10
549.99969482421875
 20
2428.0
 10
523.99969482421875
 20
2428.0
 10
523.99969482421875
 20
2428.0
 10
523.99969482421875
 20
2352.0
 10
523.99969482421875
 20
2352.0
 10
511.99969482421875
 20
2352.0
 10
511.99969482421875
 20
2352.0
 10
511.99969482421875
 20
2328.0
 10
511.99969482421875
 20
2328.0
 10
523.99969482421875
 20
2328.0
 10
523.99969482421875
 20
2328.0
 10
523.99969482421875
 20
2252.0
 10
523.99969482421875
 20
2252.0
 10
549.99969482421875
 20
2252.0
 10
549.99969482421875
 20
2252.0
 10
549.99969482421875
 20
2240.0
 10
549.99969482421875
 20
2240.0
 10
573.99969482421875
 20
2240.0
 10
573.99969482421875
 20
2240.0
 10
573.99969482421875
 20
2252.0
 10
573.99969482421875
 20
2252.0
 10
599.99969482421875
 20
2252.0
 10
599.99969482421875
 20
2252.0
 10
599.99969482421875
 20
2328.0
 10
599.99969482421875
 20
2328.0
 10
611.99969482421875
 20
2328.0
 10
611.99969482421875
 20
2328.0
 10
611.99969482421875
 20
2352.0
 10
611.99969482421875
 20
2352.0
 10
599.99969482421875
 20
2352.0
 10
599.99969482421875
 20
2352.0
 10
599.99969482421875
 20
2428.0
 10
599.99969482421875
 20
2428.0
 10
573.99969482421875
 20
2428.0
  0
LWPOLYLINE
  5
5E
100
AcDbEntity
  8
mainlayer
 62
4
370
-1
 48
1.0
  6
BYLAYER
100
AcDbPolyline
 90
8
 70
0
 10
549.99969482421875
 20
2346.0
 10
549.99969482421875
 20
2334.0
 10
549.99969482421875
 20
2334.0
 10
573.99969482421875
 20
2334.0
 10
573.99969482421875
 20
2334.0
 10
573.99969482421875
 20
2346.0
 10
573.99969482421875
 20
2346.0
 10
549.99969482421875
 20
2346.0
  0
LWPOLYLINE
  5
5F
100
AcDbEntity
  8
mainlayer
 62
4
370
-1
 48
1.0
  6
BYLAYER
100
AcDbPolyline
 90
48
 70
0
 10
1500.0
 20
2032.0
 10
1480.0
 20
2032.0
 10
1480.0
 20
2032.0
 10
1480.0
 20
2058.0
 10
1480.0
 20
2058.0
 10
1492.0
 20
2058.0
 10
1492.0
 20
2058.0
 10
1492.0
 20
2082.0
 10
1492.0
 20
2082.0
 10
1480.0
 20
2082.0
 10
1480.0
 20
2082.0
 10
1480.0
 20
2108.0
 10
1480.0
 20
2108.0
 10
1500.0
 20
2108.0
 10
1500.0
 20
2108.0
 10
1500.0
 20
2120.0
 10
1500.0
 20
2120.0
 10
1524.0
 20
2120.0
 10
1524.0
 20
2120.0
 10
1524.0
 20
2108.0
 10
1524.0
 20
2108.0
 10
1556.0
 20
2108.0
 10
1556.0
 20
2108.0
 10
1556.0
 20
2120.0
 10
1556.0
 20
2120.0
 10
1580.0
 20
2120.0
 10
1580.0
 20
2120.0
 10
1580.0
 20
2108.0
 10
1580.0
 20
2108.0
 10
1600.0
 20
2108.0
 10
1600.0
 20
2108.0
 10
1600.0
 20
2032.0
 10
1600.0
 20
2032.0
 10
1580.0
 20
2032.0
 10
1580.0
 20
2032.0
 10
1580.0
 20
2020.0
 10
1580.0
 20
2020.0
 10
1556.0
 20
2020.0
 10
1556.0
 20
2020.0
 10
1556.0
 20
2032.0
 10
1556.0
 20
2032.0
 10
1524.0
 20
2032.0
 10
1524.0
 20
2032.0
 10
1524.0
 20
2020.0
 10
1524.0
 20
2020.0
 10
1500.0
 20
2020.0
 10
1500.0
 20
2020.0
 10
1500.0
 20
2032.0
  0
LWPOLYLINE
  5
60
100
AcDbEntity
  8
mainlayer
 62
4
370
-1
 48
1.0
  6
BYLAYER
100
AcDbPolyline
 90
56
 70
0
 10
1458.0
 20
2126.0
 10
1470.0
 20
2126.0
 10
1470.0
 20
2126.0
 10
1470.0
 20
2220.0
 10
1470.0
 20
2220.0
 10
1450.0
 20
2220.0
 10
1450.0
 20
2220.0
 10
1450.0
 20
2208.0
 10
1450.0
 20
2208.0
 10
1426.0
 20
2208.0
 10
1426.0
 20
2208.0
 10
1426.0
 20
2220.0
 10
1426.0
 20
2220.0
 10
1394.0
 20
2220.0
 10
1394.0
 20
2220.0
 10
1394.0
 20
2208.0
 10
1394.0
 20
2208.0
 10
1370.0
 20
2208.0
 10
1370.0
 20
2208.0
 10
1370.0
 20
2220.0
 10
1370.0
 20
2220.0
 10
1350.0
 20
2220.0
 10
1350.0
 20
2220.0
 10
1350.0
 20
2132.0
 10
1350.0
 20
2132.0
 10
1362.0
 20
2132.0
 10
1362.0
 20
2132.0
 10
1362.0
 20
2108.0
 10
1362.0
 20
2108.0
 10
1350.0
 20
2108.0
 10
1350.0
 20
2108.0
 10
1350.0
 20
2020.0
 10
1350.0
 20
2020.0
 10
1370.0
 20
2020.0
 10
1370.0
 20
2020.0
 10
1370.0
 20
2032.0
 10
1370.0
 20
2032.0
 10
1394.0
 20
2032.0
 10
1394.0
 20
2032.0
 10
1394.0
 20
2020.0
 10
1394.0
 20
2020.0
 10
1426.0
 20
2020.0
 10
1426.0
 20
2020.0
 10
1426.0
 20
2032.0
 10
1426.0
 20
2032.0
 10
1450.0
 20
2032.0
 10
1450.0
 20
2032.0
 10
1450.0
 20
2020.0
 10
1450.0
 20
2020.0
 10
1470.0
 20
2020.0
 10
1470.0
 20
2020.0
 10
1470.0
 20
2114.0
 10
1470.0
 20
2114.0
 10
1458.0
 20
2114.0
 10
1458.0
 20
2114.0
 10
1458.0
 20
2126.0
  0
LWPOLYLINE
  5
61
100
AcDbEntity
  8
mainlayer
 62
4
370
-1
 48
1.0
  6
BYLAYER
100
AcDbPolyline
 90
48
 70
0
 10
1500.0
 20
2142.0
 10
1480.0
 20
2142.0
 10
1480.0
 20
2142.0
 10
1480.0
 20
2168.0
 10
1480.0
 20
2168.0
 10
1492.0
 20
2168.0
 10
1492.0
 20
2168.0
 10
1492.0
 20
2192.0
 10
1492.0
 20
2192.0
 10
1480.0
 20
2192.0
 10
1480.0
 20
2192.0
 10
1480.0
 20
2218.0
 10
1480.0
 20
2218.0
 10
1500.0
 20
2218.0
 10
1500.0
 20
2218.0
 10
1500.0
 20
2230.0
 10
1500.0
 20
2230.0
 10
1524.0
 20
2230.0
 10
1524.0
 20
2230.0
 10
1524.0
 20
2218.0
 10
1524.0
 20
2218.0
 10
1556.0
 20
2218.0
 10
1556.0
 20
2218.0
 10
1556.0
 20
2230.0
 10
1556.0
 20
2230.0
 10
1580.0
 20
2230.0
 10
1580.0
 20
2230.0
 10
1580.0
 20
2218.0
 10
1580.0
 20
2218.0
 10
1600.0
 20
2218.0
 10
1600.0
 20
2218.0
 10
1600.0
 20
2142.0
 10
1600.0
 20
2142.0
 10
1580.0
 20
2142.0
 10
1580.0
 20
2142.0
 10
1580.0
 20
2130.0
 10
1580.0
 20
2130.0
 10
1556.0
 20
2130.0
 10
1556.0
 20
2130.0
 10
1556.0
 20
2142.0
 10
1556.0
 20
2142.0
 10
1524.0
 20
2142.0
 10
1524.0
 20
2142.0
 10
1524.0
 20
2130.0
 10
1524.0
 20
2130.0
 10
1500.0
 20
2130.0
 10
1500.0
 20
2130.0
 10
1500.0
 20
2142.0
  0
LWPOLYLINE
  5
62
100
AcDbEntity
  8
mainlayer
 62
4
370
-1
 48
1.0
  6
BYLAYER
100
AcDbPolyline
 90
56
 70
0
 10
1328.0
 20
2126.0
 10
1340.0
 20
2126.0
 10
1340.0
 20
2126.0
 10
1340.0
 20
2220.0
 10
1340.0
 20
2220.0
 10
1320.0
 20
2220.0
 10
1320.0
 20
2220.0
 10
1320.0
 20
2208.0
 10
1320.0
 20
2208.0
 10
1296.0
 20
2208.0
 10
1296.0
 20
2208.0
 10
1296.0
 20
2220.0
 10
1296.0
 20
2220.0
 10
1264.0
 20
2220.0
 10
1264.0
 20
2220.0
 10
1264.0
 20
2208.0
 10
1264.0
 20
2208.0
 10
1240.0
 20
2208.0
 10
1240.0
 20
2208.0
 10
1240.0
 20
2220.0
 10
1240.0
 20
2220.0
 10
1220.0
 20
2220.0
 10
1220.0
 20
2220.0
 10
1220.0
 20
2132.0
 10
1220.0
 20
2132.0
 10
1232.0
 20
2132.0
 10
1232.0
 20
2132.0
 10
1232.0
 20
2108.0
 10
1232.0
 20
2108.0
 10
1220.0
 20
2108.0
 10
1220.0
 20
2108.0
 10
1220.0
 20
2020.0
 10
1220.0
 20
2020.0
 10
1240.0
 20
2020.0
 10
1240.0
 20
2020.0
 10
1240.0
 20
2032.0
 10
1240.0
 20
2032.0
 10
1264.0
 20
2032.0
 10
1264.0
 20
2032.0
 10
1264.0
 20
2020.0
 10
1264.0
 20
2020.0
 10
1296.0
 20
2020.0
 10
1296.0
 20
2020.0
 10
1296.0
 20
2032.0
 10
1296.0
 20
2032.0
 10
1320.0
 20
2032.0
 10
1320.0
 20
2032.0
 10
1320.0
 20
2020.0
 10
1320.0
 20
2020.0
 10
1340.0
 20
2020.0
 10
1340.0
 20
2020.0
 10
1340.0
 20
2114.0
 10
1340.0
 20
2114.0
 10
1328.0
 20
2114.0
 10
1328.0
 20
2114.0
 10
1328.0
 20
2126.0
  0
LWPOLYLINE
  5
63
100
AcDbEntity
  8
mainlayer
 62
4
370
-1
 48
1.0
  6
BYLAYER
100
AcDbPolyline
 90
24
 70
0
 10
1018.99981689453125
 20
2044.0
 10
1018.99981689453125
 20
2140.0
 10
1018.99981689453125
 20
2140.0
 10
1044.9998779296875
 20
2140.0
 10
1044.9998779296875
 20
2140.0
 10
1044.9998779296875
 20
2152.0
 10
1044.9998779296875
 20
2152.0
 10
1069.0
 20
2152.0
 10
1069.0
 20
2152.0
 10
1069.0
 20
2140.0
 10
1069.0
 20
2140.0
 10
1095.0
 20
2140.0
 10
1095.0
 20
2140.0
 10
1095.0
 20
2044.0
 10
1095.0
 20
2044.0
 10
1107.0
 20
2044.0
 10
1107.0
 20
2044.0
 10
1107.0
 20
2032.0
 10
1107.0
 20
2032.0
 10
1006.99981689453125
 20
2032.0
 10
1006.99981689453125
 20
2032.0
 10
1006.99981689453125
 20
2044.0
 10
1006.99981689453125
 20
2044.0
 10
1018.99981689453125
 20
2044.0
  0
LWPOLYLINE
  5
64
100
AcDbEntity
  8
mainlayer
 62
4
370
-1
 48
1.0
  6
BYLAYER
100
AcDbPolyline
 90
40
 70
0
 10
1172.0
 20
2208.0
 10
1172.0
 20
2220.0
 10
1172.0
 20
2220.0
 10
1148.0
 20
2220.0
 10
1148.0
 20
2220.0
 10
1148.0
 20
2208.0
 10
1148.0
 20
2208.0
 10
1122.0
 20
2208.0
 10
1122.0
 20
2208.0
 10
1122.0
 20
2132.0
 10
1122.0
 20
2132.0
 10
1110.0
 20
2132.0
 10
1110.0
 20
2132.0
 10
1110.0
 20
2108.0
 10
1110.0
 20
2108.0
 10
1122.0
 20
2108.0
 10
1122.0
 20
2108.0
 10
1122.0
 20
2032.0
 10
1122.0
 20
2032.0
 10
1148.0
 20
2032.0
 10
1148.0
 20
2032.0
 10
1148.0
 20
2020.0
 10
1148.0
 20
2020.0
 10
1172.0
 20
2020.0
 10
1172.0
 20
2020.0
 10
1172.0
 20
2032.0
 10
1172.0
 20
2032.0
 10
1198.0
 20
2032.0
 10
1198.0
 20
2032.0
 10
1198.0
 20
2108.0
 10
1198.0
 20
2108.0
 10
1210.0
 20
2108.0
 10
1210.0
 20
2108.0
 10
1210.0
 20
2132.0
 10
1210.0
 20
2132.0
 10
1198.0
 20
2132.0
 10
1198.0
 20
2132.0
 10
1198.0
 20
2208.0
 10
1198.0
 20
2208.0
 10
1172.0
 20
2208.0
  0
LWPOLYLINE
  5
65
100
AcDbEntity
  8
mainlayer
 62
4
370
-1
 48
1.0
  6
BYLAYER
100
AcDbPolyline
 90
8
 70
0
 10
1148.0
 20
2126.0
 10
1148.0
 20
2114.0
 10
1148.0
 20
2114.0
 10
1172.0
 20
2114.0
 10
1172.0
 20
2114.0
 10
1172.0
 20
2126.0
 10
1172.0
 20
2126.0
 10
1148.0
 20
2126.0
  0
LWPOLYLINE
  5
66
100
AcDbEntity
  8
mainlayer
 62
4
370
-1
 48
1.0
  6
BYLAYER
100
AcDbPolyline
 90
48
 70
0
 10
901.99969482421875
 20
2032.0
 10
881.99969482421875
 20
2032.0
 10
881.99969482421875
 20
2032.0
 10
881.99969482421875
 20
2058.0
 10
881.99969482421875
 20
2058.0
 10
893.99969482421875
 20
2058.0
 10
893.99969482421875
 20
2058.0
 10
893.99969482421875
 20
2082.0
 10
893.99969482421875
 20
2082.0
 10
881.99969482421875
 20
2082.0
 10
881.99969482421875
 20
2082.0
 10
881.99969482421875
 20
2108.0
 10
881.99969482421875
 20
2108.0
 10
901.99969482421875
 20
2108.0
 10
901.99969482421875
 20
2108.0
 10
901.99969482421875
 20
2120.0
 10
901.99969482421875
 20
2120.0
 10
925.99969482421875
 20
2120.0
 10
925.99969482421875
 20
2120.0
 10
925.99969482421875
 20
2108.0
 10
925.99969482421875
 20
2108.0
 10
957.99969482421875
 20
2108.0
 10
957.99969482421875
 20
2108.0
 10
957.99969482421875
 20
2120.0
 10
957.99969482421875
 20
2120.0
 10
981.999755859375
 20
2120.0
 10
981.999755859375
 20
2120.0
 10
981.999755859375
 20
2108.0
 10
981.999755859375
 20
2108.0
 10
1001.99969482421875
 20
2108.0
 10
1001.99969482421875
 20
2108.0
 10
1001.99969482421875
 20
2032.0
 10
1001.99969482421875
 20
2032.0
 10
981.999755859375
 20
2032.0
 10
981.999755859375
 20
2032.0
 10
981.999755859375
 20
2020.0
 10
981.999755859375
 20
2020.0
 10
957.99969482421875
 20
2020.0
 10
957.99969482421875
 20
2020.0
 10
957.99969482421875
 20
2032.0
 10
957.99969482421875
 20
2032.0
 10
925.99969482421875
 20
2032.0
 10
925.99969482421875
 20
2032.0
 10
925.99969482421875
 20
2020.0
 10
925.99969482421875
 20
2020.0
 10
901.99969482421875
 20
2020.0
 10
901.99969482421875
 20
2020.0
 10
901.99969482421875
 20
2032.0
  0
LWPOLYLINE
  5
67
100
AcDbEntity
  8
mainlayer
 62
4
370
-1
 48
1.0
  6
BYLAYER
100
AcDbPolyline
 90
56
 70
0
 10
859.99969482421875
 20
2126.0
 10
871.99969482421875
 20
2126.0
 10
871.99969482421875
 20
2126.0
 10
871.99969482421875
 20
2220.0
 10
871.99969482421875
 20
2220.0
 10
851.99969482421875
 20
2220.0
 10
851.99969482421875
 20
2220.0
 10
851.99969482421875
 20
2208.0
 10
851.99969482421875
 20
2208.0
 10
827.99969482421875
 20
2208.0
 10
827.99969482421875
 20
2208.0
 10
827.99969482421875
 20
2220.0
 10
827.99969482421875
 20
2220.0
 10
795.99969482421875
 20
2220.0
 10
795.99969482421875
 20
2220.0
 10
795.99969482421875
 20
2208.0
 10
795.99969482421875
 20
2208.0
 10
771.99969482421875
 20
2208.0
 10
771.99969482421875
 20
2208.0
 10
771.99969482421875
 20
2220.0
 10
771.99969482421875
 20
2220.0
 10
751.99969482421875
 20
2220.0
 10
751.99969482421875
 20
2220.0
 10
751.99969482421875
 20
2132.0
 10
751.99969482421875
 20
2132.0
 10
763.99969482421875
 20
2132.0
 10
763.99969482421875
 20
2132.0
 10
763.99969482421875
 20
2108.0
 10
763.99969482421875
 20
2108.0
 10
751.99969482421875
 20
2108.0
 10
751.99969482421875
 20
2108.0
 10
751.99969482421875
 20
2020.0
 10
751.99969482421875
 20
2020.0
 10
771.99969482421875
 20
2020.0
 10
771.99969482421875
 20
2020.0
 10
771.99969482421875
 20
2032.0
 10
771.99969482421875
 20
2032.0
 10
795.99969482421875
 20
2032.0
 10
795.99969482421875
 20
2032.0
 10
795.99969482421875
 20
2020.0
 10
795.99969482421875
 20
2020.0
 10
827.99969482421875
 20
2020.0
 10
827.99969482421875
 20
2020.0
 10
827.99969482421875
 20
2032.0
 10
827.99969482421875
 20
2032.0
 10
851.99969482421875
 20
2032.0
 10
851.99969482421875
 20
2032.0
 10
851.99969482421875
 20
2020.0
 10
851.99969482421875
 20
2020.0
 10
871.99969482421875
 20
2020.0
 10
871.99969482421875
 20
2020.0
 10
871.99969482421875
 20
2114.0
 10
871.99969482421875
 20
2114.0
 10
859.99969482421875
 20
2114.0
 10
859.99969482421875
 20
2114.0
 10
859.99969482421875
 20
2126.0
  0
LWPOLYLINE
  5
68
100
AcDbEntity
  8
mainlayer
 62
4
370
-1
 48
1.0
  6
BYLAYER
100
AcDbPolyline
 90
48
 70
0
 10
901.99969482421875
 20
2142.0
 10
881.99969482421875
 20
2142.0
 10
881.99969482421875
 20
2142.0
 10
881.99969482421875
 20
2168.0
 10
881.99969482421875
 20
2168.0
 10
893.99969482421875
 20
2168.0
 10
893.99969482421875
 20
2168.0
 10
893.99969482421875
 20
2192.0
 10
893.99969482421875
 20
2192.0
 10
881.99969482421875
 20
2192.0
 10
881.99969482421875
 20
2192.0
 10
881.99969482421875
 20
2218.0
 10
881.99969482421875
 20
2218.0
 10
901.99969482421875
 20
2218.0
 10
901.99969482421875
 20
2218.0
 10
901.99969482421875
 20
2230.0
 10
901.99969482421875
 20
2230.0
 10
925.99969482421875
 20
2230.0
 10
925.99969482421875
 20
2230.0
 10
925.99969482421875
 20
2218.0
 10
925.99969482421875
 20
2218.0
 10
957.99969482421875
 20
2218.0
 10
957.99969482421875
 20
2218.0
 10
957.99969482421875
 20
2230.0
 10
957.99969482421875
 20
2230.0
 10
981.999755859375
 20
2230.0
 10
981.999755859375
 20
2230.0
 10
981.999755859375
 20
2218.0
 10
981.999755859375
 20
2218.0
 10
1001.99969482421875
 20
2218.0
 10
1001.99969482421875
 20
2218.0
 10
1001.99969482421875
 20
2142.0
 10
1001.99969482421875
 20
2142.0
 10
981.999755859375
 20
2142.0
 10
981.999755859375
 20
2142.0
 10
981.999755859375
 20
2130.0
 10
981.999755859375
 20
2130.0
 10
957.99969482421875
 20
2130.0
 10
957.99969482421875
 20
2130.0
 10
957.99969482421875
 20
2142.0
 10
957.99969482421875
 20
2142.0
 10
925.99969482421875
 20
2142.0
 10
925.99969482421875
 20
2142.0
 10
925.99969482421875
 20
2130.0
 10
925.99969482421875
 20
2130.0
 10
901.99969482421875
 20
2130.0
 10
901.99969482421875
 20
2130.0
 10
901.99969482421875
 20
2142.0
  0
LWPOLYLINE
  5
69
100
AcDbEntity
  8
mainlayer
 62
4
370
-1
 48
1.0
  6
BYLAYER
100
AcDbPolyline
 90
56
 70
0
 10
729.99969482421875
 20
2126.0
 10
741.99969482421875
 20
2126.0
 10
741.99969482421875
 20
2126.0
 10
741.99969482421875
 20
2220.0
 10
741.99969482421875
 20
2220.0
 10
721.99969482421875
 20
2220.0
 10
721.99969482421875
 20
2220.0
 10
721.99969482421875
 20
2208.0
 10
721.99969482421875
 20
2208.0
 10
697.99969482421875
 20
2208.0
 10
697.99969482421875
 20
2208.0
 10
697.99969482421875
 20
2220.0
 10
697.99969482421875
 20
2220.0
 10
665.99969482421875
 20
2220.0
 10
665.99969482421875
 20
2220.0
 10
665.99969482421875
 20
2208.0
 10
665.99969482421875
 20
2208.0
 10
641.99969482421875
 20
2208.0
 10
641.99969482421875
 20
2208.0
 10
641.99969482421875
 20
2220.0
 10
641.99969482421875
 20
2220.0
 10
621.99969482421875
 20
2220.0
 10
621.99969482421875
 20
2220.0
 10
621.99969482421875
 20
2132.0
 10
621.99969482421875
 20
2132.0
 10
633.99969482421875
 20
2132.0
 10
633.99969482421875
 20
2132.0
 10
633.99969482421875
 20
2108.0
 10
633.99969482421875
 20
2108.0
 10
621.99969482421875
 20
2108.0
 10
621.99969482421875
 20
2108.0
 10
621.99969482421875
 20
2020.0
 10
621.99969482421875
 20
2020.0
 10
641.99969482421875
 20
2020.0
 10
641.99969482421875
 20
2020.0
 10
641.99969482421875
 20
2032.0
 10
641.99969482421875
 20
2032.0
 10
665.99969482421875
 20
2032.0
 10
665.99969482421875
 20
2032.0
 10
665.99969482421875
 20
2020.0
 10
665.99969482421875
 20
2020.0
 10
697.99969482421875
 20
2020.0
 10
697.99969482421875
 20
2020.0
 10
697.99969482421875
 20
2032.0
 10
697.99969482421875
 20
2032.0
 10
721.99969482421875
 20
2032.0
 10
721.99969482421875
 20
2032.0
 10
721.99969482421875
 20
2020.0
 10
721.99969482421875
 20
2020.0
 10
741.99969482421875
 20
2020.0
 10
741.99969482421875
 20
2020.0
 10
741.99969482421875
 20
2114.0
 10
741.99969482421875
 20
2114.0
 10
729.99969482421875
 20
2114.0
 10
729.99969482421875
 20
2114.0
 10
729.99969482421875
 20
2126.0
  0
LWPOLYLINE
  5
6A
100
AcDbEntity
  8
mainlayer
 62
4
370
-1
 48
1.0
  6
BYLAYER
100
AcDbPolyline
 90
24
 70
0
 10
420.99957275390625
 20
2044.0
 10
420.99957275390625
 20
2140.0
 10
420.99957275390625
 20
2140.0
 10
446.99957275390625
 20
2140.0
 10
446.99957275390625
 20
2140.0
 10
446.99957275390625
 20
2152.0
 10
446.99957275390625
 20
2152.0
 10
470.99969482421875
 20
2152.0
 10
470.99969482421875
 20
2152.0
 10
470.99969482421875
 20
2140.0
 10
470.99969482421875
 20
2140.0
 10
496.99969482421875
 20
2140.0
 10
496.99969482421875
 20
2140.0
 10
496.99969482421875
 20
2044.0
 10
496.99969482421875
 20
2044.0
 10
508.99969482421875
 20
2044.0
 10
508.99969482421875
 20
2044.0
 10
508.99969482421875
 20
2032.0
 10
508.99969482421875
 20
2032.0
 10
408.99957275390625
 20
2032.0
 10
408.99957275390625
 20
2032.0
 10
408.99957275390625
 20
2044.0
 10
408.99957275390625
 20
2044.0
 10
420.99957275390625
 20
2044.0
  0
LWPOLYLINE
  5
6B
100
AcDbEntity
  8
mainlayer
 62
4
370
-1
 48
1.0
  6
BYLAYER
100
AcDbPolyline
 90
40
 70
0
 10
573.99969482421875
 20
2208.0
 10
573.99969482421875
 20
2220.0
 10
573.99969482421875
 20
2220.0
 10
549.99969482421875
 20
2220.0
 10
549.99969482421875
 20
2220.0
 10
549.99969482421875
 20
2208.0
 10
549.99969482421875
 20
2208.0
 10
523.99969482421875
 20
2208.0
 10
523.99969482421875
 20
2208.0
 10
523.99969482421875
 20
2132.0
 10
523.99969482421875
 20
2132.0
 10
511.99969482421875
 20
2132.0
 10
511.99969482421875
 20
2132.0
 10
511.99969482421875
 20
2108.0
 10
511.99969482421875
 20
2108.0
 10
523.99969482421875
 20
2108.0
 10
523.99969482421875
 20
2108.0
 10
523.99969482421875
 20
2032.0
 10
523.99969482421875
 20
2032.0
 10
549.99969482421875
 20
2032.0
 10
549.99969482421875
 20
2032.0
 10
549.99969482421875
 20
2020.0
 10
549.99969482421875
 20
2020.0
 10
573.99969482421875
 20
2020.0
 10
573.99969482421875
 20
2020.0
 10
573.99969482421875
 20
2032.0
 10
573.99969482421875
 20
2032.0
 10
599.99969482421875
 20
2032.0
 10
599.99969482421875
 20
2032.0
 10
599.99969482421875
 20
2108.0
 10
599.99969482421875
 20
2108.0
 10
611.99969482421875
 20
2108.0
 10
611.99969482421875
 20
2108.0
 10
611.99969482421875
 20
2132.0
 10
611.99969482421875
 20
2132.0
 10
599.99969482421875
 20
2132.0
 10
599.99969482421875
 20
2132.0
 10
599.99969482421875
 20
2208.0
 10
599.99969482421875
 20
2208.0
 10
573.99969482421875
 20
2208.0
  0
LWPOLYLINE
  5
6C
100
AcDbEntity
  8
mainlayer
 62
4
370
-1
 48
1.0
  6
BYLAYER
100
AcDbPolyline
 90
8
 70
0
 10
549.99969482421875
 20
2126.0
 10
549.99969482421875
 20
2114.0
 10
549.99969482421875
 20
2114.0
 10
573.99969482421875
 20
2114.0
 10
573.99969482421875
 20
2114.0
 10
573.99969482421875
 20
2126.0
 10
573.99969482421875
 20
2126.0
 10
549.99969482421875
 20
2126.0
  0
LWPOLYLINE
  5
6D
100
AcDbEntity
  8
mainlayer
 62
4
370
-1
 48
1.0
  6
BYLAYER
100
AcDbPolyline
 90
48
 70
0
 10
1500.0
 20
1812.0
 10
1480.0
 20
1812.0
 10
1480.0
 20
1812.0
 10
1480.0
 20
1838.0
 10
1480.0
 20
1838.0
 10
1492.0
 20
1838.0
 10
1492.0
 20
1838.0
 10
1492.0
 20
1862.0
 10
1492.0
 20
1862.0
 10
1480.0
 20
1862.0
 10
1480.0
 20
1862.0
 10
1480.0
 20
1888.0
 10
1480.0
 20
1888.0
 10
1500.0
 20
1888.0
 10
1500.0
 20
1888.0
 10
1500.0
 20
1900.0
 10
1500.0
 20
1900.0
 10
1524.0
 20
1900.0
 10
1524.0
 20
1900.0
 10
1524.0
 20
1888.0
 10
1524.0
 20
1888.0
 10
1556.0
 20
1888.0
 10
1556.0
 20
1888.0
 10
1556.0
 20
1900.0
 10
1556.0
 20
1900.0
 10
1580.0
 20
1900.0
 10
1580.0
 20
1900.0
 10
1580.0
 20
1888.0
 10
1580.0
 20
1888.0
 10
1600.0
 20
1888.0
 10
1600.0
 20
1888.0
 10
1600.0
 20
1812.0
 10
1600.0
 20
1812.0
 10
1580.0
 20
1812.0
 10
1580.0
 20
1812.0
 10
1580.0
 20
1800.0
 10
1580.0
 20
1800.0
 10
1556.0
 20
1800.0
 10
1556.0
 20
1800.0
 10
1556.0
 20
1812.0
 10
1556.0
 20
1812.0
 10
1524.0
 20
1812.0
 10
1524.0
 20
1812.0
 10
1524.0
 20
1800.0
 10
1524.0
 20
1800.0
 10
1500.0
 20
1800.0
 10
1500.0
 20
1800.0
 10
1500.0
 20
1812.0
  0
LWPOLYLINE
  5
6E
100
AcDbEntity
  8
mainlayer
 62
4
370
-1
 48
1.0
  6
BYLAYER
100
AcDbPolyline
 90
56
 70
0
 10
1458.0
 20
1906.0
 10
1470.0
 20
1906.0
 10
1470.0
 20
1906.0
 10
1470.0
 20
2000.0
 10
1470.0
 20
2000.0
 10
1450.0
 20
2000.0
 10
1450.0
 20
2000.0
 10
1450.0
 20
1988.0
 10
1450.0
 20
1988.0
 10
1426.0
 20
1988.0
 10
1426.0
 20
1988.0
 10
1426.0
 20
2000.0
 10
1426.0
 20
2000.0
 10
1394.0
 20
2000.0
 10
1394.0
 20
2000.0
 10
1394.0
 20
1988.0
 10
1394.0
 20
1988.0
 10
1370.0
 20
1988.0
 10
1370.0
 20
1988.0
 10
1370.0
 20
2000.0
 10
1370.0
 20
2000.0
 10
1350.0
 20
2000.0
 10
1350.0
 20
2000.0
 10
1350.0
 20
1912.0
 10
1350.0
 20
1912.0
 10
1362.0
 20
1912.0
 10
1362.0
 20
1912.0
 10
1362.0
 20
1888.0
 10
1362.0
 20
1888.0
 10
1350.0
 20
1888.0
 10
1350.0
 20
1888.0
 10
1350.0
 20
1800.0
 10
1350.0
 20
1800.0
 10
1370.0
 20
1800.0
 10
1370.0
 20
1800.0
 10
1370.0
 20
1812.0
 10
1370.0
 20
1812.0
 10
1394.0
 20
1812.0
 10
1394.0
 20
1812.0
 10
1394.0
 20
1800.0
 10
1394.0
 20
1800.0
 10
1426.0
 20
1800.0
 10
1426.0
 20
1800.0
 10
1426.0
 20
1812.0
 10
1426.0
 20
1812.0
 10
1450.0
 20
1812.0
 10
1450.0
 20
1812.0
 10
1450.0
 20
1800.0
 10
1450.0
 20
1800.0
 10
1470.0
 20
1800.0
 10
1470.0
 20
1800.0
 10
1470.0
 20
1894.0
 10
1470.0
 20
1894.0
 10
1458.0
 20
1894.0
 10
1458.0
 20
1894.0
 10
1458.0
 20
1906.0
  0
LWPOLYLINE
  5
6F
100
AcDbEntity
  8
mainlayer
 62
4
370
-1
 48
1.0
  6
BYLAYER
100
AcDbPolyline
 90
48
 70
0
 10
1500.0
 20
1922.0
 10
1480.0
 20
1922.0
 10
1480.0
 20
1922.0
 10
1480.0
 20
1948.0
 10
1480.0
 20
1948.0
 10
1492.0
 20
1948.0
 10
1492.0
 20
1948.0
 10
1492.0
 20
1972.0
 10
1492.0
 20
1972.0
 10
1480.0
 20
1972.0
 10
1480.0
 20
1972.0
 10
1480.0
 20
1998.0
 10
1480.0
 20
1998.0
 10
1500.0
 20
1998.0
 10
1500.0
 20
1998.0
 10
1500.0
 20
2010.0
 10
1500.0
 20
2010.0
 10
1524.0
 20
2010.0
 10
1524.0
 20
2010.0
 10
1524.0
 20
1998.0
 10
1524.0
 20
1998.0
 10
1556.0
 20
1998.0
 10
1556.0
 20
1998.0
 10
1556.0
 20
2010.0
 10
1556.0
 20
2010.0
 10
1580.0
 20
2010.0
 10
1580.0
 20
2010.0
 10
1580.0
 20
1998.0
 10
1580.0
 20
1998.0
 10
1600.0
 20
1998.0
 10
1600.0
 20
1998.0
 10
1600.0
 20
1922.0
 10
1600.0
 20
1922.0
 10
1580.0
 20
1922.0
 10
1580.0
 20
1922.0
 10
1580.0
 20
1910.0
 10
1580.0
 20
1910.0
 10
1556.0
 20
1910.0
 10
1556.0
 20
1910.0
 10
1556.0
 20
1922.0
 10
1556.0
 20
1922.0
 10
1524.0
 20
1922.0
 10
1524.0
 20
1922.0
 10
1524.0
 20
1910.0
 10
1524.0
 20
1910.0
 10
1500.0
 20
1910.0
 10
1500.0
 20
1910.0
 10
1500.0
 20
1922.0
  0
LWPOLYLINE
  5
70
100
AcDbEntity
  8
mainlayer
 62
4
370
-1
 48
1.0
  6
BYLAYER
100
AcDbPolyline
 90
56
 70
0
 10
1328.0
 20
1906.0
 10
1340.0
 20
1906.0
 10
1340.0
 20
1906.0
 10
1340.0
 20
2000.0
 10
1340.0
 20
2000.0
 10
1320.0
 20
2000.0
 10
1320.0
 20
2000.0
 10
1320.0
 20
1988.0
 10
1320.0
 20
1988.0
 10
1296.0
 20
1988.0
 10
1296.0
 20
1988.0
 10
1296.0
 20
2000.0
 10
1296.0
 20
2000.0
 10
1264.0
 20
2000.0
 10
1264.0
 20
2000.0
 10
1264.0
 20
1988.0
 10
1264.0
 20
1988.0
 10
1240.0
 20
1988.0
 10
1240.0
 20
1988.0
 10
1240.0
 20
2000.0
 10
1240.0
 20
2000.0
 10
1220.0
 20
2000.0
 10
1220.0
 20
2000.0
 10
1220.0
 20
1912.0
 10
1220.0
 20
1912.0
 10
1232.0
 20
1912.0
 10
1232.0
 20
1912.0
 10
1232.0
 20
1888.0
 10
1232.0
 20
1888.0
 10
1220.0
 20
1888.0
 10
1220.0
 20
1888.0
 10
1220.0
 20
1800.0
 10
1220.0
 20
1800.0
 10
1240.0
 20
1800.0
 10
1240.0
 20
1800.0
 10
1240.0
 20
1812.0
 10
1240.0
 20
1812.0
 10
1264.0
 20
1812.0
 10
1264.0
 20
1812.0
 10
1264.0
 20
1800.0
 10
1264.0
 20
1800.0
 10
1296.0
 20
1800.0
 10
1296.0
 20
1800.0
 10
1296.0
 20
1812.0
 10
1296.0
 20
1812.0
 10
1320.0
 20
1812.0
 10
1320.0
 20
1812.0
 10
1320.0
 20
1800.0
 10
1320.0
 20
1800.0
 10
1340.0
 20
1800.0
 10
1340.0
 20
1800.0
 10
1340.0
 20
1894.0
 10
1340.0
 20
1894.0
 10
1328.0
 20
1894.0
 10
1328.0
 20
1894.0
 10
1328.0
 20
1906.0
  0
LWPOLYLINE
  5
71
100
AcDbEntity
  8
mainlayer
 62
4
370
-1
 48
1.0
  6
BYLAYER
100
AcDbPolyline
 90
24
 70
0
 10
1018.99981689453125
 20
1824.0
 10
1018.99981689453125
 20
1920.0
 10
1018.99981689453125
 20
1920.0
 10
1044.9998779296875
 20
1920.0
 10
1044.9998779296875
 20
1920.0
 10
1044.9998779296875
 20
1932.0
 10
1044.9998779296875
 20
1932.0
 10
1069.0
 20
1932.0
 10
1069.0
 20
1932.0
 10
1069.0
 20
1920.0
 10
1069.0
 20
1920.0
 10
1095.0
 20
1920.0
 10
1095.0
 20
1920.0
 10
1095.0
 20
1824.0
 10
1095.0
 20
1824.0
 10
1107.0
 20
1824.0
 10
1107.0
 20
1824.0
 10
1107.0
 20
1812.0
 10
1107.0
 20
1812.0
 10
1006.99981689453125
 20
1812.0
 10
1006.99981689453125
 20
1812.0
 10
1006.99981689453125
 20
1824.0
 10
1006.99981689453125
 20
1824.0
 10
1018.99981689453125
 20
1824.0
  0
LWPOLYLINE
  5
72
100
AcDbEntity
  8
mainlayer
 62
4
370
-1
 48
1.0
  6
BYLAYER
100
AcDbPolyline
 90
40
 70
0
 10
1172.0
 20
1988.0
 10
1172.0
 20
2000.0
 10
1172.0
 20
2000.0
 10
1148.0
 20
2000.0
 10
1148.0
 20
2000.0
 10
1148.0
 20
1988.0
 10
1148.0
 20
1988.0
 10
1122.0
 20
1988.0
 10
1122.0
 20
1988.0
 10
1122.0
 20
1912.0
 10
1122.0
 20
1912.0
 10
1110.0
 20
1912.0
 10
1110.0
 20
1912.0
 10
1110.0
 20
1888.0
 10
1110.0
 20
1888.0
 10
1122.0
 20
1888.0
 10
1122.0
 20
1888.0
 10
1122.0
 20
1812.0
 10
1122.0
 20
1812.0
 10
1148.0
 20
1812.0
 10
1148.0
 20
1812.0
 10
1148.0
 20
1800.0
 10
1148.0
 20
1800.0
 10
1172.0
 20
1800.0
 10
1172.0
 20
1800.0
 10
1172.0
 20
1812.0
 10
1172.0
 20
1812.0
 10
1198.0
 20
1812.0
 10
1198.0
 20
1812.0
 10
1198.0
 20
1888.0
 10
1198.0
 20
1888.0
 10
1210.0
 20
1888.0
 10
1210.0
 20
1888.0
 10
1210.0
 20
1912.0
 10
1210.0
 20
1912.0
 10
1198.0
 20
1912.0
 10
1198.0
 20
1912.0
 10
1198.0
 20
1988.0
 10
1198.0
 20
1988.0
 10
1172.0
 20
1988.0
  0
LWPOLYLINE
  5
73
100
AcDbEntity
  8
mainlayer
 62
4
370
-1
 48
1.0
  6
BYLAYER
100
AcDbPolyline
 90
8
 70
0
 10
1148.0
 20
1906.0
 10
1148.0
 20
1894.0
 10
1148.0
 20
1894.0
 10
1172.0
 20
1894.0
 10
1172.0
 20
1894.0
 10
1172.0
 20
1906.0
 10
1172.0
 20
1906.0
 10
1148.0
 20
1906.0
  0
LWPOLYLINE
  5
74
100
AcDbEntity
  8
mainlayer
 62
4
370
-1
 48
1.0
  6
BYLAYER
100
AcDbPolyline
 90
48
 70
0
 10
901.99969482421875
 20
1812.0
 10
881.99969482421875
 20
1812.0
 10
881.99969482421875
 20
1812.0
 10
881.99969482421875
 20
1838.0
 10
881.99969482421875
 20
1838.0
 10
893.99969482421875
 20
1838.0
 10
893.99969482421875
 20
1838.0
 10
893.99969482421875
 20
1862.0
 10
893.99969482421875
 20
1862.0
 10
881.99969482421875
 20
1862.0
 10
881.99969482421875
 20
1862.0
 10
881.99969482421875
 20
1888.0
 10
881.99969482421875
 20
1888.0
 10
901.99969482421875
 20
1888.0
 10
901.99969482421875
 20
1888.0
 10
901.99969482421875
 20
1900.0
 10
901.99969482421875
 20
1900.0
 10
925.99969482421875
 20
1900.0
 10
925.99969482421875
 20
1900.0
 10
925.99969482421875
 20
1888.0
 10
925.99969482421875
 20
1888.0
 10
957.99969482421875
 20
1888.0
 10
957.99969482421875
 20
1888.0
 10
957.99969482421875
 20
1900.0
 10
957.99969482421875
 20
1900.0
 10
981.999755859375
 20
1900.0
 10
981.999755859375
 20
1900.0
 10
981.999755859375
 20
1888.0
 10
981.999755859375
 20
1888.0
 10
1001.99969482421875
 20
1888.0
 10
1001.99969482421875
 20
1888.0
 10
1001.99969482421875
 20
1812.0
 10
1001.99969482421875
 20
1812.0
 10
981.999755859375
 20
1812.0
 10
981.999755859375
 20
1812.0
 10
981.999755859375
 20
1800.0
 10
981.999755859375
 20
1800.0
 10
957.99969482421875
 20
1800.0
 10
957.99969482421875
 20
1800.0
 10
957.99969482421875
 20
1812.0
 10
957.99969482421875
 20
1812.0
 10
925.99969482421875
 20
1812.0
 10
925.99969482421875
 20
1812.0
 10
925.99969482421875
 20
1800.0
 10
925.99969482421875
 20
1800.0
 10
901.99969482421875
 20
1800.0
 10
901.99969482421875
 20
1800.0
 10
901.99969482421875
 20
1812.0
  0
LWPOLYLINE
  5
75
100
AcDbEntity
  8
mainlayer
 62
4
370
-1
 48
1.0
  6
BYLAYER
100
AcDbPolyline
 90
56
 70
0
 10
859.99969482421875
 20
1906.0
 10
871.99969482421875
 20
1906.0
 10
871.99969482421875
 20
1906.0
 10
871.99969482421875
 20
2000.0
 10
871.99969482421875
 20
2000.0
 10
851.99969482421875
 20
2000.0
 10
851.99969482421875
 20
2000.0
 10
851.99969482421875
 20
1988.0
 10
851.99969482421875
 20
1988.0
 10
827.99969482421875
 20
1988.0
 10
827.99969482421875
 20
1988.0
 10
827.99969482421875
 20
2000.0
 10
827.99969482421875
 20
2000.0
 10
795.99969482421875
 20
2000.0
 10
795.99969482421875
 20
2000.0
 10
795.99969482421875
 20
1988.0
 10
795.99969482421875
 20
1988.0
 10
771.99969482421875
 20
1988.0
 10
771.99969482421875
 20
1988.0
 10
771.99969482421875
 20
2000.0
 10
771.99969482421875
 20
2000.0
 10
751.99969482421875
 20
2000.0
 10
751.99969482421875
 20
2000.0
 10
751.99969482421875
 20
1912.0
 10
751.99969482421875
 20
1912.0
 10
763.99969482421875
 20
1912.0
 10
763.99969482421875
 20
1912.0
 10
763.99969482421875
 20
1888.0
 10
763.99969482421875
 20
1888.0
 10
751.99969482421875
 20
1888.0
 10
751.99969482421875
 20
1888.0
 10
751.99969482421875
 20
1800.0
 10
751.99969482421875
 20
1800.0
 10
771.99969482421875
 20
1800.0
 10
771.99969482421875
 20
1800.0
 10
771.99969482421875
 20
1812.0
 10
771.99969482421875
 20
1812.0
 10
795.99969482421875
 20
1812.0
 10
795.99969482421875
 20
1812.0
 10
795.99969482421875
 20
1800.0
 10
795.99969482421875
 20
1800.0
 10
827.99969482421875
 20
1800.0
 10
827.99969482421875
 20
1800.0
 10
827.99969482421875
 20
1812.0
 10
827.99969482421875
 20
1812.0
 10
851.99969482421875
 20
1812.0
 10
851.99969482421875
 20
1812.0
 10
851.99969482421875
 20
1800.0
 10
851.99969482421875
 20
1800.0
 10
871.99969482421875
 20
1800.0
 10
871.99969482421875
 20
1800.0
 10
871.99969482421875
 20
1894.0
 10
871.99969482421875
 20
1894.0
 10
859.99969482421875
 20
1894.0
 10
859.99969482421875
 20
1894.0
 10
859.99969482421875
 20
1906.0
  0
LWPOLYLINE
  5
76
100
AcDbEntity
  8
mainlayer
 62
4
370
-1
 48
1.0
  6
BYLAYER
100
AcDbPolyline
 90
48
 70
0
 10
901.99969482421875
 20
1922.0
 10
881.99969482421875
 20
1922.0
 10
881.99969482421875
 20
1922.0
 10
881.99969482421875
 20
1948.0
 10
881.99969482421875
 20
1948.0
 10
893.99969482421875
 20
1948.0
 10
893.99969482421875
 20
1948.0
 10
893.99969482421875
 20
1972.0
 10
893.99969482421875
 20
1972.0
 10
881.99969482421875
 20
1972.0
 10
881.99969482421875
 20
1972.0
 10
881.99969482421875
 20
1998.0
 10
881.99969482421875
 20
1998.0
 10
901.99969482421875
 20
1998.0
 10
901.99969482421875
 20
1998.0
 10
901.99969482421875
 20
2010.0
 10
901.99969482421875
 20
2010.0
 10
925.99969482421875
 20
2010.0
 10
925.99969482421875
 20
2010.0
 10
925.99969482421875
 20
1998.0
 10
925.99969482421875
 20
1998.0
 10
957.99969482421875
 20
1998.0
 10
957.99969482421875
 20
1998.0
 10
957.99969482421875
 20
2010.0
 10
957.99969482421875
 20
2010.0
 10
981.999755859375
 20
2010.0
 10
981.999755859375
 20
2010.0
 10
981.999755859375
 20
1998.0
 10
981.999755859375
 20
1998.0
 10
1001.99969482421875
 20
1998.0
 10
1001.99969482421875
 20
1998.0
 10
1001.99969482421875
 20
1922.0
 10
1001.99969482421875
 20
1922.0
 10
981.999755859375
 20
1922.0
 10
981.999755859375
 20
1922.0
 10
981.999755859375
 20
1910.0
 10
981.999755859375
 20
1910.0
 10
957.99969482421875
 20
1910.0
 10
957.99969482421875
 20
1910.0
 10
957.99969482421875
 20
1922.0
 10
957.99969482421875
 20
1922.0
 10
925.99969482421875
 20
1922.0
 10
925.99969482421875
 20
1922.0
 10
925.99969482421875
 20
1910.0
 10
925.99969482421875
 20
1910.0
 10
901.99969482421875
 20
1910.0
 10
901.99969482421875
 20
1910.0
 10
901.99969482421875
 20
1922.0
  0
LWPOLYLINE
  5
77
100
AcDbEntity
  8
mainlayer
 62
4
370
-1
 48
1.0
  6
BYLAYER
100
AcDbPolyline
 90
56
 70
0
 10
729.99969482421875
 20
1906.0
 10
741.99969482421875
 20
1906.0
 10
741.99969482421875
 20
1906.0
 10
741.99969482421875
 20
2000.0
 10
741.99969482421875
 20
2000.0
 10
721.99969482421875
 20
2000.0
 10
721.99969482421875
 20
2000.0
 10
721.99969482421875
 20
1988.0
 10
721.99969482421875
 20
1988.0
 10
697.99969482421875
 20
1988.0
 10
697.99969482421875
 20
1988.0
 10
697.99969482421875
 20
2000.0
 10
697.99969482421875
 20
2000.0
 10
665.99969482421875
 20
2000.0
 10
665.99969482421875
 20
2000.0
 10
665.99969482421875
 20
1988.0
 10
665.99969482421875
 20
1988.0
 10
641.99969482421875
 20
1988.0
 10
641.99969482421875
 20
1988.0
 10
641.99969482421875
 20
2000.0
 10
641.99969482421875
 20
2000.0
 10
621.99969482421875
 20
2000.0
 10
621.99969482421875
 20
2000.0
 10
621.99969482421875
 20
1912.0
 10
621.99969482421875
 20
1912.0
 10
633.99969482421875
 20
1912.0
 10
633.99969482421875
 20
1912.0
 10
633.99969482421875
 20
1888.0
 10
633.99969482421875
 20
1888.0
 10
621.99969482421875
 20
1888.0
 10
621.99969482421875
 20
1888.0
 10
621.99969482421875
 20
1800.0
 10
621.99969482421875
 20
1800.0
 10
641.99969482421875
 20
1800.0
 10
641.99969482421875
 20
1800.0
 10
641.99969482421875
 20
1812.0
 10
641.99969482421875
 20
1812.0
 10
665.99969482421875
 20
1812.0
 10
665.99969482421875
 20
1812.0
 10
665.99969482421875
 20
1800.0
 10
665.99969482421875
 20
1800.0
 10
697.99969482421875
 20
1800.0
 10
697.99969482421875
 20
1800.0
 10
697.99969482421875
 20
1812.0
 10
697.99969482421875
 20
1812.0
 10
721.99969482421875
 20
1812.0
 10
721.99969482421875
 20
1812.0
 10
721.99969482421875
 20
1800.0
 10
721.99969482421875
 20
1800.0
 10
741.99969482421875
 20
1800.0
 10
741.99969482421875
 20
1800.0
 10
741.99969482421875
 20
1894.0
 10
741.99969482421875
 20
1894.0
 10
729.99969482421875
 20
1894.0
 10
729.99969482421875
 20
1894.0
 10
729.99969482421875
 20
1906.0
  0
LWPOLYLINE
  5
78
100
AcDbEntity
  8
mainlayer
 62
4
370
-1
 48
1.0
  6
BYLAYER
100
AcDbPolyline
 90
24
 70
0
 10
420.99957275390625
 20
1824.0
 10
420.99957275390625
 20
1920.0
 10
420.99957275390625
 20
1920.0
 10
446.99957275390625
 20
1920.0
 10
446.99957275390625
 20
1920.0
 10
446.99957275390625
 20
1932.0
 10
446.99957275390625
 20
1932.0
 10
470.99969482421875
 20
1932.0
 10
470.99969482421875
 20
1932.0
 10
470.99969482421875
 20
1920.0
 10
470.99969482421875
 20
1920.0
 10
496.99969482421875
 20
1920.0
 10
496.99969482421875
 20
1920.0
 10
496.99969482421875
 20
1824.0
 10
496.99969482421875
 20
1824.0
 10
508.99969482421875
 20
1824.0
 10
508.99969482421875
 20
1824.0
 10
508.99969482421875
 20
1812.0
 10
508.99969482421875
 20
1812.0
 10
408.99957275390625
 20
1812.0
 10
408.99957275390625
 20
1812.0
 10
408.99957275390625
 20
1824.0
 10
408.99957275390625
 20
1824.0
 10
420.99957275390625
 20
1824.0
  0
LWPOLYLINE
  5
79
100
AcDbEntity
  8
mainlayer
 62
4
370
-1
 48
1.0
  6
BYLAYER
100
AcDbPolyline
 90
40
 70
0
 10
573.99969482421875
 20
1988.0
 10
573.99969482421875
 20
2000.0
 10
573.99969482421875
 20
2000.0
 10
549.99969482421875
 20
2000.0
 10
549.99969482421875
 20
2000.0
 10
549.99969482421875
 20
1988.0
 10
549.99969482421875
 20
1988.0
 10
523.99969482421875
 20
1988.0
 10
523.99969482421875
 20
1988.0
 10
523.99969482421875
 20
1912.0
 10
523.99969482421875
 20
1912.0
 10
511.99969482421875
 20
1912.0
 10
511.99969482421875
 20
1912.0
 10
511.99969482421875
 20
1888.0
 10
511.99969482421875
 20
1888.0
 10
523.99969482421875
 20
1888.0
 10
523.99969482421875
 20
1888.0
 10
523.99969482421875
 20
1812.0
 10
523.99969482421875
 20
1812.0
 10
549.99969482421875
 20
1812.0
 10
549.99969482421875
 20
1812.0
 10
549.99969482421875
 20
1800.0
 10
549.99969482421875
 20
1800.0
 10
573.99969482421875
 20
1800.0
 10
573.99969482421875
 20
1800.0
 10
573.99969482421875
 20
1812.0
 10
573.99969482421875
 20
1812.0
 10
599.99969482421875
 20
1812.0
 10
599.99969482421875
 20
1812.0
 10
599.99969482421875
 20
1888.0
 10
599.99969482421875
 20
1888.0
 10
611.99969482421875
 20
1888.0
 10
611.99969482421875
 20
1888.0
 10
611.99969482421875
 20
1912.0
 10
611.99969482421875
 20
1912.0
 10
599.99969482421875
 20
1912.0
 10
599.99969482421875
 20
1912.0
 10
599.99969482421875
 20
1988.0
 10
599.99969482421875
 20
1988.0
 10
573.99969482421875
 20
1988.0
  0
LWPOLYLINE
  5
7A
100
AcDbEntity
  8
mainlayer
 62
4
370
-1
 48
1.0
  6
BYLAYER
100
AcDbPolyline
 90
8
 70
0
 10
549.99969482421875
 20
1906.0
 10
549.99969482421875
 20
1894.0
 10
549.99969482421875
 20
1894.0
 10
573.99969482421875
 20
1894.0
 10
573.99969482421875
 20
1894.0
 10
573.99969482421875
 20
1906.0
 10
573.99969482421875
 20
1906.0
 10
549.99969482421875
 20
1906.0
  0
LWPOLYLINE
  5
7B
100
AcDbEntity
  8
mainlayer
 62
4
370
-1
 48
1.0
  6
BYLAYER
100
AcDbPolyline
 90
48
 70
0
 10
1500.0
 20
1592.0
 10
1480.0
 20
1592.0
 10
1480.0
 20
1592.0
 10
1480.0
 20
1618.0
 10
1480.0
 20
1618.0
 10
1492.0
 20
1618.0
 10
1492.0
 20
1618.0
 10
1492.0
 20
1642.0
 10
1492.0
 20
1642.0
 10
1480.0
 20
1642.0
 10
1480.0
 20
1642.0
 10
1480.0
 20
1668.0
 10
1480.0
 20
1668.0
 10
1500.0
 20
1668.0
 10
1500.0
 20
1668.0
 10
1500.0
 20
1680.0
 10
1500.0
 20
1680.0
 10
1524.0
 20
1680.0
 10
1524.0
 20
1680.0
 10
1524.0
 20
1668.0
 10
1524.0
 20
1668.0
 10
1556.0
 20
1668.0
 10
1556.0
 20
1668.0
 10
1556.0
 20
1680.0
 10
1556.0
 20
1680.0
 10
1580.0
 20
1680.0
 10
1580.0
 20
1680.0
 10
1580.0
 20
1668.0
 10
1580.0
 20
1668.0
 10
1600.0
 20
1668.0
 10
1600.0
 20
1668.0
 10
1600.0
 20
1592.0
 10
1600.0
 20
1592.0
 10
1580.0
 20
1592.0
 10
1580.0
 20
1592.0
 10
1580.0
 20
1580.0
 10
1580.0
 20
1580.0
 10
1556.0
 20
1580.0
 10
1556.0
 20
1580.0
 10
1556.0
 20
1592.0
 10
1556.0
 20
1592.0
 10
1524.0
 20
1592.0
 10
1524.0
 20
1592.0
 10
1524.0
 20
1580.0
 10
1524.0
 20
1580.0
 10
1500.0
 20
1580.0
 10
1500.0
 20
1580.0
 10
1500.0
 20
1592.0
  0
LWPOLYLINE
  5
7C
100
AcDbEntity
  8
mainlayer
 62
4
370
-1
 48
1.0
  6
BYLAYER
100
AcDbPolyline
 90
56
 70
0
 10
1458.0
 20
1686.0
 10
1470.0
 20
1686.0
 10
1470.0
 20
1686.0
 10
1470.0
 20
1780.0
 10
1470.0
 20
1780.0
 10
1450.0
 20
1780.0
 10
1450.0
 20
1780.0
 10
1450.0
 20
1768.0
 10
1450.0
 20
1768.0
 10
1426.0
 20
1768.0
 10
1426.0
 20
1768.0
 10
1426.0
 20
1780.0
 10
1426.0
 20
1780.0
 10
1394.0
 20
1780.0
 10
1394.0
 20
1780.0
 10
1394.0
 20
1768.0
 10
1394.0
 20
1768.0
 10
1370.0
 20
1768.0
 10
1370.0
 20
1768.0
 10
1370.0
 20
1780.0
 10
1370.0
 20
1780.0
 10
1350.0
 20
1780.0
 10
1350.0
 20
1780.0
 10
1350.0
 20
1692.0
 10
1350.0
 20
1692.0
 10
1362.0
 20
1692.0
 10
1362.0
 20
1692.0
 10
1362.0
 20
1668.0
 10
1362.0
 20
1668.0
 10
1350.0
 20
1668.0
 10
1350.0
 20
1668.0
 10
1350.0
 20
1580.0
 10
1350.0
 20
1580.0
 10
1370.0
 20
1580.0
 10
1370.0
 20
1580.0
 10
1370.0
 20
1592.0
 10
1370.0
 20
1592.0
 10
1394.0
 20
1592.0
 10
1394.0
 20
1592.0
 10
1394.0
 20
1580.0
 10
1394.0
 20
1580.0
 10
1426.0
 20
1580.0
 10
1426.0
 20
1580.0
 10
1426.0
 20
1592.0
 10
1426.0
 20
1592.0
 10
1450.0
 20
1592.0
 10
1450.0
 20
1592.0
 10
1450.0
 20
1580.0
 10
1450.0
 20
1580.0
 10
1470.0
 20
1580.0
 10
1470.0
 20
1580.0
 10
1470.0
 20
1674.0
 10
1470.0
 20
1674.0
 10
1458.0
 20
1674.0
 10
1458.0
 20
1674.0
 10
1458.0
 20
1686.0
  0
LWPOLYLINE
  5
7D
100
AcDbEntity
  8
mainlayer
 62
4
370
-1
 48
1.0
  6
BYLAYER
100
AcDbPolyline
 90
48
 70
0
 10
1500.0
 20
1702.0
 10
1480.0
 20
1702.0
 10
1480.0
 20
1702.0
 10
1480.0
 20
1728.0
 10
1480.0
 20
1728.0
 10
1492.0
 20
1728.0
 10
1492.0
 20
1728.0
 10
1492.0
 20
1752.0
 10
1492.0
 20
1752.0
 10
1480.0
 20
1752.0
 10
1480.0
 20
1752.0
 10
1480.0
 20
1778.0
 10
1480.0
 20
1778.0
 10
1500.0
 20
1778.0
 10
1500.0
 20
1778.0
 10
1500.0
 20
1790.0
 10
1500.0
 20
1790.0
 10
1524.0
 20
1790.0
 10
1524.0
 20
1790.0
 10
1524.0
 20
1778.0
 10
1524.0
 20
1778.0
 10
1556.0
 20
1778.0
 10
1556.0
 20
1778.0
 10
1556.0
 20
1790.0
 10
1556.0
 20
1790.0
 10
1580.0
 20
1790.0
 10
1580.0
 20
1790.0
 10
1580.0
 20
1778.0
 10
1580.0
 20
1778.0
 10
1600.0
 20
1778.0
 10
1600.0
 20
1778.0
 10
1600.0
 20
1702.0
 10
1600.0
 20
1702.0
 10
1580.0
 20
1702.0
 10
1580.0
 20
1702.0
 10
1580.0
 20
1690.0
 10
1580.0
 20
1690.0
 10
1556.0
 20
1690.0
 10
1556.0
 20
1690.0
 10
1556.0
 20
1702.0
 10
1556.0
 20
1702.0
 10
1524.0
 20
1702.0
 10
1524.0
 20
1702.0
 10
1524.0
 20
1690.0
 10
1524.0
 20
1690.0
 10
1500.0
 20
1690.0
 10
1500.0
 20
1690.0
 10
1500.0
 20
1702.0
  0
LWPOLYLINE
  5
7E
100
AcDbEntity
  8
mainlayer
 62
4
370
-1
 48
1.0
  6
BYLAYER
100
AcDbPolyline
 90
56
 70
0
 10
1328.0
 20
1686.0
 10
1340.0
 20
1686.0
 10
1340.0
 20
1686.0
 10
1340.0
 20
1780.0
 10
1340.0
 20
1780.0
 10
1320.0
 20
1780.0
 10
1320.0
 20
1780.0
 10
1320.0
 20
1768.0
 10
1320.0
 20
1768.0
 10
1296.0
 20
1768.0
 10
1296.0
 20
1768.0
 10
1296.0
 20
1780.0
 10
1296.0
 20
1780.0
 10
1264.0
 20
1780.0
 10
1264.0
 20
1780.0
 10
1264.0
 20
1768.0
 10
1264.0
 20
1768.0
 10
1240.0
 20
1768.0
 10
1240.0
 20
1768.0
 10
1240.0
 20
1780.0
 10
1240.0
 20
1780.0
 10
1220.0
 20
1780.0
 10
1220.0
 20
1780.0
 10
1220.0
 20
1692.0
 10
1220.0
 20
1692.0
 10
1232.0
 20
1692.0
 10
1232.0
 20
1692.0
 10
1232.0
 20
1668.0
 10
1232.0
 20
1668.0
 10
1220.0
 20
1668.0
 10
1220.0
 20
1668.0
 10
1220.0
 20
1580.0
 10
1220.0
 20
1580.0
 10
1240.0
 20
1580.0
 10
1240.0
 20
1580.0
 10
1240.0
 20
1592.0
 10
1240.0
 20
1592.0
 10
1264.0
 20
1592.0
 10
1264.0
 20
1592.0
 10
1264.0
 20
1580.0
 10
1264.0
 20
1580.0
 10
1296.0
 20
1580.0
 10
1296.0
 20
1580.0
 10
1296.0
 20
1592.0
 10
1296.0
 20
1592.0
 10
1320.0
 20
1592.0
 10
1320.0
 20
1592.0
 10
1320.0
 20
1580.0
 10
1320.0
 20
1580.0
 10
1340.0
 20
1580.0
 10
1340.0
 20
1580.0
 10
1340.0
 20
1674.0
 10
1340.0
 20
1674.0
 10
1328.0
 20
1674.0
 10
1328.0
 20
1674.0
 10
1328.0
 20
1686.0
  0
LWPOLYLINE
  5
7F
100
AcDbEntity
  8
mainlayer
 62
4
370
-1
 48
1.0
  6
BYLAYER
100
AcDbPolyline
 90
24
 70
0
 10
1018.99981689453125
 20
1604.0
 10
1018.99981689453125
 20
1700.0
 10
1018.99981689453125
 20
1700.0
 10
1044.9998779296875
 20
1700.0
 10
1044.9998779296875
 20
1700.0
 10
1044.9998779296875
 20
1712.0
 10
1044.9998779296875
 20
1712.0
 10
1069.0
 20
1712.0
 10
1069.0
 20
1712.0
 10
1069.0
 20
1700.0
 10
1069.0
 20
1700.0
 10
1095.0
 20
1700.0
 10
1095.0
 20
1700.0
 10
1095.0
 20
1604.0
 10
1095.0
 20
1604.0
 10
1107.0
 20
1604.0
 10
1107.0
 20
1604.0
 10
1107.0
 20
1592.0
 10
1107.0
 20
1592.0
 10
1006.99981689453125
 20
1592.0
 10
1006.99981689453125
 20
1592.0
 10
1006.99981689453125
 20
1604.0
 10
1006.99981689453125
 20
1604.0
 10
1018.99981689453125
 20
1604.0
  0
LWPOLYLINE
  5
80
100
AcDbEntity
  8
mainlayer
 62
4
370
-1
 48
1.0
  6
BYLAYER
100
AcDbPolyline
 90
40
 70
0
 10
1172.0
 20
1768.0
 10
1172.0
 20
1780.0
 10
1172.0
 20
1780.0
 10
1148.0
 20
1780.0
 10
1148.0
 20
1780.0
 10
1148.0
 20
1768.0
 10
1148.0
 20
1768.0
 10
1122.0
 20
1768.0
 10
1122.0
 20
1768.0
 10
1122.0
 20
1692.0
 10
1122.0
 20
1692.0
 10
1110.0
 20
1692.0
 10
1110.0
 20
1692.0
 10
1110.0
 20
1668.0
 10
1110.0
 20
1668.0
 10
1122.0
 20
1668.0
 10
1122.0
 20
1668.0
 10
1122.0
 20
1592.0
 10
1122.0
 20
1592.0
 10
1148.0
 20
1592.0
 10
1148.0
 20
1592.0
 10
1148.0
 20
1580.0
 10
1148.0
 20
1580.0
 10
1172.0
 20
1580.0
 10
1172.0
 20
1580.0
 10
1172.0
 20
1592.0
 10
1172.0
 20
1592.0
 10
1198.0
 20
1592.0
 10
1198.0
 20
1592.0
 10
1198.0
 20
1668.0
 10
1198.0
 20
1668.0
 10
1210.0
 20
1668.0
 10
1210.0
 20
1668.0
 10
1210.0
 20
1692.0
 10
1210.0
 20
1692.0
 10
1198.0
 20
1692.0
 10
1198.0
 20
1692.0
 10
1198.0
 20
1768.0
 10
1198.0
 20
1768.0
 10
1172.0
 20
1768.0
  0
LWPOLYLINE
  5
81
100
AcDbEntity
  8
mainlayer
 62
4
370
-1
 48
1.0
  6
BYLAYER
100
AcDbPolyline
 90
8
 70
0
 10
1148.0
 20
1686.0
 10
1148.0
 20
1674.0
 10
1148.0
 20
1674.0
 10
1172.0
 20
1674.0
 10
1172.0
 20
1674.0
 10
1172.0
 20
1686.0
 10
1172.0
 20
1686.0
 10
1148.0
 20
1686.0
  0
LWPOLYLINE
  5
82
100
AcDbEntity
  8
mainlayer
 62
4
370
-1
 48
1.0
  6
BYLAYER
100
AcDbPolyline
 90
48
 70
0
 10
901.99969482421875
 20
1592.0
 10
881.99969482421875
 20
1592.0
 10
881.99969482421875
 20
1592.0
 10
881.99969482421875
 20
1618.0
 10
881.99969482421875
 20
1618.0
 10
893.99969482421875
 20
1618.0
 10
893.99969482421875
 20
1618.0
 10
893.99969482421875
 20
1642.0
 10
893.99969482421875
 20
1642.0
 10
881.99969482421875
 20
1642.0
 10
881.99969482421875
 20
1642.0
 10
881.99969482421875
 20
1668.0
 10
881.99969482421875
 20
1668.0
 10
901.99969482421875
 20
1668.0
 10
901.99969482421875
 20
1668.0
 10
901.99969482421875
 20
1680.0
 10
901.99969482421875
 20
1680.0
 10
925.99969482421875
 20
1680.0
 10
925.99969482421875
 20
1680.0
 10
925.99969482421875
 20
1668.0
 10
925.99969482421875
 20
1668.0
 10
957.99969482421875
 20
1668.0
 10
957.99969482421875
 20
1668.0
 10
957.99969482421875
 20
1680.0
 10
957.99969482421875
 20
1680.0
 10
981.999755859375
 20
1680.0
 10
981.999755859375
 20
1680.0
 10
981.999755859375
 20
1668.0
 10
981.999755859375
 20
1668.0
 10
1001.99969482421875
 20
1668.0
 10
1001.99969482421875
 20
1668.0
 10
1001.99969482421875
 20
1592.0
 10
1001.99969482421875
 20
1592.0
 10
981.999755859375
 20
1592.0
 10
981.999755859375
 20
1592.0
 10
981.999755859375
 20
1580.0
 10
981.999755859375
 20
1580.0
 10
957.99969482421875
 20
1580.0
 10
957.99969482421875
 20
1580.0
 10
957.99969482421875
 20
1592.0
 10
957.99969482421875
 20
1592.0
 10
925.99969482421875
 20
1592.0
 10
925.99969482421875
 20
1592.0
 10
925.99969482421875
 20
1580.0
 10
925.99969482421875
 20
1580.0
 10
901.99969482421875
 20
1580.0
 10
901.99969482421875
 20
1580.0
 10
901.99969482421875
 20
1592.0
  0
LWPOLYLINE
  5
83
100
AcDbEntity
  8
mainlayer
 62
4
370
-1
 48
1.0
  6
BYLAYER
100
AcDbPolyline
 90
56
 70
0
 10
859.99969482421875
 20
1686.0
 10
871.99969482421875
 20
1686.0
 10
871.99969482421875
 20
1686.0
 10
871.99969482421875
 20
1780.0
 10
871.99969482421875
 20
1780.0
 10
851.99969482421875
 20
1780.0
 10
851.99969482421875
 20
1780.0
 10
851.99969482421875
 20
1768.0
 10
851.99969482421875
 20
1768.0
 10
827.99969482421875
 20
1768.0
 10
827.99969482421875
 20
1768.0
 10
827.99969482421875
 20
1780.0
 10
827.99969482421875
 20
1780.0
 10
795.99969482421875
 20
1780.0
 10
795.99969482421875
 20
1780.0
 10
795.99969482421875
 20
1768.0
 10
795.99969482421875
 20
1768.0
 10
771.99969482421875
 20
1768.0
 10
771.99969482421875
 20
1768.0
 10
771.99969482421875
 20
1780.0
 10
771.99969482421875
 20
1780.0
 10
751.99969482421875
 20
1780.0
 10
751.99969482421875
 20
1780.0
 10
751.99969482421875
 20
1692.0
 10
751.99969482421875
 20
1692.0
 10
763.99969482421875
 20
1692.0
 10
763.99969482421875
 20
1692.0
 10
763.99969482421875
 20
1668.0
 10
763.99969482421875
 20
1668.0
 10
751.99969482421875
 20
1668.0
 10
751.99969482421875
 20
1668.0
 10
751.99969482421875
 20
1580.0
 10
751.99969482421875
 20
1580.0
 10
771.99969482421875
 20
1580.0
 10
771.99969482421875
 20
1580.0
 10
771.99969482421875
 20
1592.0
 10
771.99969482421875
 20
1592.0
 10
795.99969482421875
 20
1592.0
 10
795.99969482421875
 20
1592.0
 10
795.99969482421875
 20
1580.0
 10
795.99969482421875
 20
1580.0
 10
827.99969482421875
 20
1580.0
 10
827.99969482421875
 20
1580.0
 10
827.99969482421875
 20
1592.0
 10
827.99969482421875
 20
1592.0
 10
851.99969482421875
 20
1592.0
 10
851.99969482421875
 20
1592.0
 10
851.99969482421875
 20
1580.0
 10
851.99969482421875
 20
1580.0
 10
871.99969482421875
 20
1580.0
 10
871.99969482421875
 20
1580.0
 10
871.99969482421875
 20
1674.0
 10
871.99969482421875
 20
1674.0
 10
859.99969482421875
 20
1674.0
 10
859.99969482421875
 20
1674.0
 10
859.99969482421875
 20
1686.0
  0
LWPOLYLINE
  5
84
100
AcDbEntity
  8
mainlayer
 62
4
370
-1
 48
1.0
  6
BYLAYER
100
AcDbPolyline
 90
48
 70
0
 10
901.99969482421875
 20
1702.0
 10
881.99969482421875
 20
1702.0
 10
881.99969482421875
 20
1702.0
 10
881.99969482421875
 20
1728.0
 10
881.99969482421875
 20
1728.0
 10
893.99969482421875
 20
1728.0
 10
893.99969482421875
 20
1728.0
 10
893.99969482421875
 20
1752.0
 10
893.99969482421875
 20
1752.0
 10
881.99969482421875
 20
1752.0
 10
881.99969482421875
 20
1752.0
 10
881.99969482421875
 20
1778.0
 10
881.99969482421875
 20
1778.0
 10
901.99969482421875
 20
1778.0
 10
901.99969482421875
 20
1778.0
 10
901.99969482421875
 20
1790.0
 10
901.99969482421875
 20
1790.0
 10
925.99969482421875
 20
1790.0
 10
925.99969482421875
 20
1790.0
 10
925.99969482421875
 20
1778.0
 10
925.99969482421875
 20
1778.0
 10
957.99969482421875
 20
1778.0
 10
957.99969482421875
 20
1778.0
 10
957.99969482421875
 20
1790.0
 10
957.99969482421875
 20
1790.0
 10
981.999755859375
 20
1790.0
 10
981.999755859375
 20
1790.0
 10
981.999755859375
 20
1778.0
 10
981.999755859375
 20
1778.0
 10
1001.99969482421875
 20
1778.0
 10
1001.99969482421875
 20
1778.0
 10
1001.99969482421875
 20
1702.0
 10
1001.99969482421875
 20
1702.0
 10
981.999755859375
 20
1702.0
 10
981.999755859375
 20
1702.0
 10
981.999755859375
 20
1690.0
 10
981.999755859375
 20
1690.0
 10
957.99969482421875
 20
1690.0
 10
957.99969482421875
 20
1690.0
 10
957.99969482421875
 20
1702.0
 10
957.99969482421875
 20
1702.0
 10
925.99969482421875
 20
1702.0
 10
925.99969482421875
 20
1702.0
 10
925.99969482421875
 20
1690.0
 10
925.99969482421875
 20
1690.0
 10
901.99969482421875
 20
1690.0
 10
901.99969482421875
 20
1690.0
 10
901.99969482421875
 20
1702.0
  0
LWPOLYLINE
  5
85
100
AcDbEntity
  8
mainlayer
 62
4
370
-1
 48
1.0
  6
BYLAYER
100
AcDbPolyline
 90
56
 70
0
 10
729.99969482421875
 20
1686.0
 10
741.99969482421875
 20
1686.0
 10
741.99969482421875
 20
1686.0
 10
741.99969482421875
 20
1780.0
 10
741.99969482421875
 20
1780.0
 10
721.99969482421875
 20
1780.0
 10
721.99969482421875
 20
1780.0
 10
721.99969482421875
 20
1768.0
 10
721.99969482421875
 20
1768.0
 10
697.99969482421875
 20
1768.0
 10
697.99969482421875
 20
1768.0
 10
697.99969482421875
 20
1780.0
 10
697.99969482421875
 20
1780.0
 10
665.99969482421875
 20
1780.0
 10
665.99969482421875
 20
1780.0
 10
665.99969482421875
 20
1768.0
 10
665.99969482421875
 20
1768.0
 10
641.99969482421875
 20
1768.0
 10
641.99969482421875
 20
1768.0
 10
641.99969482421875
 20
1780.0
 10
641.99969482421875
 20
1780.0
 10
621.99969482421875
 20
1780.0
 10
621.99969482421875
 20
1780.0
 10
621.99969482421875
 20
1692.0
 10
621.99969482421875
 20
1692.0
 10
633.99969482421875
 20
1692.0
 10
633.99969482421875
 20
1692.0
 10
633.99969482421875
 20
1668.0
 10
633.99969482421875
 20
1668.0
 10
621.99969482421875
 20
1668.0
 10
621.99969482421875
 20
1668.0
 10
621.99969482421875
 20
1580.0
 10
621.99969482421875
 20
1580.0
 10
641.99969482421875
 20
1580.0
 10
641.99969482421875
 20
1580.0
 10
641.99969482421875
 20
1592.0
 10
641.99969482421875
 20
1592.0
 10
665.99969482421875
 20
1592.0
 10
665.99969482421875
 20
1592.0
 10
665.99969482421875
 20
1580.0
 10
665.99969482421875
 20
1580.0
 10
697.99969482421875
 20
1580.0
 10
697.99969482421875
 20
1580.0
 10
697.99969482421875
 20
1592.0
 10
697.99969482421875
 20
1592.0
 10
721.99969482421875
 20
1592.0
 10
721.99969482421875
 20
1592.0
 10
721.99969482421875
 20
1580.0
 10
721.99969482421875
 20
1580.0
 10
741.99969482421875
 20
1580.0
 10
741.99969482421875
 20
1580.0
 10
741.99969482421875
 20
1674.0
 10
741.99969482421875
 20
1674.0
 10
729.99969482421875
 20
1674.0
 10
729.99969482421875
 20
1674.0
 10
729.99969482421875
 20
1686.0
  0
LWPOLYLINE
  5
86
100
AcDbEntity
  8
mainlayer
 62
4
370
-1
 48
1.0
  6
BYLAYER
100
AcDbPolyline
 90
24
 70
0
 10
420.99957275390625
 20
1604.0
 10
420.99957275390625
 20
1700.0
 10
420.99957275390625
 20
1700.0
 10
446.99957275390625
 20
1700.0
 10
446.99957275390625
 20
1700.0
 10
446.99957275390625
 20
1712.0
 10
446.99957275390625
 20
1712.0
 10
470.99969482421875
 20
1712.0
 10
470.99969482421875
 20
1712.0
 10
470.99969482421875
 20
1700.0
 10
470.99969482421875
 20
1700.0
 10
496.99969482421875
 20
1700.0
 10
496.99969482421875
 20
1700.0
 10
496.99969482421875
 20
1604.0
 10
496.99969482421875
 20
1604.0
 10
508.99969482421875
 20
1604.0
 10
508.99969482421875
 20
1604.0
 10
508.99969482421875
 20
1592.0
 10
508.99969482421875
 20
1592.0
 10
408.99957275390625
 20
1592.0
 10
408.99957275390625
 20
1592.0
 10
408.99957275390625
 20
1604.0
 10
408.99957275390625
 20
1604.0
 10
420.99957275390625
 20
1604.0
  0
LWPOLYLINE
  5
87
100
AcDbEntity
  8
mainlayer
 62
4
370
-1
 48
1.0
  6
BYLAYER
100
AcDbPolyline
 90
40
 70
0
 10
573.99969482421875
 20
1768.0
 10
573.99969482421875
 20
1780.0
 10
573.99969482421875
 20
1780.0
 10
549.99969482421875
 20
1780.0
 10
549.99969482421875
 20
1780.0
 10
549.99969482421875
 20
1768.0
 10
549.99969482421875
 20
1768.0
 10
523.99969482421875
 20
1768.0
 10
523.99969482421875
 20
1768.0
 10
523.99969482421875
 20
1692.0
 10
523.99969482421875
 20
1692.0
 10
511.99969482421875
 20
1692.0
 10
511.99969482421875
 20
1692.0
 10
511.99969482421875
 20
1668.0
 10
511.99969482421875
 20
1668.0
 10
523.99969482421875
 20
1668.0
 10
523.99969482421875
 20
1668.0
 10
523.99969482421875
 20
1592.0
 10
523.99969482421875
 20
1592.0
 10
549.99969482421875
 20
1592.0
 10
549.99969482421875
 20
1592.0
 10
549.99969482421875
 20
1580.0
 10
549.99969482421875
 20
1580.0
 10
573.99969482421875
 20
1580.0
 10
573.99969482421875
 20
1580.0
 10
573.99969482421875
 20
1592.0
 10
573.99969482421875
 20
1592.0
 10
599.99969482421875
 20
1592.0
 10
599.99969482421875
 20
1592.0
 10
599.99969482421875
 20
1668.0
 10
599.99969482421875
 20
1668.0
 10
611.99969482421875
 20
1668.0
 10
611.99969482421875
 20
1668.0
 10
611.99969482421875
 20
1692.0
 10
611.99969482421875
 20
1692.0
 10
599.99969482421875
 20
1692.0
 10
599.99969482421875
 20
1692.0
 10
599.99969482421875
 20
1768.0
 10
599.99969482421875
 20
1768.0
 10
573.99969482421875
 20
1768.0
  0
LWPOLYLINE
  5
88
100
AcDbEntity
  8
mainlayer
 62
4
370
-1
 48
1.0
  6
BYLAYER
100
AcDbPolyline
 90
8
 70
0
 10
549.99969482421875
 20
1686.0
 10
549.99969482421875
 20
1674.0
 10
549.99969482421875
 20
1674.0
 10
573.99969482421875
 20
1674.0
 10
573.99969482421875
 20
1674.0
 10
573.99969482421875
 20
1686.0
 10
573.99969482421875
 20
1686.0
 10
549.99969482421875
 20
1686.0
  0
LWPOLYLINE
  5
89
100
AcDbEntity
  8
mainlayer
 62
4
370
-1
 48
1.0
  6
BYLAYER
100
AcDbPolyline
 90
48
 70
0
 10
1500.0
 20
1372.0
 10
1480.0
 20
1372.0
 10
1480.0
 20
1372.0
 10
1480.0
 20
1398.0
 10
1480.0
 20
1398.0
 10
1492.0
 20
1398.0
 10
1492.0
 20
1398.0
 10
1492.0
 20
1422.0
 10
1492.0
 20
1422.0
 10
1480.0
 20
1422.0
 10
1480.0
 20
1422.0
 10
1480.0
 20
1448.0
 10
1480.0
 20
1448.0
 10
1500.0
 20
1448.0
 10
1500.0
 20
1448.0
 10
1500.0
 20
1460.0
 10
1500.0
 20
1460.0
 10
1524.0
 20
1460.0
 10
1524.0
 20
1460.0
 10
1524.0
 20
1448.0
 10
1524.0
 20
1448.0
 10
1556.0
 20
1448.0
 10
1556.0
 20
1448.0
 10
1556.0
 20
1460.0
 10
1556.0
 20
1460.0
 10
1580.0
 20
1460.0
 10
1580.0
 20
1460.0
 10
1580.0
 20
1448.0
 10
1580.0
 20
1448.0
 10
1600.0
 20
1448.0
 10
1600.0
 20
1448.0
 10
1600.0
 20
1372.0
 10
1600.0
 20
1372.0
 10
1580.0
 20
1372.0
 10
1580.0
 20
1372.0
 10
1580.0
 20
1360.0
 10
1580.0
 20
1360.0
 10
1556.0
 20
1360.0
 10
1556.0
 20
1360.0
 10
1556.0
 20
1372.0
 10
1556.0
 20
1372.0
 10
1524.0
 20
1372.0
 10
1524.0
 20
1372.0
 10
1524.0
 20
1360.0
 10
1524.0
 20
1360.0
 10
1500.0
 20
1360.0
 10
1500.0
 20
1360.0
 10
1500.0
 20
1372.0
  0
LWPOLYLINE
  5
8A
100
AcDbEntity
  8
mainlayer
 62
4
370
-1
 48
1.0
  6
BYLAYER
100
AcDbPolyline
 90
56
 70
0
 10
1458.0
 20
1466.0
 10
1470.0
 20
1466.0
 10
1470.0
 20
1466.0
 10
1470.0
 20
1560.0
 10
1470.0
 20
1560.0
 10
1450.0
 20
1560.0
 10
1450.0
 20
1560.0
 10
1450.0
 20
1548.0
 10
1450.0
 20
1548.0
 10
1426.0
 20
1548.0
 10
1426.0
 20
1548.0
 10
1426.0
 20
1560.0
 10
1426.0
 20
1560.0
 10
1394.0
 20
1560.0
 10
1394.0
 20
1560.0
 10
1394.0
 20
1548.0
 10
1394.0
 20
1548.0
 10
1370.0
 20
1548.0
 10
1370.0
 20
1548.0
 10
1370.0
 20
1560.0
 10
1370.0
 20
1560.0
 10
1350.0
 20
1560.0
 10
1350.0
 20
1560.0
 10
1350.0
 20
1472.0
 10
1350.0
 20
1472.0
 10
1362.0
 20
1472.0
 10
1362.0
 20
1472.0
 10
1362.0
 20
1448.0
 10
1362.0
 20
1448.0
 10
1350.0
 20
1448.0
 10
1350.0
 20
1448.0
 10
1350.0
 20
1360.0
 10
1350.0
 20
1360.0
 10
1370.0
 20
1360.0
 10
1370.0
 20
1360.0
 10
1370.0
 20
1372.0
 10
1370.0
 20
1372.0
 10
1394.0
 20
1372.0
 10
1394.0
 20
1372.0
 10
1394.0
 20
1360.0
 10
1394.0
 20
1360.0
 10
1426.0
 20
1360.0
 10
1426.0
 20
1360.0
 10
1426.0
 20
1372.0
 10
1426.0
 20
1372.0
 10
1450.0
 20
1372.0
 10
1450.0
 20
1372.0
 10
1450.0
 20
1360.0
 10
1450.0
 20
1360.0
 10
1470.0
 20
1360.0
 10
1470.0
 20
1360.0
 10
1470.0
 20
1454.0
 10
1470.0
 20
1454.0
 10
1458.0
 20
1454.0
 10
1458.0
 20
1454.0
 10
1458.0
 20
1466.0
  0
LWPOLYLINE
  5
8B
100
AcDbEntity
  8
mainlayer
 62
4
370
-1
 48
1.0
  6
BYLAYER
100
AcDbPolyline
 90
48
 70
0
 10
1500.0
 20
1482.0
 10
1480.0
 20
1482.0
 10
1480.0
 20
1482.0
 10
1480.0
 20
1508.0
 10
1480.0
 20
1508.0
 10
1492.0
 20
1508.0
 10
1492.0
 20
1508.0
 10
1492.0
 20
1532.0
 10
1492.0
 20
1532.0
 10
1480.0
 20
1532.0
 10
1480.0
 20
1532.0
 10
1480.0
 20
1558.0
 10
1480.0
 20
1558.0
 10
1500.0
 20
1558.0
 10
1500.0
 20
1558.0
 10
1500.0
 20
1570.0
 10
1500.0
 20
1570.0
 10
1524.0
 20
1570.0
 10
1524.0
 20
1570.0
 10
1524.0
 20
1558.0
 10
1524.0
 20
1558.0
 10
1556.0
 20
1558.0
 10
1556.0
 20
1558.0
 10
1556.0
 20
1570.0
 10
1556.0
 20
1570.0
 10
1580.0
 20
1570.0
 10
1580.0
 20
1570.0
 10
1580.0
 20
1558.0
 10
1580.0
 20
1558.0
 10
1600.0
 20
1558.0
 10
1600.0
 20
1558.0
 10
1600.0
 20
1482.0
 10
1600.0
 20
1482.0
 10
1580.0
 20
1482.0
 10
1580.0
 20
1482.0
 10
1580.0
 20
1470.0
 10
1580.0
 20
1470.0
 10
1556.0
 20
1470.0
 10
1556.0
 20
1470.0
 10
1556.0
 20
1482.0
 10
1556.0
 20
1482.0
 10
1524.0
 20
1482.0
 10
1524.0
 20
1482.0
 10
1524.0
 20
1470.0
 10
1524.0
 20
1470.0
 10
1500.0
 20
1470.0
 10
1500.0
 20
1470.0
 10
1500.0
 20
1482.0
  0
LWPOLYLINE
  5
8C
100
AcDbEntity
  8
mainlayer
 62
4
370
-1
 48
1.0
  6
BYLAYER
100
AcDbPolyline
 90
56
 70
0
 10
1328.0
 20
1466.0
 10
1340.0
 20
1466.0
 10
1340.0
 20
1466.0
 10
1340.0
 20
1560.0
 10
1340.0
 20
1560.0
 10
1320.0
 20
1560.0
 10
1320.0
 20
1560.0
 10
1320.0
 20
1548.0
 10
1320.0
 20
1548.0
 10
1296.0
 20
1548.0
 10
1296.0
 20
1548.0
 10
1296.0
 20
1560.0
 10
1296.0
 20
1560.0
 10
1264.0
 20
1560.0
 10
1264.0
 20
1560.0
 10
1264.0
 20
1548.0
 10
1264.0
 20
1548.0
 10
1240.0
 20
1548.0
 10
1240.0
 20
1548.0
 10
1240.0
 20
1560.0
 10
1240.0
 20
1560.0
 10
1220.0
 20
1560.0
 10
1220.0
 20
1560.0
 10
1220.0
 20
1472.0
 10
1220.0
 20
1472.0
 10
1232.0
 20
1472.0
 10
1232.0
 20
1472.0
 10
1232.0
 20
1448.0
 10
1232.0
 20
1448.0
 10
1220.0
 20
1448.0
 10
1220.0
 20
1448.0
 10
1220.0
 20
1360.0
 10
1220.0
 20
1360.0
 10
1240.0
 20
1360.0
 10
1240.0
 20
1360.0
 10
1240.0
 20
1372.0
 10
1240.0
 20
1372.0
 10
1264.0
 20
1372.0
 10
1264.0
 20
1372.0
 10
1264.0
 20
1360.0
 10
1264.0
 20
1360.0
 10
1296.0
 20
1360.0
 10
1296.0
 20
1360.0
 10
1296.0
 20
1372.0
 10
1296.0
 20
1372.0
 10
1320.0
 20
1372.0
 10
1320.0
 20
1372.0
 10
1320.0
 20
1360.0
 10
1320.0
 20
1360.0
 10
1340.0
 20
1360.0
 10
1340.0
 20
1360.0
 10
1340.0
 20
1454.0
 10
1340.0
 20
1454.0
 10
1328.0
 20
1454.0
 10
1328.0
 20
1454.0
 10
1328.0
 20
1466.0
  0
LWPOLYLINE
  5
8D
100
AcDbEntity
  8
mainlayer
 62
4
370
-1
 48
1.0
  6
BYLAYER
100
AcDbPolyline
 90
24
 70
0
 10
1018.99981689453125
 20
1384.0
 10
1018.99981689453125
 20
1480.0
 10
1018.99981689453125
 20
1480.0
 10
1044.9998779296875
 20
1480.0
 10
1044.9998779296875
 20
1480.0
 10
1044.9998779296875
 20
1492.0
 10
1044.9998779296875
 20
1492.0
 10
1069.0
 20
1492.0
 10
1069.0
 20
1492.0
 10
1069.0
 20
1480.0
 10
1069.0
 20
1480.0
 10
1095.0
 20
1480.0
 10
1095.0
 20
1480.0
 10
1095.0
 20
1384.0
 10
1095.0
 20
1384.0
 10
1107.0
 20
1384.0
 10
1107.0
 20
1384.0
 10
1107.0
 20
1372.0
 10
1107.0
 20
1372.0
 10
1006.99981689453125
 20
1372.0
 10
1006.99981689453125
 20
1372.0
 10
1006.99981689453125
 20
1384.0
 10
1006.99981689453125
 20
1384.0
 10
1018.99981689453125
 20
1384.0
  0
LWPOLYLINE
  5
8E
100
AcDbEntity
  8
mainlayer
 62
4
370
-1
 48
1.0
  6
BYLAYER
100
AcDbPolyline
 90
40
 70
0
 10
1172.0
 20
1548.0
 10
1172.0
 20
1560.0
 10
1172.0
 20
1560.0
 10
1148.0
 20
1560.0
 10
1148.0
 20
1560.0
 10
1148.0
 20
1548.0
 10
1148.0
 20
1548.0
 10
1122.0
 20
1548.0
 10
1122.0
 20
1548.0
 10
1122.0
 20
1472.0
 10
1122.0
 20
1472.0
 10
1110.0
 20
1472.0
 10
1110.0
 20
1472.0
 10
1110.0
 20
1448.0
 10
1110.0
 20
1448.0
 10
1122.0
 20
1448.0
 10
1122.0
 20
1448.0
 10
1122.0
 20
1372.0
 10
1122.0
 20
1372.0
 10
1148.0
 20
1372.0
 10
1148.0
 20
1372.0
 10
1148.0
 20
1360.0
 10
1148.0
 20
1360.0
 10
1172.0
 20
1360.0
 10
1172.0
 20
1360.0
 10
1172.0
 20
1372.0
 10
1172.0
 20
1372.0
 10
1198.0
 20
1372.0
 10
1198.0
 20
1372.0
 10
1198.0
 20
1448.0
 10
1198.0
 20
1448.0
 10
1210.0
 20
1448.0
 10
1210.0
 20
1448.0
 10
1210.0
 20
1472.0
 10
1210.0
 20
1472.0
 10
1198.0
 20
1472.0
 10
1198.0
 20
1472.0
 10
1198.0
 20
1548.0
 10
1198.0
 20
1548.0
 10
1172.0
 20
1548.0
  0
LWPOLYLINE
  5
8F
100
AcDbEntity
  8
mainlayer
 62
4
370
-1
 48
1.0
  6
BYLAYER
100
AcDbPolyline
 90
8
 70
0
 10
1148.0
 20
1466.0
 10
1148.0
 20
1454.0
 10
1148.0
 20
1454.0
 10
1172.0
 20
1454.0
 10
1172.0
 20
1454.0
 10
1172.0
 20
1466.0
 10
1172.0
 20
1466.0
 10
1148.0
 20
1466.0
  0
LWPOLYLINE
  5
90
100
AcDbEntity
  8
mainlayer
 62
4
370
-1
 48
1.0
  6
BYLAYER
100
AcDbPolyline
 90
48
 70
0
 10
901.99969482421875
 20
1372.0
 10
881.99969482421875
 20
1372.0
 10
881.99969482421875
 20
1372.0
 10
881.99969482421875
 20
1398.0
 10
881.99969482421875
 20
1398.0
 10
893.99969482421875
 20
1398.0
 10
893.99969482421875
 20
1398.0
 10
893.99969482421875
 20
1422.0
 10
893.99969482421875
 20
1422.0
 10
881.99969482421875
 20
1422.0
 10
881.99969482421875
 20
1422.0
 10
881.99969482421875
 20
1448.0
 10
881.99969482421875
 20
1448.0
 10
901.99969482421875
 20
1448.0
 10
901.99969482421875
 20
1448.0
 10
901.99969482421875
 20
1460.0
 10
901.99969482421875
 20
1460.0
 10
925.99969482421875
 20
1460.0
 10
925.99969482421875
 20
1460.0
 10
925.99969482421875
 20
1448.0
 10
925.99969482421875
 20
1448.0
 10
957.99969482421875
 20
1448.0
 10
957.99969482421875
 20
1448.0
 10
957.99969482421875
 20
1460.0
 10
957.99969482421875
 20
1460.0
 10
981.999755859375
 20
1460.0
 10
981.999755859375
 20
1460.0
 10
981.999755859375
 20
1448.0
 10
981.999755859375
 20
1448.0
 10
1001.99969482421875
 20
1448.0
 10
1001.99969482421875
 20
1448.0
 10
1001.99969482421875
 20
1372.0
 10
1001.99969482421875
 20
1372.0
 10
981.999755859375
 20
1372.0
 10
981.999755859375
 20
1372.0
 10
981.999755859375
 20
1360.0
 10
981.999755859375
 20
1360.0
 10
957.99969482421875
 20
1360.0
 10
957.99969482421875
 20
1360.0
 10
957.99969482421875
 20
1372.0
 10
957.99969482421875
 20
1372.0
 10
925.99969482421875
 20
1372.0
 10
925.99969482421875
 20
1372.0
 10
925.99969482421875
 20
1360.0
 10
925.99969482421875
 20
1360.0
 10
901.99969482421875
 20
1360.0
 10
901.99969482421875
 20
1360.0
 10
901.99969482421875
 20
1372.0
  0
LWPOLYLINE
  5
91
100
AcDbEntity
  8
mainlayer
 62
4
370
-1
 48
1.0
  6
BYLAYER
100
AcDbPolyline
 90
56
 70
0
 10
859.99969482421875
 20
1466.0
 10
871.99969482421875
 20
1466.0
 10
871.99969482421875
 20
1466.0
 10
871.99969482421875
 20
1560.0
 10
871.99969482421875
 20
1560.0
 10
851.99969482421875
 20
1560.0
 10
851.99969482421875
 20
1560.0
 10
851.99969482421875
 20
1548.0
 10
851.99969482421875
 20
1548.0
 10
827.99969482421875
 20
1548.0
 10
827.99969482421875
 20
1548.0
 10
827.99969482421875
 20
1560.0
 10
827.99969482421875
 20
1560.0
 10
795.99969482421875
 20
1560.0
 10
795.99969482421875
 20
1560.0
 10
795.99969482421875
 20
1548.0
 10
795.99969482421875
 20
1548.0
 10
771.99969482421875
 20
1548.0
 10
771.99969482421875
 20
1548.0
 10
771.99969482421875
 20
1560.0
 10
771.99969482421875
 20
1560.0
 10
751.99969482421875
 20
1560.0
 10
751.99969482421875
 20
1560.0
 10
751.99969482421875
 20
1472.0
 10
751.99969482421875
 20
1472.0
 10
763.99969482421875
 20
1472.0
 10
763.99969482421875
 20
1472.0
 10
763.99969482421875
 20
1448.0
 10
763.99969482421875
 20
1448.0
 10
751.99969482421875
 20
1448.0
 10
751.99969482421875
 20
1448.0
 10
751.99969482421875
 20
1360.0
 10
751.99969482421875
 20
1360.0
 10
771.99969482421875
 20
1360.0
 10
771.99969482421875
 20
1360.0
 10
771.99969482421875
 20
1372.0
 10
771.99969482421875
 20
1372.0
 10
795.99969482421875
 20
1372.0
 10
795.99969482421875
 20
1372.0
 10
795.99969482421875
 20
1360.0
 10
795.99969482421875
 20
1360.0
 10
827.99969482421875
 20
1360.0
 10
827.99969482421875
 20
1360.0
 10
827.99969482421875
 20
1372.0
 10
827.99969482421875
 20
1372.0
 10
851.99969482421875
 20
1372.0
 10
851.99969482421875
 20
1372.0
 10
851.99969482421875
 20
1360.0
 10
851.99969482421875
 20
1360.0
 10
871.99969482421875
 20
1360.0
 10
871.99969482421875
 20
1360.0
 10
871.99969482421875
 20
1454.0
 10
871.99969482421875
 20
1454.0
 10
859.99969482421875
 20
1454.0
 10
859.99969482421875
 20
1454.0
 10
859.99969482421875
 20
1466.0
  0
LWPOLYLINE
  5
92
100
AcDbEntity
  8
mainlayer
 62
4
370
-1
 48
1.0
  6
BYLAYER
100
AcDbPolyline
 90
48
 70
0
 10
901.99969482421875
 20
1482.0
 10
881.99969482421875
 20
1482.0
 10
881.99969482421875
 20
1482.0
 10
881.99969482421875
 20
1508.0
 10
881.99969482421875
 20
1508.0
 10
893.99969482421875
 20
1508.0
 10
893.99969482421875
 20
1508.0
 10
893.99969482421875
 20
1532.0
 10
893.99969482421875
 20
1532.0
 10
881.99969482421875
 20
1532.0
 10
881.99969482421875
 20
1532.0
 10
881.99969482421875
 20
1558.0
 10
881.99969482421875
 20
1558.0
 10
901.99969482421875
 20
1558.0
 10
901.99969482421875
 20
1558.0
 10
901.99969482421875
 20
1570.0
 10
901.99969482421875
 20
1570.0
 10
925.99969482421875
 20
1570.0
 10
925.99969482421875
 20
1570.0
 10
925.99969482421875
 20
1558.0
 10
925.99969482421875
 20
1558.0
 10
957.99969482421875
 20
1558.0
 10
957.99969482421875
 20
1558.0
 10
957.99969482421875
 20
1570.0
 10
957.99969482421875
 20
1570.0
 10
981.999755859375
 20
1570.0
 10
981.999755859375
 20
1570.0
 10
981.999755859375
 20
1558.0
 10
981.999755859375
 20
1558.0
 10
1001.99969482421875
 20
1558.0
 10
1001.99969482421875
 20
1558.0
 10
1001.99969482421875
 20
1482.0
 10
1001.99969482421875
 20
1482.0
 10
981.999755859375
 20
1482.0
 10
981.999755859375
 20
1482.0
 10
981.999755859375
 20
1470.0
 10
981.999755859375
 20
1470.0
 10
957.99969482421875
 20
1470.0
 10
957.99969482421875
 20
1470.0
 10
957.99969482421875
 20
1482.0
 10
957.99969482421875
 20
1482.0
 10
925.99969482421875
 20
1482.0
 10
925.99969482421875
 20
1482.0
 10
925.99969482421875
 20
1470.0
 10
925.99969482421875
 20
1470.0
 10
901.99969482421875
 20
1470.0
 10
901.99969482421875
 20
1470.0
 10
901.99969482421875
 20
1482.0
  0
LWPOLYLINE
  5
93
100
AcDbEntity
  8
mainlayer
 62
4
370
-1
 48
1.0
  6
BYLAYER
100
AcDbPolyline
 90
56
 70
0
 10
729.99969482421875
 20
1466.0
 10
741.99969482421875
 20
1466.0
 10
741.99969482421875
 20
1466.0
 10
741.99969482421875
 20
1560.0
 10
741.99969482421875
 20
1560.0
 10
721.99969482421875
 20
1560.0
 10
721.99969482421875
 20
1560.0
 10
721.99969482421875
 20
1548.0
 10
721.99969482421875
 20
1548.0
 10
697.99969482421875
 20
1548.0
 10
697.99969482421875
 20
1548.0
 10
697.99969482421875
 20
1560.0
 10
697.99969482421875
 20
1560.0
 10
665.99969482421875
 20
1560.0
 10
665.99969482421875
 20
1560.0
 10
665.99969482421875
 20
1548.0
 10
665.99969482421875
 20
1548.0
 10
641.99969482421875
 20
1548.0
 10
641.99969482421875
 20
1548.0
 10
641.99969482421875
 20
1560.0
 10
641.99969482421875
 20
1560.0
 10
621.99969482421875
 20
1560.0
 10
621.99969482421875
 20
1560.0
 10
621.99969482421875
 20
1472.0
 10
621.99969482421875
 20
1472.0
 10
633.99969482421875
 20
1472.0
 10
633.99969482421875
 20
1472.0
 10
633.99969482421875
 20
1448.0
 10
633.99969482421875
 20
1448.0
 10
621.99969482421875
 20
1448.0
 10
621.99969482421875
 20
1448.0
 10
621.99969482421875
 20
1360.0
 10
621.99969482421875
 20
1360.0
 10
641.99969482421875
 20
1360.0
 10
641.99969482421875
 20
1360.0
 10
641.99969482421875
 20
1372.0
 10
641.99969482421875
 20
1372.0
 10
665.99969482421875
 20
1372.0
 10
665.99969482421875
 20
1372.0
 10
665.99969482421875
 20
1360.0
 10
665.99969482421875
 20
1360.0
 10
697.99969482421875
 20
1360.0
 10
697.99969482421875
 20
1360.0
 10
697.99969482421875
 20
1372.0
 10
697.99969482421875
 20
1372.0
 10
721.99969482421875
 20
1372.0
 10
721.99969482421875
 20
1372.0
 10
721.99969482421875
 20
1360.0
 10
721.99969482421875
 20
1360.0
 10
741.99969482421875
 20
1360.0
 10
741.99969482421875
 20
1360.0
 10
741.99969482421875
 20
1454.0
 10
741.99969482421875
 20
1454.0
 10
729.99969482421875
 20
1454.0
 10
729.99969482421875
 20
1454.0
 10
729.99969482421875
 20
1466.0
  0
LWPOLYLINE
  5
94
100
AcDbEntity
  8
mainlayer
 62
4
370
-1
 48
1.0
  6
BYLAYER
100
AcDbPolyline
 90
24
 70
0
 10
420.99957275390625
 20
1384.0
 10
420.99957275390625
 20
1480.0
 10
420.99957275390625
 20
1480.0
 10
446.99957275390625
 20
1480.0
 10
446.99957275390625
 20
1480.0
 10
446.99957275390625
 20
1492.0
 10
446.99957275390625
 20
1492.0
 10
470.99969482421875
 20
1492.0
 10
470.99969482421875
 20
1492.0
 10
470.99969482421875
 20
1480.0
 10
470.99969482421875
 20
1480.0
 10
496.99969482421875
 20
1480.0
 10
496.99969482421875
 20
1480.0
 10
496.99969482421875
 20
1384.0
 10
496.99969482421875
 20
1384.0
 10
508.99969482421875
 20
1384.0
 10
508.99969482421875
 20
1384.0
 10
508.99969482421875
 20
1372.0
 10
508.99969482421875
 20
1372.0
 10
408.99957275390625
 20
1372.0
 10
408.99957275390625
 20
1372.0
 10
408.99957275390625
 20
1384.0
 10
408.99957275390625
 20
1384.0
 10
420.99957275390625
 20
1384.0
  0
LWPOLYLINE
  5
95
100
AcDbEntity
  8
mainlayer
 62
4
370
-1
 48
1.0
  6
BYLAYER
100
AcDbPolyline
 90
40
 70
0
 10
573.99969482421875
 20
1548.0
 10
573.99969482421875
 20
1560.0
 10
573.99969482421875
 20
1560.0
 10
549.99969482421875
 20
1560.0
 10
549.99969482421875
 20
1560.0
 10
549.99969482421875
 20
1548.0
 10
549.99969482421875
 20
1548.0
 10
523.99969482421875
 20
1548.0
 10
523.99969482421875
 20
1548.0
 10
523.99969482421875
 20
1472.0
 10
523.99969482421875
 20
1472.0
 10
511.99969482421875
 20
1472.0
 10
511.99969482421875
 20
1472.0
 10
511.99969482421875
 20
1448.0
 10
511.99969482421875
 20
1448.0
 10
523.99969482421875
 20
1448.0
 10
523.99969482421875
 20
1448.0
 10
523.99969482421875
 20
1372.0
 10
523.99969482421875
 20
1372.0
 10
549.99969482421875
 20
1372.0
 10
549.99969482421875
 20
1372.0
 10
549.99969482421875
 20
1360.0
 10
549.99969482421875
 20
1360.0
 10
573.99969482421875
 20
1360.0
 10
573.99969482421875
 20
1360.0
 10
573.99969482421875
 20
1372.0
 10
573.99969482421875
 20
1372.0
 10
599.99969482421875
 20
1372.0
 10
599.99969482421875
 20
1372.0
 10
599.99969482421875
 20
1448.0
 10
599.99969482421875
 20
1448.0
 10
611.99969482421875
 20
1448.0
 10
611.99969482421875
 20
1448.0
 10
611.99969482421875
 20
1472.0
 10
611.99969482421875
 20
1472.0
 10
599.99969482421875
 20
1472.0
 10
599.99969482421875
 20
1472.0
 10
599.99969482421875
 20
1548.0
 10
599.99969482421875
 20
1548.0
 10
573.99969482421875
 20
1548.0
  0
LWPOLYLINE
  5
96
100
AcDbEntity
  8
mainlayer
 62
4
370
-1
 48
1.0
  6
BYLAYER
100
AcDbPolyline
 90
8
 70
0
 10
549.99969482421875
 20
1466.0
 10
549.99969482421875
 20
1454.0
 10
549.99969482421875
 20
1454.0
 10
573.99969482421875
 20
1454.0
 10
573.99969482421875
 20
1454.0
 10
573.99969482421875
 20
1466.0
 10
573.99969482421875
 20
1466.0
 10
549.99969482421875
 20
1466.0
  0
LWPOLYLINE
  5
97
100
AcDbEntity
  8
mainlayer
 62
4
370
-1
 48
1.0
  6
BYLAYER
100
AcDbPolyline
 90
48
 70
0
 10
1500.0
 20
1152.0
 10
1480.0
 20
1152.0
 10
1480.0
 20
1152.0
 10
1480.0
 20
1178.0
 10
1480.0
 20
1178.0
 10
1492.0
 20
1178.0
 10
1492.0
 20
1178.0
 10
1492.0
 20
1202.0
 10
1492.0
 20
1202.0
 10
1480.0
 20
1202.0
 10
1480.0
 20
1202.0
 10
1480.0
 20
1228.0
 10
1480.0
 20
1228.0
 10
1500.0
 20
1228.0
 10
1500.0
 20
1228.0
 10
1500.0
 20
1240.0
 10
1500.0
 20
1240.0
 10
1524.0
 20
1240.0
 10
1524.0
 20
1240.0
 10
1524.0
 20
1228.0
 10
1524.0
 20
1228.0
 10
1556.0
 20
1228.0
 10
1556.0
 20
1228.0
 10
1556.0
 20
1240.0
 10
1556.0
 20
1240.0
 10
1580.0
 20
1240.0
 10
1580.0
 20
1240.0
 10
1580.0
 20
1228.0
 10
1580.0
 20
1228.0
 10
1600.0
 20
1228.0
 10
1600.0
 20
1228.0
 10
1600.0
 20
1152.0
 10
1600.0
 20
1152.0
 10
1580.0
 20
1152.0
 10
1580.0
 20
1152.0
 10
1580.0
 20
1140.0
 10
1580.0
 20
1140.0
 10
1556.0
 20
1140.0
 10
1556.0
 20
1140.0
 10
1556.0
 20
1152.0
 10
1556.0
 20
1152.0
 10
1524.0
 20
1152.0
 10
1524.0
 20
1152.0
 10
1524.0
 20
1140.0
 10
1524.0
 20
1140.0
 10
1500.0
 20
1140.0
 10
1500.0
 20
1140.0
 10
1500.0
 20
1152.0
  0
LWPOLYLINE
  5
98
100
AcDbEntity
  8
mainlayer
 62
4
370
-1
 48
1.0
  6
BYLAYER
100
AcDbPolyline
 90
56
 70
0
 10
1458.0
 20
1246.0
 10
1470.0
 20
1246.0
 10
1470.0
 20
1246.0
 10
1470.0
 20
1340.0
 10
1470.0
 20
1340.0
 10
1450.0
 20
1340.0
 10
1450.0
 20
1340.0
 10
1450.0
 20
1328.0
 10
1450.0
 20
1328.0
 10
1426.0
 20
1328.0
 10
1426.0
 20
1328.0
 10
1426.0
 20
1340.0
 10
1426.0
 20
1340.0
 10
1394.0
 20
1340.0
 10
1394.0
 20
1340.0
 10
1394.0
 20
1328.0
 10
1394.0
 20
1328.0
 10
1370.0
 20
1328.0
 10
1370.0
 20
1328.0
 10
1370.0
 20
1340.0
 10
1370.0
 20
1340.0
 10
1350.0
 20
1340.0
 10
1350.0
 20
1340.0
 10
1350.0
 20
1252.0
 10
1350.0
 20
1252.0
 10
1362.0
 20
1252.0
 10
1362.0
 20
1252.0
 10
1362.0
 20
1228.0
 10
1362.0
 20
1228.0
 10
1350.0
 20
1228.0
 10
1350.0
 20
1228.0
 10
1350.0
 20
1140.0
 10
1350.0
 20
1140.0
 10
1370.0
 20
1140.0
 10
1370.0
 20
1140.0
 10
1370.0
 20
1152.0
 10
1370.0
 20
1152.0
 10
1394.0
 20
1152.0
 10
1394.0
 20
1152.0
 10
1394.0
 20
1140.0
 10
1394.0
 20
1140.0
 10
1426.0
 20
1140.0
 10
1426.0
 20
1140.0
 10
1426.0
 20
1152.0
 10
1426.0
 20
1152.0
 10
1450.0
 20
1152.0
 10
1450.0
 20
1152.0
 10
1450.0
 20
1140.0
 10
1450.0
 20
1140.0
 10
1470.0
 20
1140.0
 10
1470.0
 20
1140.0
 10
1470.0
 20
1234.0
 10
1470.0
 20
1234.0
 10
1458.0
 20
1234.0
 10
1458.0
 20
1234.0
 10
1458.0
 20
1246.0
  0
LWPOLYLINE
  5
99
100
AcDbEntity
  8
mainlayer
 62
4
370
-1
 48
1.0
  6
BYLAYER
100
AcDbPolyline
 90
48
 70
0
 10
1500.0
 20
1262.0
 10
1480.0
 20
1262.0
 10
1480.0
 20
1262.0
 10
1480.0
 20
1288.0
 10
1480.0
 20
1288.0
 10
1492.0
 20
1288.0
 10
1492.0
 20
1288.0
 10
1492.0
 20
1312.0
 10
1492.0
 20
1312.0
 10
1480.0
 20
1312.0
 10
1480.0
 20
1312.0
 10
1480.0
 20
1338.0
 10
1480.0
 20
1338.0
 10
1500.0
 20
1338.0
 10
1500.0
 20
1338.0
 10
1500.0
 20
1350.0
 10
1500.0
 20
1350.0
 10
1524.0
 20
1350.0
 10
1524.0
 20
1350.0
 10
1524.0
 20
1338.0
 10
1524.0
 20
1338.0
 10
1556.0
 20
1338.0
 10
1556.0
 20
1338.0
 10
1556.0
 20
1350.0
 10
1556.0
 20
1350.0
 10
1580.0
 20
1350.0
 10
1580.0
 20
1350.0
 10
1580.0
 20
1338.0
 10
1580.0
 20
1338.0
 10
1600.0
 20
1338.0
 10
1600.0
 20
1338.0
 10
1600.0
 20
1262.0
 10
1600.0
 20
1262.0
 10
1580.0
 20
1262.0
 10
1580.0
 20
1262.0
 10
1580.0
 20
1250.0
 10
1580.0
 20
1250.0
 10
1556.0
 20
1250.0
 10
1556.0
 20
1250.0
 10
1556.0
 20
1262.0
 10
1556.0
 20
1262.0
 10
1524.0
 20
1262.0
 10
1524.0
 20
1262.0
 10
1524.0
 20
1250.0
 10
1524.0
 20
1250.0
 10
1500.0
 20
1250.0
 10
1500.0
 20
1250.0
 10
1500.0
 20
1262.0
  0
LWPOLYLINE
  5
9A
100
AcDbEntity
  8
mainlayer
 62
4
370
-1
 48
1.0
  6
BYLAYER
100
AcDbPolyline
 90
56
 70
0
 10
1328.0
 20
1246.0
 10
1340.0
 20
1246.0
 10
1340.0
 20
1246.0
 10
1340.0
 20
1340.0
 10
1340.0
 20
1340.0
 10
1320.0
 20
1340.0
 10
1320.0
 20
1340.0
 10
1320.0
 20
1328.0
 10
1320.0
 20
1328.0
 10
1296.0
 20
1328.0
 10
1296.0
 20
1328.0
 10
1296.0
 20
1340.0
 10
1296.0
 20
1340.0
 10
1264.0
 20
1340.0
 10
1264.0
 20
1340.0
 10
1264.0
 20
1328.0
 10
1264.0
 20
1328.0
 10
1240.0
 20
1328.0
 10
1240.0
 20
1328.0
 10
1240.0
 20
1340.0
 10
1240.0
 20
1340.0
 10
1220.0
 20
1340.0
 10
1220.0
 20
1340.0
 10
1220.0
 20
1252.0
 10
1220.0
 20
1252.0
 10
1232.0
 20
1252.0
 10
1232.0
 20
1252.0
 10
1232.0
 20
1228.0
 10
1232.0
 20
1228.0
 10
1220.0
 20
1228.0
 10
1220.0
 20
1228.0
 10
1220.0
 20
1140.0
 10
1220.0
 20
1140.0
 10
1240.0
 20
1140.0
 10
1240.0
 20
1140.0
 10
1240.0
 20
1152.0
 10
1240.0
 20
1152.0
 10
1264.0
 20
1152.0
 10
1264.0
 20
1152.0
 10
1264.0
 20
1140.0
 10
1264.0
 20
1140.0
 10
1296.0
 20
1140.0
 10
1296.0
 20
1140.0
 10
1296.0
 20
1152.0
 10
1296.0
 20
1152.0
 10
1320.0
 20
1152.0
 10
1320.0
 20
1152.0
 10
1320.0
 20
1140.0
 10
1320.0
 20
1140.0
 10
1340.0
 20
1140.0
 10
1340.0
 20
1140.0
 10
1340.0
 20
1234.0
 10
1340.0
 20
1234.0
 10
1328.0
 20
1234.0
 10
1328.0
 20
1234.0
 10
1328.0
 20
1246.0
  0
LWPOLYLINE
  5
9B
100
AcDbEntity
  8
mainlayer
 62
4
370
-1
 48
1.0
  6
BYLAYER
100
AcDbPolyline
 90
24
 70
0
 10
1018.99981689453125
 20
1164.0
 10
1018.99981689453125
 20
1260.0
 10
1018.99981689453125
 20
1260.0
 10
1044.9998779296875
 20
1260.0
 10
1044.9998779296875
 20
1260.0
 10
1044.9998779296875
 20
1272.0
 10
1044.9998779296875
 20
1272.0
 10
1069.0
 20
1272.0
 10
1069.0
 20
1272.0
 10
1069.0
 20
1260.0
 10
1069.0
 20
1260.0
 10
1095.0
 20
1260.0
 10
1095.0
 20
1260.0
 10
1095.0
 20
1164.0
 10
1095.0
 20
1164.0
 10
1107.0
 20
1164.0
 10
1107.0
 20
1164.0
 10
1107.0
 20
1152.0
 10
1107.0
 20
1152.0
 10
1006.99981689453125
 20
1152.0
 10
1006.99981689453125
 20
1152.0
 10
1006.99981689453125
 20
1164.0
 10
1006.99981689453125
 20
1164.0
 10
1018.99981689453125
 20
1164.0
  0
LWPOLYLINE
  5
9C
100
AcDbEntity
  8
mainlayer
 62
4
370
-1
 48
1.0
  6
BYLAYER
100
AcDbPolyline
 90
40
 70
0
 10
1172.0
 20
1328.0
 10
1172.0
 20
1340.0
 10
1172.0
 20
1340.0
 10
1148.0
 20
1340.0
 10
1148.0
 20
1340.0
 10
1148.0
 20
1328.0
 10
1148.0
 20
1328.0
 10
1122.0
 20
1328.0
 10
1122.0
 20
1328.0
 10
1122.0
 20
1252.0
 10
1122.0
 20
1252.0
 10
1110.0
 20
1252.0
 10
1110.0
 20
1252.0
 10
1110.0
 20
1228.0
 10
1110.0
 20
1228.0
 10
1122.0
 20
1228.0
 10
1122.0
 20
1228.0
 10
1122.0
 20
1152.0
 10
1122.0
 20
1152.0
 10
1148.0
 20
1152.0
 10
1148.0
 20
1152.0
 10
1148.0
 20
1140.0
 10
1148.0
 20
1140.0
 10
1172.0
 20
1140.0
 10
1172.0
 20
1140.0
 10
1172.0
 20
1152.0
 10
1172.0
 20
1152.0
 10
1198.0
 20
1152.0
 10
1198.0
 20
1152.0
 10
1198.0
 20
1228.0
 10
1198.0
 20
1228.0
 10
1210.0
 20
1228.0
 10
1210.0
 20
1228.0
 10
1210.0
 20
1252.0
 10
1210.0
 20
1252.0
 10
1198.0
 20
1252.0
 10
1198.0
 20
1252.0
 10
1198.0
 20
1328.0
 10
1198.0
 20
1328.0
 10
1172.0
 20
1328.0
  0
LWPOLYLINE
  5
9D
100
AcDbEntity
  8
mainlayer
 62
4
370
-1
 48
1.0
  6
BYLAYER
100
AcDbPolyline
 90
8
 70
0
 10
1148.0
 20
1246.0
 10
1148.0
 20
1234.0
 10
1148.0
 20
1234.0
 10
1172.0
 20
1234.0
 10
1172.0
 20
1234.0
 10
1172.0
 20
1246.0
 10
1172.0
 20
1246.0
 10
1148.0
 20
1246.0
  0
LWPOLYLINE
  5
9E
100
AcDbEntity
  8
mainlayer
 62
4
370
-1
 48
1.0
  6
BYLAYER
100
AcDbPolyline
 90
48
 70
0
 10
901.99969482421875
 20
1152.0
 10
881.99969482421875
 20
1152.0
 10
881.99969482421875
 20
1152.0
 10
881.99969482421875
 20
1178.0
 10
881.99969482421875
 20
1178.0
 10
893.99969482421875
 20
1178.0
 10
893.99969482421875
 20
1178.0
 10
893.99969482421875
 20
1202.0
 10
893.99969482421875
 20
1202.0
 10
881.99969482421875
 20
1202.0
 10
881.99969482421875
 20
1202.0
 10
881.99969482421875
 20
1228.0
 10
881.99969482421875
 20
1228.0
 10
901.99969482421875
 20
1228.0
 10
901.99969482421875
 20
1228.0
 10
901.99969482421875
 20
1240.0
 10
901.99969482421875
 20
1240.0
 10
925.99969482421875
 20
1240.0
 10
925.99969482421875
 20
1240.0
 10
925.99969482421875
 20
1228.0
 10
925.99969482421875
 20
1228.0
 10
957.99969482421875
 20
1228.0
 10
957.99969482421875
 20
1228.0
 10
957.99969482421875
 20
1240.0
 10
957.99969482421875
 20
1240.0
 10
981.999755859375
 20
1240.0
 10
981.999755859375
 20
1240.0
 10
981.999755859375
 20
1228.0
 10
981.999755859375
 20
1228.0
 10
1001.99969482421875
 20
1228.0
 10
1001.99969482421875
 20
1228.0
 10
1001.99969482421875
 20
1152.0
 10
1001.99969482421875
 20
1152.0
 10
981.999755859375
 20
1152.0
 10
981.999755859375
 20
1152.0
 10
981.999755859375
 20
1140.0
 10
981.999755859375
 20
1140.0
 10
957.99969482421875
 20
1140.0
 10
957.99969482421875
 20
1140.0
 10
957.99969482421875
 20
1152.0
 10
957.99969482421875
 20
1152.0
 10
925.99969482421875
 20
1152.0
 10
925.99969482421875
 20
1152.0
 10
925.99969482421875
 20
1140.0
 10
925.99969482421875
 20
1140.0
 10
901.99969482421875
 20
1140.0
 10
901.99969482421875
 20
1140.0
 10
901.99969482421875
 20
1152.0
  0
LWPOLYLINE
  5
9F
100
AcDbEntity
  8
mainlayer
 62
4
370
-1
 48
1.0
  6
BYLAYER
100
AcDbPolyline
 90
56
 70
0
 10
859.99969482421875
 20
1246.0
 10
871.99969482421875
 20
1246.0
 10
871.99969482421875
 20
1246.0
 10
871.99969482421875
 20
1340.0
 10
871.99969482421875
 20
1340.0
 10
851.99969482421875
 20
1340.0
 10
851.99969482421875
 20
1340.0
 10
851.99969482421875
 20
1328.0
 10
851.99969482421875
 20
1328.0
 10
827.99969482421875
 20
1328.0
 10
827.99969482421875
 20
1328.0
 10
827.99969482421875
 20
1340.0
 10
827.99969482421875
 20
1340.0
 10
795.99969482421875
 20
1340.0
 10
795.99969482421875
 20
1340.0
 10
795.99969482421875
 20
1328.0
 10
795.99969482421875
 20
1328.0
 10
771.99969482421875
 20
1328.0
 10
771.99969482421875
 20
1328.0
 10
771.99969482421875
 20
1340.0
 10
771.99969482421875
 20
1340.0
 10
751.99969482421875
 20
1340.0
 10
751.99969482421875
 20
1340.0
 10
751.99969482421875
 20
1252.0
 10
751.99969482421875
 20
1252.0
 10
763.99969482421875
 20
1252.0
 10
763.99969482421875
 20
1252.0
 10
763.99969482421875
 20
1228.0
 10
763.99969482421875
 20
1228.0
 10
751.99969482421875
 20
1228.0
 10
751.99969482421875
 20
1228.0
 10
751.99969482421875
 20
1140.0
 10
751.99969482421875
 20
1140.0
 10
771.99969482421875
 20
1140.0
 10
771.99969482421875
 20
1140.0
 10
771.99969482421875
 20
1152.0
 10
771.99969482421875
 20
1152.0
 10
795.99969482421875
 20
1152.0
 10
795.99969482421875
 20
1152.0
 10
795.99969482421875
 20
1140.0
 10
795.99969482421875
 20
1140.0
 10
827.99969482421875
 20
1140.0
 10
827.99969482421875
 20
1140.0
 10
827.99969482421875
 20
1152.0
 10
827.99969482421875
 20
1152.0
 10
851.99969482421875
 20
1152.0
 10
851.99969482421875
 20
1152.0
 10
851.99969482421875
 20
1140.0
 10
851.99969482421875
 20
1140.0
 10
871.99969482421875
 20
1140.0
 10
871.99969482421875
 20
1140.0
 10
871.99969482421875
 20
1234.0
 10
871.99969482421875
 20
1234.0
 10
859.99969482421875
 20
1234.0
 10
859.99969482421875
 20
1234.0
 10
859.99969482421875
 20
1246.0
  0
LWPOLYLINE
  5
A0
100
AcDbEntity
  8
mainlayer
 62
4
370
-1
 48
1.0
  6
BYLAYER
100
AcDbPolyline
 90
48
 70
0
 10
901.99969482421875
 20
1262.0
 10
881.99969482421875
 20
1262.0
 10
881.99969482421875
 20
1262.0
 10
881.99969482421875
 20
1288.0
 10
881.99969482421875
 20
1288.0
 10
893.99969482421875
 20
1288.0
 10
893.99969482421875
 20
1288.0
 10
893.99969482421875
 20
1312.0
 10
893.99969482421875
 20
1312.0
 10
881.99969482421875
 20
1312.0
 10
881.99969482421875
 20
1312.0
 10
881.99969482421875
 20
1338.0
 10
881.99969482421875
 20
1338.0
 10
901.99969482421875
 20
1338.0
 10
901.99969482421875
 20
1338.0
 10
901.99969482421875
 20
1350.0
 10
901.99969482421875
 20
1350.0
 10
925.99969482421875
 20
1350.0
 10
925.99969482421875
 20
1350.0
 10
925.99969482421875
 20
1338.0
 10
925.99969482421875
 20
1338.0
 10
957.99969482421875
 20
1338.0
 10
957.99969482421875
 20
1338.0
 10
957.99969482421875
 20
1350.0
 10
957.99969482421875
 20
1350.0
 10
981.999755859375
 20
1350.0
 10
981.999755859375
 20
1350.0
 10
981.999755859375
 20
1338.0
 10
981.999755859375
 20
1338.0
 10
1001.99969482421875
 20
1338.0
 10
1001.99969482421875
 20
1338.0
 10
1001.99969482421875
 20
1262.0
 10
1001.99969482421875
 20
1262.0
 10
981.999755859375
 20
1262.0
 10
981.999755859375
 20
1262.0
 10
981.999755859375
 20
1250.0
 10
981.999755859375
 20
1250.0
 10
957.99969482421875
 20
1250.0
 10
957.99969482421875
 20
1250.0
 10
957.99969482421875
 20
1262.0
 10
957.99969482421875
 20
1262.0
 10
925.99969482421875
 20
1262.0
 10
925.99969482421875
 20
1262.0
 10
925.99969482421875
 20
1250.0
 10
925.99969482421875
 20
1250.0
 10
901.99969482421875
 20
1250.0
 10
901.99969482421875
 20
1250.0
 10
901.99969482421875
 20
1262.0
  0
LWPOLYLINE
  5
A1
100
AcDbEntity
  8
mainlayer
 62
4
370
-1
 48
1.0
  6
BYLAYER
100
AcDbPolyline
 90
56
 70
0
 10
729.99969482421875
 20
1246.0
 10
741.99969482421875
 20
1246.0
 10
741.99969482421875
 20
1246.0
 10
741.99969482421875
 20
1340.0
 10
741.99969482421875
 20
1340.0
 10
721.99969482421875
 20
1340.0
 10
721.99969482421875
 20
1340.0
 10
721.99969482421875
 20
1328.0
 10
721.99969482421875
 20
1328.0
 10
697.99969482421875
 20
1328.0
 10
697.99969482421875
 20
1328.0
 10
697.99969482421875
 20
1340.0
 10
697.99969482421875
 20
1340.0
 10
665.99969482421875
 20
1340.0
 10
665.99969482421875
 20
1340.0
 10
665.99969482421875
 20
1328.0
 10
665.99969482421875
 20
1328.0
 10
641.99969482421875
 20
1328.0
 10
641.99969482421875
 20
1328.0
 10
641.99969482421875
 20
1340.0
 10
641.99969482421875
 20
1340.0
 10
621.99969482421875
 20
1340.0
 10
621.99969482421875
 20
1340.0
 10
621.99969482421875
 20
1252.0
 10
621.99969482421875
 20
1252.0
 10
633.99969482421875
 20
1252.0
 10
633.99969482421875
 20
1252.0
 10
633.99969482421875
 20
1228.0
 10
633.99969482421875
 20
1228.0
 10
621.99969482421875
 20
1228.0
 10
621.99969482421875
 20
1228.0
 10
621.99969482421875
 20
1140.0
 10
621.99969482421875
 20
1140.0
 10
641.99969482421875
 20
1140.0
 10
641.99969482421875
 20
1140.0
 10
641.99969482421875
 20
1152.0
 10
641.99969482421875
 20
1152.0
 10
665.99969482421875
 20
1152.0
 10
665.99969482421875
 20
1152.0
 10
665.99969482421875
 20
1140.0
 10
665.99969482421875
 20
1140.0
 10
697.99969482421875
 20
1140.0
 10
697.99969482421875
 20
1140.0
 10
697.99969482421875
 20
1152.0
 10
697.99969482421875
 20
1152.0
 10
721.99969482421875
 20
1152.0
 10
721.99969482421875
 20
1152.0
 10
721.99969482421875
 20
1140.0
 10
721.99969482421875
 20
1140.0
 10
741.99969482421875
 20
1140.0
 10
741.99969482421875
 20
1140.0
 10
741.99969482421875
 20
1234.0
 10
741.99969482421875
 20
1234.0
 10
729.99969482421875
 20
1234.0
 10
729.99969482421875
 20
1234.0
 10
729.99969482421875
 20
1246.0
  0
LWPOLYLINE
  5
A2
100
AcDbEntity
  8
mainlayer
 62
4
370
-1
 48
1.0
  6
BYLAYER
100
AcDbPolyline
 90
24
 70
0
 10
420.99957275390625
 20
1164.0
 10
420.99957275390625
 20
1260.0
 10
420.99957275390625
 20
1260.0
 10
446.99957275390625
 20
1260.0
 10
446.99957275390625
 20
1260.0
 10
446.99957275390625
 20
1272.0
 10
446.99957275390625
 20
1272.0
 10
470.99969482421875
 20
1272.0
 10
470.99969482421875
 20
1272.0
 10
470.99969482421875
 20
1260.0
 10
470.99969482421875
 20
1260.0
 10
496.99969482421875
 20
1260.0
 10
496.99969482421875
 20
1260.0
 10
496.99969482421875
 20
1164.0
 10
496.99969482421875
 20
1164.0
 10
508.99969482421875
 20
1164.0
 10
508.99969482421875
 20
1164.0
 10
508.99969482421875
 20
1152.0
 10
508.99969482421875
 20
1152.0
 10
408.99957275390625
 20
1152.0
 10
408.99957275390625
 20
1152.0
 10
408.99957275390625
 20
1164.0
 10
408.99957275390625
 20
1164.0
 10
420.99957275390625
 20
1164.0
  0
LWPOLYLINE
  5
A3
100
AcDbEntity
  8
mainlayer
 62
4
370
-1
 48
1.0
  6
BYLAYER
100
AcDbPolyline
 90
40
 70
0
 10
573.99969482421875
 20
1328.0
 10
573.99969482421875
 20
1340.0
 10
573.99969482421875
 20
1340.0
 10
549.99969482421875
 20
1340.0
 10
549.99969482421875
 20
1340.0
 10
549.99969482421875
 20
1328.0
 10
549.99969482421875
 20
1328.0
 10
523.99969482421875
 20
1328.0
 10
523.99969482421875
 20
1328.0
 10
523.99969482421875
 20
1252.0
 10
523.99969482421875
 20
1252.0
 10
511.99969482421875
 20
1252.0
 10
511.99969482421875
 20
1252.0
 10
511.99969482421875
 20
1228.0
 10
511.99969482421875
 20
1228.0
 10
523.99969482421875
 20
1228.0
 10
523.99969482421875
 20
1228.0
 10
523.99969482421875
 20
1152.0
 10
523.99969482421875
 20
1152.0
 10
549.99969482421875
 20
1152.0
 10
549.99969482421875
 20
1152.0
 10
549.99969482421875
 20
1140.0
 10
549.99969482421875
 20
1140.0
 10
573.99969482421875
 20
1140.0
 10
573.99969482421875
 20
1140.0
 10
573.99969482421875
 20
1152.0
 10
573.99969482421875
 20
1152.0
 10
599.99969482421875
 20
1152.0
 10
599.99969482421875
 20
1152.0
 10
599.99969482421875
 20
1228.0
 10
599.99969482421875
 20
1228.0
 10
611.99969482421875
 20
1228.0
 10
611.99969482421875
 20
1228.0
 10
611.99969482421875
 20
1252.0
 10
611.99969482421875
 20
1252.0
 10
599.99969482421875
 20
1252.0
 10
599.99969482421875
 20
1252.0
 10
599.99969482421875
 20
1328.0
 10
599.99969482421875
 20
1328.0
 10
573.99969482421875
 20
1328.0
  0
LWPOLYLINE
  5
A4
100
AcDbEntity
  8
mainlayer
 62
4
370
-1
 48
1.0
  6
BYLAYER
100
AcDbPolyline
 90
8
 70
0
 10
549.99969482421875
 20
1246.0
 10
549.99969482421875
 20
1234.0
 10
549.99969482421875
 20
1234.0
 10
573.99969482421875
 20
1234.0
 10
573.99969482421875
 20
1234.0
 10
573.99969482421875
 20
1246.0
 10
573.99969482421875
 20
1246.0
 10
549.99969482421875
 20
1246.0
  0
LWPOLYLINE
  5
A5
100
AcDbEntity
  8
mainlayer
 62
4
370
-1
 48
1.0
  6
BYLAYER
100
AcDbPolyline
 90
48
 70
0
 10
1500.0
 20
932.0
 10
1480.0
 20
932.0
 10
1480.0
 20
932.0
 10
1480.0
 20
958.0
 10
1480.0
 20
958.0
 10
1492.0
 20
958.0
 10
1492.0
 20
958.0
 10
1492.0
 20
982.0
 10
1492.0
 20
982.0
 10
1480.0
 20
982.0
 10
1480.0
 20
982.0
 10
1480.0
 20
1008.0
 10
1480.0
 20
1008.0
 10
1500.0
 20
1008.0
 10
1500.0
 20
1008.0
 10
1500.0
 20
1020.0
 10
1500.0
 20
1020.0
 10
1524.0
 20
1020.0
 10
1524.0
 20
1020.0
 10
1524.0
 20
1008.0
 10
1524.0
 20
1008.0
 10
1556.0
 20
1008.0
 10
1556.0
 20
1008.0
 10
1556.0
 20
1020.0
 10
1556.0
 20
1020.0
 10
1580.0
 20
1020.0
 10
1580.0
 20
1020.0
 10
1580.0
 20
1008.0
 10
1580.0
 20
1008.0
 10
1600.0
 20
1008.0
 10
1600.0
 20
1008.0
 10
1600.0
 20
932.0
 10
1600.0
 20
932.0
 10
1580.0
 20
932.0
 10
1580.0
 20
932.0
 10
1580.0
 20
920.0
 10
1580.0
 20
920.0
 10
1556.0
 20
920.0
 10
1556.0
 20
920.0
 10
1556.0
 20
932.0
 10
1556.0
 20
932.0
 10
1524.0
 20
932.0
 10
1524.0
 20
932.0
 10
1524.0
 20
920.0
 10
1524.0
 20
920.0
 10
1500.0
 20
920.0
 10
1500.0
 20
920.0
 10
1500.0
 20
932.0
  0
LWPOLYLINE
  5
A6
100
AcDbEntity
  8
mainlayer
 62
4
370
-1
 48
1.0
  6
BYLAYER
100
AcDbPolyline
 90
56
 70
0
 10
1458.0
 20
1026.0
 10
1470.0
 20
1026.0
 10
1470.0
 20
1026.0
 10
1470.0
 20
1120.0
 10
1470.0
 20
1120.0
 10
1450.0
 20
1120.0
 10
1450.0
 20
1120.0
 10
1450.0
 20
1108.0
 10
1450.0
 20
1108.0
 10
1426.0
 20
1108.0
 10
1426.0
 20
1108.0
 10
1426.0
 20
1120.0
 10
1426.0
 20
1120.0
 10
1394.0
 20
1120.0
 10
1394.0
 20
1120.0
 10
1394.0
 20
1108.0
 10
1394.0
 20
1108.0
 10
1370.0
 20
1108.0
 10
1370.0
 20
1108.0
 10
1370.0
 20
1120.0
 10
1370.0
 20
1120.0
 10
1350.0
 20
1120.0
 10
1350.0
 20
1120.0
 10
1350.0
 20
1032.0
 10
1350.0
 20
1032.0
 10
1362.0
 20
1032.0
 10
1362.0
 20
1032.0
 10
1362.0
 20
1008.0
 10
1362.0
 20
1008.0
 10
1350.0
 20
1008.0
 10
1350.0
 20
1008.0
 10
1350.0
 20
920.0
 10
1350.0
 20
920.0
 10
1370.0
 20
920.0
 10
1370.0
 20
920.0
 10
1370.0
 20
932.0
 10
1370.0
 20
932.0
 10
1394.0
 20
932.0
 10
1394.0
 20
932.0
 10
1394.0
 20
920.0
 10
1394.0
 20
920.0
 10
1426.0
 20
920.0
 10
1426.0
 20
920.0
 10
1426.0
 20
932.0
 10
1426.0
 20
932.0
 10
1450.0
 20
932.0
 10
1450.0
 20
932.0
 10
1450.0
 20
920.0
 10
1450.0
 20
920.0
 10
1470.0
 20
920.0
 10
1470.0
 20
920.0
 10
1470.0
 20
1014.0
 10
1470.0
 20
1014.0
 10
1458.0
 20
1014.0
 10
1458.0
 20
1014.0
 10
1458.0
 20
1026.0
  0
LWPOLYLINE
  5
A7
100
AcDbEntity
  8
mainlayer
 62
4
370
-1
 48
1.0
  6
BYLAYER
100
AcDbPolyline
 90
48
 70
0
 10
1500.0
 20
1042.0
 10
1480.0
 20
1042.0
 10
1480.0
 20
1042.0
 10
1480.0
 20
1068.0
 10
1480.0
 20
1068.0
 10
1492.0
 20
1068.0
 10
1492.0
 20
1068.0
 10
1492.0
 20
1092.0
 10
1492.0
 20
1092.0
 10
1480.0
 20
1092.0
 10
1480.0
 20
1092.0
 10
1480.0
 20
1118.0
 10
1480.0
 20
1118.0
 10
1500.0
 20
1118.0
 10
1500.0
 20
1118.0
 10
1500.0
 20
1130.0
 10
1500.0
 20
1130.0
 10
1524.0
 20
1130.0
 10
1524.0
 20
1130.0
 10
1524.0
 20
1118.0
 10
1524.0
 20
1118.0
 10
1556.0
 20
1118.0
 10
1556.0
 20
1118.0
 10
1556.0
 20
1130.0
 10
1556.0
 20
1130.0
 10
1580.0
 20
1130.0
 10
1580.0
 20
1130.0
 10
1580.0
 20
1118.0
 10
1580.0
 20
1118.0
 10
1600.0
 20
1118.0
 10
1600.0
 20
1118.0
 10
1600.0
 20
1042.0
 10
1600.0
 20
1042.0
 10
1580.0
 20
1042.0
 10
1580.0
 20
1042.0
 10
1580.0
 20
1030.0
 10
1580.0
 20
1030.0
 10
1556.0
 20
1030.0
 10
1556.0
 20
1030.0
 10
1556.0
 20
1042.0
 10
1556.0
 20
1042.0
 10
1524.0
 20
1042.0
 10
1524.0
 20
1042.0
 10
1524.0
 20
1030.0
 10
1524.0
 20
1030.0
 10
1500.0
 20
1030.0
 10
1500.0
 20
1030.0
 10
1500.0
 20
1042.0
  0
LWPOLYLINE
  5
A8
100
AcDbEntity
  8
mainlayer
 62
4
370
-1
 48
1.0
  6
BYLAYER
100
AcDbPolyline
 90
56
 70
0
 10
1328.0
 20
1026.0
 10
1340.0
 20
1026.0
 10
1340.0
 20
1026.0
 10
1340.0
 20
1120.0
 10
1340.0
 20
1120.0
 10
1320.0
 20
1120.0
 10
1320.0
 20
1120.0
 10
1320.0
 20
1108.0
 10
1320.0
 20
1108.0
 10
1296.0
 20
1108.0
 10
1296.0
 20
1108.0
 10
1296.0
 20
1120.0
 10
1296.0
 20
1120.0
 10
1264.0
 20
1120.0
 10
1264.0
 20
1120.0
 10
1264.0
 20
1108.0
 10
1264.0
 20
1108.0
 10
1240.0
 20
1108.0
 10
1240.0
 20
1108.0
 10
1240.0
 20
1120.0
 10
1240.0
 20
1120.0
 10
1220.0
 20
1120.0
 10
1220.0
 20
1120.0
 10
1220.0
 20
1032.0
 10
1220.0
 20
1032.0
 10
1232.0
 20
1032.0
 10
1232.0
 20
1032.0
 10
1232.0
 20
1008.0
 10
1232.0
 20
1008.0
 10
1220.0
 20
1008.0
 10
1220.0
 20
1008.0
 10
1220.0
 20
920.0
 10
1220.0
 20
920.0
 10
1240.0
 20
920.0
 10
1240.0
 20
920.0
 10
1240.0
 20
932.0
 10
1240.0
 20
932.0
 10
1264.0
 20
932.0
 10
1264.0
 20
932.0
 10
1264.0
 20
920.0
 10
1264.0
 20
920.0
 10
1296.0
 20
920.0
 10
1296.0
 20
920.0
 10
1296.0
 20
932.0
 10
1296.0
 20
932.0
 10
1320.0
 20
932.0
 10
1320.0
 20
932.0
 10
1320.0
 20
920.0
 10
1320.0
 20
920.0
 10
1340.0
 20
920.0
 10
1340.0
 20
920.0
 10
1340.0
 20
1014.0
 10
1340.0
 20
1014.0
 10
1328.0
 20
1014.0
 10
1328.0
 20
1014.0
 10
1328.0
 20
1026.0
  0
LWPOLYLINE
  5
A9
100
AcDbEntity
  8
mainlayer
 62
4
370
-1
 48
1.0
  6
BYLAYER
100
AcDbPolyline
 90
24
 70
0
 10
1018.99981689453125
 20
944.0
 10
1018.99981689453125
 20
1040.0
 10
1018.99981689453125
 20
1040.0
 10
1044.9998779296875
 20
1040.0
 10
1044.9998779296875
 20
1040.0
 10
1044.9998779296875
 20
1052.0
 10
1044.9998779296875
 20
1052.0
 10
1069.0
 20
1052.0
 10
1069.0
 20
1052.0
 10
1069.0
 20
1040.0
 10
1069.0
 20
1040.0
 10
1095.0
 20
1040.0
 10
1095.0
 20
1040.0
 10
1095.0
 20
944.0
 10
1095.0
 20
944.0
 10
1107.0
 20
944.0
 10
1107.0
 20
944.0
 10
1107.0
 20
932.0
 10
1107.0
 20
932.0
 10
1006.99981689453125
 20
932.0
 10
1006.99981689453125
 20
932.0
 10
1006.99981689453125
 20
944.0
 10
1006.99981689453125
 20
944.0
 10
1018.99981689453125
 20
944.0
  0
LWPOLYLINE
  5
AA
100
AcDbEntity
  8
mainlayer
 62
4
370
-1
 48
1.0
  6
BYLAYER
100
AcDbPolyline
 90
40
 70
0
 10
1172.0
 20
1108.0
 10
1172.0
 20
1120.0
 10
1172.0
 20
1120.0
 10
1148.0
 20
1120.0
 10
1148.0
 20
1120.0
 10
1148.0
 20
1108.0
 10
1148.0
 20
1108.0
 10
1122.0
 20
1108.0
 10
1122.0
 20
1108.0
 10
1122.0
 20
1032.0
 10
1122.0
 20
1032.0
 10
1110.0
 20
1032.0
 10
1110.0
 20
1032.0
 10
1110.0
 20
1008.0
 10
1110.0
 20
1008.0
 10
1122.0
 20
1008.0
 10
1122.0
 20
1008.0
 10
1122.0
 20
932.0
 10
1122.0
 20
932.0
 10
1148.0
 20
932.0
 10
1148.0
 20
932.0
 10
1148.0
 20
920.0
 10
1148.0
 20
920.0
 10
1172.0
 20
920.0
 10
1172.0
 20
920.0
 10
1172.0
 20
932.0
 10
1172.0
 20
932.0
 10
1198.0
 20
932.0
 10
1198.0
 20
932.0
 10
1198.0
 20
1008.0
 10
1198.0
 20
1008.0
 10
1210.0
 20
1008.0
 10
1210.0
 20
1008.0
 10
1210.0
 20
1032.0
 10
1210.0
 20
1032.0
 10
1198.0
 20
1032.0
 10
1198.0
 20
1032.0
 10
1198.0
 20
1108.0
 10
1198.0
 20
1108.0
 10
1172.0
 20
1108.0
  0
LWPOLYLINE
  5
AB
100
AcDbEntity
  8
mainlayer
 62
4
370
-1
 48
1.0
  6
BYLAYER
100
AcDbPolyline
 90
8
 70
0
 10
1148.0
 20
1026.0
 10
1148.0
 20
1014.0
 10
1148.0
 20
1014.0
 10
1172.0
 20
1014.0
 10
1172.0
 20
1014.0
 10
1172.0
 20
1026.0
 10
1172.0
 20
1026.0
 10
1148.0
 20
1026.0
  0
LWPOLYLINE
  5
AC
100
AcDbEntity
  8
mainlayer
 62
4
370
-1
 48
1.0
  6
BYLAYER
100
AcDbPolyline
 90
48
 70
0
 10
901.99969482421875
 20
932.0
 10
881.99969482421875
 20
932.0
 10
881.99969482421875
 20
932.0
 10
881.99969482421875
 20
958.0
 10
881.99969482421875
 20
958.0
 10
893.99969482421875
 20
958.0
 10
893.99969482421875
 20
958.0
 10
893.99969482421875
 20
982.0
 10
893.99969482421875
 20
982.0
 10
881.99969482421875
 20
982.0
 10
881.99969482421875
 20
982.0
 10
881.99969482421875
 20
1008.0
 10
881.99969482421875
 20
1008.0
 10
901.99969482421875
 20
1008.0
 10
901.99969482421875
 20
1008.0
 10
901.99969482421875
 20
1020.0
 10
901.99969482421875
 20
1020.0
 10
925.99969482421875
 20
1020.0
 10
925.99969482421875
 20
1020.0
 10
925.99969482421875
 20
1008.0
 10
925.99969482421875
 20
1008.0
 10
957.99969482421875
 20
1008.0
 10
957.99969482421875
 20
1008.0
 10
957.99969482421875
 20
1020.0
 10
957.99969482421875
 20
1020.0
 10
981.999755859375
 20
1020.0
 10
981.999755859375
 20
1020.0
 10
981.999755859375
 20
1008.0
 10
981.999755859375
 20
1008.0
 10
1001.99969482421875
 20
1008.0
 10
1001.99969482421875
 20
1008.0
 10
1001.99969482421875
 20
932.0
 10
1001.99969482421875
 20
932.0
 10
981.999755859375
 20
932.0
 10
981.999755859375
 20
932.0
 10
981.999755859375
 20
920.0
 10
981.999755859375
 20
920.0
 10
957.99969482421875
 20
920.0
 10
957.99969482421875
 20
920.0
 10
957.99969482421875
 20
932.0
 10
957.99969482421875
 20
932.0
 10
925.99969482421875
 20
932.0
 10
925.99969482421875
 20
932.0
 10
925.99969482421875
 20
920.0
 10
925.99969482421875
 20
920.0
 10
901.99969482421875
 20
920.0
 10
901.99969482421875
 20
920.0
 10
901.99969482421875
 20
932.0
  0
LWPOLYLINE
  5
AD
100
AcDbEntity
  8
mainlayer
 62
4
370
-1
 48
1.0
  6
BYLAYER
100
AcDbPolyline
 90
56
 70
0
 10
859.99969482421875
 20
1026.0
 10
871.99969482421875
 20
1026.0
 10
871.99969482421875
 20
1026.0
 10
871.99969482421875
 20
1120.0
 10
871.99969482421875
 20
1120.0
 10
851.99969482421875
 20
1120.0
 10
851.99969482421875
 20
1120.0
 10
851.99969482421875
 20
1108.0
 10
851.99969482421875
 20
1108.0
 10
827.99969482421875
 20
1108.0
 10
827.99969482421875
 20
1108.0
 10
827.99969482421875
 20
1120.0
 10
827.99969482421875
 20
1120.0
 10
795.99969482421875
 20
1120.0
 10
795.99969482421875
 20
1120.0
 10
795.99969482421875
 20
1108.0
 10
795.99969482421875
 20
1108.0
 10
771.99969482421875
 20
1108.0
 10
771.99969482421875
 20
1108.0
 10
771.99969482421875
 20
1120.0
 10
771.99969482421875
 20
1120.0
 10
751.99969482421875
 20
1120.0
 10
751.99969482421875
 20
1120.0
 10
751.99969482421875
 20
1032.0
 10
751.99969482421875
 20
1032.0
 10
763.99969482421875
 20
1032.0
 10
763.99969482421875
 20
1032.0
 10
763.99969482421875
 20
1008.0
 10
763.99969482421875
 20
1008.0
 10
751.99969482421875
 20
1008.0
 10
751.99969482421875
 20
1008.0
 10
751.99969482421875
 20
920.0
 10
751.99969482421875
 20
920.0
 10
771.99969482421875
 20
920.0
 10
771.99969482421875
 20
920.0
 10
771.99969482421875
 20
932.0
 10
771.99969482421875
 20
932.0
 10
795.99969482421875
 20
932.0
 10
795.99969482421875
 20
932.0
 10
795.99969482421875
 20
920.0
 10
795.99969482421875
 20
920.0
 10
827.99969482421875
 20
920.0
 10
827.99969482421875
 20
920.0
 10
827.99969482421875
 20
932.0
 10
827.99969482421875
 20
932.0
 10
851.99969482421875
 20
932.0
 10
851.99969482421875
 20
932.0
 10
851.99969482421875
 20
920.0
 10
851.99969482421875
 20
920.0
 10
871.99969482421875
 20
920.0
 10
871.99969482421875
 20
920.0
 10
871.99969482421875
 20
1014.0
 10
871.99969482421875
 20
1014.0
 10
859.99969482421875
 20
1014.0
 10
859.99969482421875
 20
1014.0
 10
859.99969482421875
 20
1026.0
  0
LWPOLYLINE
  5
AE
100
AcDbEntity
  8
mainlayer
 62
4
370
-1
 48
1.0
  6
BYLAYER
100
AcDbPolyline
 90
48
 70
0
 10
901.99969482421875
 20
1042.0
 10
881.99969482421875
 20
1042.0
 10
881.99969482421875
 20
1042.0
 10
881.99969482421875
 20
1068.0
 10
881.99969482421875
 20
1068.0
 10
893.99969482421875
 20
1068.0
 10
893.99969482421875
 20
1068.0
 10
893.99969482421875
 20
1092.0
 10
893.99969482421875
 20
1092.0
 10
881.99969482421875
 20
1092.0
 10
881.99969482421875
 20
1092.0
 10
881.99969482421875
 20
1118.0
 10
881.99969482421875
 20
1118.0
 10
901.99969482421875
 20
1118.0
 10
901.99969482421875
 20
1118.0
 10
901.99969482421875
 20
1130.0
 10
901.99969482421875
 20
1130.0
 10
925.99969482421875
 20
1130.0
 10
925.99969482421875
 20
1130.0
 10
925.99969482421875
 20
1118.0
 10
925.99969482421875
 20
1118.0
 10
957.99969482421875
 20
1118.0
 10
957.99969482421875
 20
1118.0
 10
957.99969482421875
 20
1130.0
 10
957.99969482421875
 20
1130.0
 10
981.999755859375
 20
1130.0
 10
981.999755859375
 20
1130.0
 10
981.999755859375
 20
1118.0
 10
981.999755859375
 20
1118.0
 10
1001.99969482421875
 20
1118.0
 10
1001.99969482421875
 20
1118.0
 10
1001.99969482421875
 20
1042.0
 10
1001.99969482421875
 20
1042.0
 10
981.999755859375
 20
1042.0
 10
981.999755859375
 20
1042.0
 10
981.999755859375
 20
1030.0
 10
981.999755859375
 20
1030.0
 10
957.99969482421875
 20
1030.0
 10
957.99969482421875
 20
1030.0
 10
957.99969482421875
 20
1042.0
 10
957.99969482421875
 20
1042.0
 10
925.99969482421875
 20
1042.0
 10
925.99969482421875
 20
1042.0
 10
925.99969482421875
 20
1030.0
 10
925.99969482421875
 20
1030.0
 10
901.99969482421875
 20
1030.0
 10
901.99969482421875
 20
1030.0
 10
901.99969482421875
 20
1042.0
  0
LWPOLYLINE
  5
AF
100
AcDbEntity
  8
mainlayer
 62
4
370
-1
 48
1.0
  6
BYLAYER
100
AcDbPolyline
 90
56
 70
0
 10
729.99969482421875
 20
1026.0
 10
741.99969482421875
 20
1026.0
 10
741.99969482421875
 20
1026.0
 10
741.99969482421875
 20
1120.0
 10
741.99969482421875
 20
1120.0
 10
721.99969482421875
 20
1120.0
 10
721.99969482421875
 20
1120.0
 10
721.99969482421875
 20
1108.0
 10
721.99969482421875
 20
1108.0
 10
697.99969482421875
 20
1108.0
 10
697.99969482421875
 20
1108.0
 10
697.99969482421875
 20
1120.0
 10
697.99969482421875
 20
1120.0
 10
665.99969482421875
 20
1120.0
 10
665.99969482421875
 20
1120.0
 10
665.99969482421875
 20
1108.0
 10
665.99969482421875
 20
1108.0
 10
641.99969482421875
 20
1108.0
 10
641.99969482421875
 20
1108.0
 10
641.99969482421875
 20
1120.0
 10
641.99969482421875
 20
1120.0
 10
621.99969482421875
 20
1120.0
 10
621.99969482421875
 20
1120.0
 10
621.99969482421875
 20
1032.0
 10
621.99969482421875
 20
1032.0
 10
633.99969482421875
 20
1032.0
 10
633.99969482421875
 20
1032.0
 10
633.99969482421875
 20
1008.0
 10
633.99969482421875
 20
1008.0
 10
621.99969482421875
 20
1008.0
 10
621.99969482421875
 20
1008.0
 10
621.99969482421875
 20
920.0
 10
621.99969482421875
 20
920.0
 10
641.99969482421875
 20
920.0
 10
641.99969482421875
 20
920.0
 10
641.99969482421875
 20
932.0
 10
641.99969482421875
 20
932.0
 10
665.99969482421875
 20
932.0
 10
665.99969482421875
 20
932.0
 10
665.99969482421875
 20
920.0
 10
665.99969482421875
 20
920.0
 10
697.99969482421875
 20
920.0
 10
697.99969482421875
 20
920.0
 10
697.99969482421875
 20
932.0
 10
697.99969482421875
 20
932.0
 10
721.99969482421875
 20
932.0
 10
721.99969482421875
 20
932.0
 10
721.99969482421875
 20
920.0
 10
721.99969482421875
 20
920.0
 10
741.99969482421875
 20
920.0
 10
741.99969482421875
 20
920.0
 10
741.99969482421875
 20
1014.0
 10
741.99969482421875
 20
1014.0
 10
729.99969482421875
 20
1014.0
 10
729.99969482421875
 20
1014.0
 10
729.99969482421875
 20
1026.0
  0
LWPOLYLINE
  5
B0
100
AcDbEntity
  8
mainlayer
 62
4
370
-1
 48
1.0
  6
BYLAYER
100
AcDbPolyline
 90
24
 70
0
 10
420.99957275390625
 20
944.0
 10
420.99957275390625
 20
1040.0
 10
420.99957275390625
 20
1040.0
 10
446.99957275390625
 20
1040.0
 10
446.99957275390625
 20
1040.0
 10
446.99957275390625
 20
1052.0
 10
446.99957275390625
 20
1052.0
 10
470.99969482421875
 20
1052.0
 10
470.99969482421875
 20
1052.0
 10
470.99969482421875
 20
1040.0
 10
470.99969482421875
 20
1040.0
 10
496.99969482421875
 20
1040.0
 10
496.99969482421875
 20
1040.0
 10
496.99969482421875
 20
944.0
 10
496.99969482421875
 20
944.0
 10
508.99969482421875
 20
944.0
 10
508.99969482421875
 20
944.0
 10
508.99969482421875
 20
932.0
 10
508.99969482421875
 20
932.0
 10
408.99957275390625
 20
932.0
 10
408.99957275390625
 20
932.0
 10
408.99957275390625
 20
944.0
 10
408.99957275390625
 20
944.0
 10
420.99957275390625
 20
944.0
  0
LWPOLYLINE
  5
B1
100
AcDbEntity
  8
mainlayer
 62
4
370
-1
 48
1.0
  6
BYLAYER
100
AcDbPolyline
 90
40
 70
0
 10
573.99969482421875
 20
1108.0
 10
573.99969482421875
 20
1120.0
 10
573.99969482421875
 20
1120.0
 10
549.99969482421875
 20
1120.0
 10
549.99969482421875
 20
1120.0
 10
549.99969482421875
 20
1108.0
 10
549.99969482421875
 20
1108.0
 10
523.99969482421875
 20
1108.0
 10
523.99969482421875
 20
1108.0
 10
523.99969482421875
 20
1032.0
 10
523.99969482421875
 20
1032.0
 10
511.99969482421875
 20
1032.0
 10
511.99969482421875
 20
1032.0
 10
511.99969482421875
 20
1008.0
 10
511.99969482421875
 20
1008.0
 10
523.99969482421875
 20
1008.0
 10
523.99969482421875
 20
1008.0
 10
523.99969482421875
 20
932.0
 10
523.99969482421875
 20
932.0
 10
549.99969482421875
 20
932.0
 10
549.99969482421875
 20
932.0
 10
549.99969482421875
 20
920.0
 10
549.99969482421875
 20
920.0
 10
573.99969482421875
 20
920.0
 10
573.99969482421875
 20
920.0
 10
573.99969482421875
 20
932.0
 10
573.99969482421875
 20
932.0
 10
599.99969482421875
 20
932.0
 10
599.99969482421875
 20
932.0
 10
599.99969482421875
 20
1008.0
 10
599.99969482421875
 20
1008.0
 10
611.99969482421875
 20
1008.0
 10
611.99969482421875
 20
1008.0
 10
611.99969482421875
 20
1032.0
 10
611.99969482421875
 20
1032.0
 10
599.99969482421875
 20
1032.0
 10
599.99969482421875
 20
1032.0
 10
599.99969482421875
 20
1108.0
 10
599.99969482421875
 20
1108.0
 10
573.99969482421875
 20
1108.0
  0
LWPOLYLINE
  5
B2
100
AcDbEntity
  8
mainlayer
 62
4
370
-1
 48
1.0
  6
BYLAYER
100
AcDbPolyline
 90
8
 70
0
 10
549.99969482421875
 20
1026.0
 10
549.99969482421875
 20
1014.0
 10
549.99969482421875
 20
1014.0
 10
573.99969482421875
 20
1014.0
 10
573.99969482421875
 20
1014.0
 10
573.99969482421875
 20
1026.0
 10
573.99969482421875
 20
1026.0
 10
549.99969482421875
 20
1026.0
  0
LWPOLYLINE
  5
B3
100
AcDbEntity
  8
mainlayer
 62
4
370
-1
 48
1.0
  6
BYLAYER
100
AcDbPolyline
 90
48
 70
0
 10
1500.0
 20
712.0
 10
1480.0
 20
712.0
 10
1480.0
 20
712.0
 10
1480.0
 20
738.0
 10
1480.0
 20
738.0
 10
1492.0
 20
738.0
 10
1492.0
 20
738.0
 10
1492.0
 20
762.0
 10
1492.0
 20
762.0
 10
1480.0
 20
762.0
 10
1480.0
 20
762.0
 10
1480.0
 20
788.0
 10
1480.0
 20
788.0
 10
1500.0
 20
788.0
 10
1500.0
 20
788.0
 10
1500.0
 20
800.0
 10
1500.0
 20
800.0
 10
1524.0
 20
800.0
 10
1524.0
 20
800.0
 10
1524.0
 20
788.0
 10
1524.0
 20
788.0
 10
1556.0
 20
788.0
 10
1556.0
 20
788.0
 10
1556.0
 20
800.0
 10
1556.0
 20
800.0
 10
1580.0
 20
800.0
 10
1580.0
 20
800.0
 10
1580.0
 20
788.0
 10
1580.0
 20
788.0
 10
1600.0
 20
788.0
 10
1600.0
 20
788.0
 10
1600.0
 20
712.0
 10
1600.0
 20
712.0
 10
1580.0
 20
712.0
 10
1580.0
 20
712.0
 10
1580.0
 20
700.0
 10
1580.0
 20
700.0
 10
1556.0
 20
700.0
 10
1556.0
 20
700.0
 10
1556.0
 20
712.0
 10
1556.0
 20
712.0
 10
1524.0
 20
712.0
 10
1524.0
 20
712.0
 10
1524.0
 20
700.0
 10
1524.0
 20
700.0
 10
1500.0
 20
700.0
 10
1500.0
 20
700.0
 10
1500.0
 20
712.0
  0
LWPOLYLINE
  5
B4
100
AcDbEntity
  8
mainlayer
 62
4
370
-1
 48
1.0
  6
BYLAYER
100
AcDbPolyline
 90
56
 70
0
 10
1458.0
 20
806.0
 10
1470.0
 20
806.0
 10
1470.0
 20
806.0
 10
1470.0
 20
900.0
 10
1470.0
 20
900.0
 10
1450.0
 20
900.0
 10
1450.0
 20
900.0
 10
1450.0
 20
888.0
 10
1450.0
 20
888.0
 10
1426.0
 20
888.0
 10
1426.0
 20
888.0
 10
1426.0
 20
900.0
 10
1426.0
 20
900.0
 10
1394.0
 20
900.0
 10
1394.0
 20
900.0
 10
1394.0
 20
888.0
 10
1394.0
 20
888.0
 10
1370.0
 20
888.0
 10
1370.0
 20
888.0
 10
1370.0
 20
900.0
 10
1370.0
 20
900.0
 10
1350.0
 20
900.0
 10
1350.0
 20
900.0
 10
1350.0
 20
812.0
 10
1350.0
 20
812.0
 10
1362.0
 20
812.0
 10
1362.0
 20
812.0
 10
1362.0
 20
788.0
 10
1362.0
 20
788.0
 10
1350.0
 20
788.0
 10
1350.0
 20
788.0
 10
1350.0
 20
700.0
 10
1350.0
 20
700.0
 10
1370.0
 20
700.0
 10
1370.0
 20
700.0
 10
1370.0
 20
712.0
 10
1370.0
 20
712.0
 10
1394.0
 20
712.0
 10
1394.0
 20
712.0
 10
1394.0
 20
700.0
 10
1394.0
 20
700.0
 10
1426.0
 20
700.0
 10
1426.0
 20
700.0
 10
1426.0
 20
712.0
 10
1426.0
 20
712.0
 10
1450.0
 20
712.0
 10
1450.0
 20
712.0
 10
1450.0
 20
700.0
 10
1450.0
 20
700.0
 10
1470.0
 20
700.0
 10
1470.0
 20
700.0
 10
1470.0
 20
794.0
 10
1470.0
 20
794.0
 10
1458.0
 20
794.0
 10
1458.0
 20
794.0
 10
1458.0
 20
806.0
  0
LWPOLYLINE
  5
B5
100
AcDbEntity
  8
mainlayer
 62
4
370
-1
 48
1.0
  6
BYLAYER
100
AcDbPolyline
 90
48
 70
0
 10
1500.0
 20
822.0
 10
1480.0
 20
822.0
 10
1480.0
 20
822.0
 10
1480.0
 20
848.0
 10
1480.0
 20
848.0
 10
1492.0
 20
848.0
 10
1492.0
 20
848.0
 10
1492.0
 20
872.0
 10
1492.0
 20
872.0
 10
1480.0
 20
872.0
 10
1480.0
 20
872.0
 10
1480.0
 20
898.0
 10
1480.0
 20
898.0
 10
1500.0
 20
898.0
 10
1500.0
 20
898.0
 10
1500.0
 20
910.0
 10
1500.0
 20
910.0
 10
1524.0
 20
910.0
 10
1524.0
 20
910.0
 10
1524.0
 20
898.0
 10
1524.0
 20
898.0
 10
1556.0
 20
898.0
 10
1556.0
 20
898.0
 10
1556.0
 20
910.0
 10
1556.0
 20
910.0
 10
1580.0
 20
910.0
 10
1580.0
 20
910.0
 10
1580.0
 20
898.0
 10
1580.0
 20
898.0
 10
1600.0
 20
898.0
 10
1600.0
 20
898.0
 10
1600.0
 20
822.0
 10
1600.0
 20
822.0
 10
1580.0
 20
822.0
 10
1580.0
 20
822.0
 10
1580.0
 20
810.0
 10
1580.0
 20
810.0
 10
1556.0
 20
810.0
 10
1556.0
 20
810.0
 10
1556.0
 20
822.0
 10
1556.0
 20
822.0
 10
1524.0
 20
822.0
 10
1524.0
 20
822.0
 10
1524.0
 20
810.0
 10
1524.0
 20
810.0
 10
1500.0
 20
810.0
 10
1500.0
 20
810.0
 10
1500.0
 20
822.0
  0
LWPOLYLINE
  5
B6
100
AcDbEntity
  8
mainlayer
 62
4
370
-1
 48
1.0
  6
BYLAYER
100
AcDbPolyline
 90
56
 70
0
 10
1328.0
 20
806.0
 10
1340.0
 20
806.0
 10
1340.0
 20
806.0
 10
1340.0
 20
900.0
 10
1340.0
 20
900.0
 10
1320.0
 20
900.0
 10
1320.0
 20
900.0
 10
1320.0
 20
888.0
 10
1320.0
 20
888.0
 10
1296.0
 20
888.0
 10
1296.0
 20
888.0
 10
1296.0
 20
900.0
 10
1296.0
 20
900.0
 10
1264.0
 20
900.0
 10
1264.0
 20
900.0
 10
1264.0
 20
888.0
 10
1264.0
 20
888.0
 10
1240.0
 20
888.0
 10
1240.0
 20
888.0
 10
1240.0
 20
900.0
 10
1240.0
 20
900.0
 10
1220.0
 20
900.0
 10
1220.0
 20
900.0
 10
1220.0
 20
812.0
 10
1220.0
 20
812.0
 10
1232.0
 20
812.0
 10
1232.0
 20
812.0
 10
1232.0
 20
788.0
 10
1232.0
 20
788.0
 10
1220.0
 20
788.0
 10
1220.0
 20
788.0
 10
1220.0
 20
700.0
 10
1220.0
 20
700.0
 10
1240.0
 20
700.0
 10
1240.0
 20
700.0
 10
1240.0
 20
712.0
 10
1240.0
 20
712.0
 10
1264.0
 20
712.0
 10
1264.0
 20
712.0
 10
1264.0
 20
700.0
 10
1264.0
 20
700.0
 10
1296.0
 20
700.0
 10
1296.0
 20
700.0
 10
1296.0
 20
712.0
 10
1296.0
 20
712.0
 10
1320.0
 20
712.0
 10
1320.0
 20
712.0
 10
1320.0
 20
700.0
 10
1320.0
 20
700.0
 10
1340.0
 20
700.0
 10
1340.0
 20
700.0
 10
1340.0
 20
794.0
 10
1340.0
 20
794.0
 10
1328.0
 20
794.0
 10
1328.0
 20
794.0
 10
1328.0
 20
806.0
  0
LWPOLYLINE
  5
B7
100
AcDbEntity
  8
mainlayer
 62
4
370
-1
 48
1.0
  6
BYLAYER
100
AcDbPolyline
 90
24
 70
0
 10
1018.99981689453125
 20
724.0
 10
1018.99981689453125
 20
820.0
 10
1018.99981689453125
 20
820.0
 10
1044.9998779296875
 20
820.0
 10
1044.9998779296875
 20
820.0
 10
1044.9998779296875
 20
832.0
 10
1044.9998779296875
 20
832.0
 10
1069.0
 20
832.0
 10
1069.0
 20
832.0
 10
1069.0
 20
820.0
 10
1069.0
 20
820.0
 10
1095.0
 20
820.0
 10
1095.0
 20
820.0
 10
1095.0
 20
724.0
 10
1095.0
 20
724.0
 10
1107.0
 20
724.0
 10
1107.0
 20
724.0
 10
1107.0
 20
712.0
 10
1107.0
 20
712.0
 10
1006.99981689453125
 20
712.0
 10
1006.99981689453125
 20
712.0
 10
1006.99981689453125
 20
724.0
 10
1006.99981689453125
 20
724.0
 10
1018.99981689453125
 20
724.0
  0
LWPOLYLINE
  5
B8
100
AcDbEntity
  8
mainlayer
 62
4
370
-1
 48
1.0
  6
BYLAYER
100
AcDbPolyline
 90
40
 70
0
 10
1172.0
 20
888.0
 10
1172.0
 20
900.0
 10
1172.0
 20
900.0
 10
1148.0
 20
900.0
 10
1148.0
 20
900.0
 10
1148.0
 20
888.0
 10
1148.0
 20
888.0
 10
1122.0
 20
888.0
 10
1122.0
 20
888.0
 10
1122.0
 20
812.0
 10
1122.0
 20
812.0
 10
1110.0
 20
812.0
 10
1110.0
 20
812.0
 10
1110.0
 20
788.0
 10
1110.0
 20
788.0
 10
1122.0
 20
788.0
 10
1122.0
 20
788.0
 10
1122.0
 20
712.0
 10
1122.0
 20
712.0
 10
1148.0
 20
712.0
 10
1148.0
 20
712.0
 10
1148.0
 20
700.0
 10
1148.0
 20
700.0
 10
1172.0
 20
700.0
 10
1172.0
 20
700.0
 10
1172.0
 20
712.0
 10
1172.0
 20
712.0
 10
1198.0
 20
712.0
 10
1198.0
 20
712.0
 10
1198.0
 20
788.0
 10
1198.0
 20
788.0
 10
1210.0
 20
788.0
 10
1210.0
 20
788.0
 10
1210.0
 20
812.0
 10
1210.0
 20
812.0
 10
1198.0
 20
812.0
 10
1198.0
 20
812.0
 10
1198.0
 20
888.0
 10
1198.0
 20
888.0
 10
1172.0
 20
888.0
  0
LWPOLYLINE
  5
B9
100
AcDbEntity
  8
mainlayer
 62
4
370
-1
 48
1.0
  6
BYLAYER
100
AcDbPolyline
 90
8
 70
0
 10
1148.0
 20
806.0
 10
1148.0
 20
794.0
 10
1148.0
 20
794.0
 10
1172.0
 20
794.0
 10
1172.0
 20
794.0
 10
1172.0
 20
806.0
 10
1172.0
 20
806.0
 10
1148.0
 20
806.0
  0
LWPOLYLINE
  5
BA
100
AcDbEntity
  8
mainlayer
 62
4
370
-1
 48
1.0
  6
BYLAYER
100
AcDbPolyline
 90
48
 70
0
 10
901.99969482421875
 20
712.0
 10
881.99969482421875
 20
712.0
 10
881.99969482421875
 20
712.0
 10
881.99969482421875
 20
738.0
 10
881.99969482421875
 20
738.0
 10
893.99969482421875
 20
738.0
 10
893.99969482421875
 20
738.0
 10
893.99969482421875
 20
762.0
 10
893.99969482421875
 20
762.0
 10
881.99969482421875
 20
762.0
 10
881.99969482421875
 20
762.0
 10
881.99969482421875
 20
788.0
 10
881.99969482421875
 20
788.0
 10
901.99969482421875
 20
788.0
 10
901.99969482421875
 20
788.0
 10
901.99969482421875
 20
800.0
 10
901.99969482421875
 20
800.0
 10
925.99969482421875
 20
800.0
 10
925.99969482421875
 20
800.0
 10
925.99969482421875
 20
788.0
 10
925.99969482421875
 20
788.0
 10
957.99969482421875
 20
788.0
 10
957.99969482421875
 20
788.0
 10
957.99969482421875
 20
800.0
 10
957.99969482421875
 20
800.0
 10
981.999755859375
 20
800.0
 10
981.999755859375
 20
800.0
 10
981.999755859375
 20
788.0
 10
981.999755859375
 20
788.0
 10
1001.99969482421875
 20
788.0
 10
1001.99969482421875
 20
788.0
 10
1001.99969482421875
 20
712.0
 10
1001.99969482421875
 20
712.0
 10
981.999755859375
 20
712.0
 10
981.999755859375
 20
712.0
 10
981.999755859375
 20
700.0
 10
981.999755859375
 20
700.0
 10
957.99969482421875
 20
700.0
 10
957.99969482421875
 20
700.0
 10
957.99969482421875
 20
712.0
 10
957.99969482421875
 20
712.0
 10
925.99969482421875
 20
712.0
 10
925.99969482421875
 20
712.0
 10
925.99969482421875
 20
700.0
 10
925.99969482421875
 20
700.0
 10
901.99969482421875
 20
700.0
 10
901.99969482421875
 20
700.0
 10
901.99969482421875
 20
712.0
  0
LWPOLYLINE
  5
BB
100
AcDbEntity
  8
mainlayer
 62
4
370
-1
 48
1.0
  6
BYLAYER
100
AcDbPolyline
 90
56
 70
0
 10
859.99969482421875
 20
806.0
 10
871.99969482421875
 20
806.0
 10
871.99969482421875
 20
806.0
 10
871.99969482421875
 20
900.0
 10
871.99969482421875
 20
900.0
 10
851.99969482421875
 20
900.0
 10
851.99969482421875
 20
900.0
 10
851.99969482421875
 20
888.0
 10
851.99969482421875
 20
888.0
 10
827.99969482421875
 20
888.0
 10
827.99969482421875
 20
888.0
 10
827.99969482421875
 20
900.0
 10
827.99969482421875
 20
900.0
 10
795.99969482421875
 20
900.0
 10
795.99969482421875
 20
900.0
 10
795.99969482421875
 20
888.0
 10
795.99969482421875
 20
888.0
 10
771.99969482421875
 20
888.0
 10
771.99969482421875
 20
888.0
 10
771.99969482421875
 20
900.0
 10
771.99969482421875
 20
900.0
 10
751.99969482421875
 20
900.0
 10
751.99969482421875
 20
900.0
 10
751.99969482421875
 20
812.0
 10
751.99969482421875
 20
812.0
 10
763.99969482421875
 20
812.0
 10
763.99969482421875
 20
812.0
 10
763.99969482421875
 20
788.0
 10
763.99969482421875
 20
788.0
 10
751.99969482421875
 20
788.0
 10
751.99969482421875
 20
788.0
 10
751.99969482421875
 20
700.0
 10
751.99969482421875
 20
700.0
 10
771.99969482421875
 20
700.0
 10
771.99969482421875
 20
700.0
 10
771.99969482421875
 20
712.0
 10
771.99969482421875
 20
712.0
 10
795.99969482421875
 20
712.0
 10
795.99969482421875
 20
712.0
 10
795.99969482421875
 20
700.0
 10
795.99969482421875
 20
700.0
 10
827.99969482421875
 20
700.0
 10
827.99969482421875
 20
700.0
 10
827.99969482421875
 20
712.0
 10
827.99969482421875
 20
712.0
 10
851.99969482421875
 20
712.0
 10
851.99969482421875
 20
712.0
 10
851.99969482421875
 20
700.0
 10
851.99969482421875
 20
700.0
 10
871.99969482421875
 20
700.0
 10
871.99969482421875
 20
700.0
 10
871.99969482421875
 20
794.0
 10
871.99969482421875
 20
794.0
 10
859.99969482421875
 20
794.0
 10
859.99969482421875
 20
794.0
 10
859.99969482421875
 20
806.0
  0
LWPOLYLINE
  5
BC
100
AcDbEntity
  8
mainlayer
 62
4
370
-1
 48
1.0
  6
BYLAYER
100
AcDbPolyline
 90
48
 70
0
 10
901.99969482421875
 20
822.0
 10
881.99969482421875
 20
822.0
 10
881.99969482421875
 20
822.0
 10
881.99969482421875
 20
848.0
 10
881.99969482421875
 20
848.0
 10
893.99969482421875
 20
848.0
 10
893.99969482421875
 20
848.0
 10
893.99969482421875
 20
872.0
 10
893.99969482421875
 20
872.0
 10
881.99969482421875
 20
872.0
 10
881.99969482421875
 20
872.0
 10
881.99969482421875
 20
898.0
 10
881.99969482421875
 20
898.0
 10
901.99969482421875
 20
898.0
 10
901.99969482421875
 20
898.0
 10
901.99969482421875
 20
910.0
 10
901.99969482421875
 20
910.0
 10
925.99969482421875
 20
910.0
 10
925.99969482421875
 20
910.0
 10
925.99969482421875
 20
898.0
 10
925.99969482421875
 20
898.0
 10
957.99969482421875
 20
898.0
 10
957.99969482421875
 20
898.0
 10
957.99969482421875
 20
910.0
 10
957.99969482421875
 20
910.0
 10
981.999755859375
 20
910.0
 10
981.999755859375
 20
910.0
 10
981.999755859375
 20
898.0
 10
981.999755859375
 20
898.0
 10
1001.99969482421875
 20
898.0
 10
1001.99969482421875
 20
898.0
 10
1001.99969482421875
 20
822.0
 10
1001.99969482421875
 20
822.0
 10
981.999755859375
 20
822.0
 10
981.999755859375
 20
822.0
 10
981.999755859375
 20
810.0
 10
981.999755859375
 20
810.0
 10
957.99969482421875
 20
810.0
 10
957.99969482421875
 20
810.0
 10
957.99969482421875
 20
822.0
 10
957.99969482421875
 20
822.0
 10
925.99969482421875
 20
822.0
 10
925.99969482421875
 20
822.0
 10
925.99969482421875
 20
810.0
 10
925.99969482421875
 20
810.0
 10
901.99969482421875
 20
810.0
 10
901.99969482421875
 20
810.0
 10
901.99969482421875
 20
822.0
  0
LWPOLYLINE
  5
BD
100
AcDbEntity
  8
mainlayer
 62
4
370
-1
 48
1.0
  6
BYLAYER
100
AcDbPolyline
 90
56
 70
0
 10
729.99969482421875
 20
806.0
 10
741.99969482421875
 20
806.0
 10
741.99969482421875
 20
806.0
 10
741.99969482421875
 20
900.0
 10
741.99969482421875
 20
900.0
 10
721.99969482421875
 20
900.0
 10
721.99969482421875
 20
900.0
 10
721.99969482421875
 20
888.0
 10
721.99969482421875
 20
888.0
 10
697.99969482421875
 20
888.0
 10
697.99969482421875
 20
888.0
 10
697.99969482421875
 20
900.0
 10
697.99969482421875
 20
900.0
 10
665.99969482421875
 20
900.0
 10
665.99969482421875
 20
900.0
 10
665.99969482421875
 20
888.0
 10
665.99969482421875
 20
888.0
 10
641.99969482421875
 20
888.0
 10
641.99969482421875
 20
888.0
 10
641.99969482421875
 20
900.0
 10
641.99969482421875
 20
900.0
 10
621.99969482421875
 20
900.0
 10
621.99969482421875
 20
900.0
 10
621.99969482421875
 20
812.0
 10
621.99969482421875
 20
812.0
 10
633.99969482421875
 20
812.0
 10
633.99969482421875
 20
812.0
 10
633.99969482421875
 20
788.0
 10
633.99969482421875
 20
788.0
 10
621.99969482421875
 20
788.0
 10
621.99969482421875
 20
788.0
 10
621.99969482421875
 20
700.0
 10
621.99969482421875
 20
700.0
 10
641.99969482421875
 20
700.0
 10
641.99969482421875
 20
700.0
 10
641.99969482421875
 20
712.0
 10
641.99969482421875
 20
712.0
 10
665.99969482421875
 20
712.0
 10
665.99969482421875
 20
712.0
 10
665.99969482421875
 20
700.0
 10
665.99969482421875
 20
700.0
 10
697.99969482421875
 20
700.0
 10
697.99969482421875
 20
700.0
 10
697.99969482421875
 20
712.0
 10
697.99969482421875
 20
712.0
 10
721.99969482421875
 20
712.0
 10
721.99969482421875
 20
712.0
 10
721.99969482421875
 20
700.0
 10
721.99969482421875
 20
700.0
 10
741.99969482421875
 20
700.0
 10
741.99969482421875
 20
700.0
 10
741.99969482421875
 20
794.0
 10
741.99969482421875
 20
794.0
 10
729.99969482421875
 20
794.0
 10
729.99969482421875
 20
794.0
 10
729.99969482421875
 20
806.0
  0
LWPOLYLINE
  5
BE
100
AcDbEntity
  8
mainlayer
 62
4
370
-1
 48
1.0
  6
BYLAYER
100
AcDbPolyline
 90
24
 70
0
 10
420.99957275390625
 20
724.0
 10
420.99957275390625
 20
820.0
 10
420.99957275390625
 20
820.0
 10
446.99957275390625
 20
820.0
 10
446.99957275390625
 20
820.0
 10
446.99957275390625
 20
832.0
 10
446.99957275390625
 20
832.0
 10
470.99969482421875
 20
832.0
 10
470.99969482421875
 20
832.0
 10
470.99969482421875
 20
820.0
 10
470.99969482421875
 20
820.0
 10
496.99969482421875
 20
820.0
 10
496.99969482421875
 20
820.0
 10
496.99969482421875
 20
724.0
 10
496.99969482421875
 20
724.0
 10
508.99969482421875
 20
724.0
 10
508.99969482421875
 20
724.0
 10
508.99969482421875
 20
712.0
 10
508.99969482421875
 20
712.0
 10
408.99957275390625
 20
712.0
 10
408.99957275390625
 20
712.0
 10
408.99957275390625
 20
724.0
 10
408.99957275390625
 20
724.0
 10
420.99957275390625
 20
724.0
  0
LWPOLYLINE
  5
BF
100
AcDbEntity
  8
mainlayer
 62
4
370
-1
 48
1.0
  6
BYLAYER
100
AcDbPolyline
 90
40
 70
0
 10
573.99969482421875
 20
888.0
 10
573.99969482421875
 20
900.0
 10
573.99969482421875
 20
900.0
 10
549.99969482421875
 20
900.0
 10
549.99969482421875
 20
900.0
 10
549.99969482421875
 20
888.0
 10
549.99969482421875
 20
888.0
 10
523.99969482421875
 20
888.0
 10
523.99969482421875
 20
888.0
 10
523.99969482421875
 20
812.0
 10
523.99969482421875
 20
812.0
 10
511.99969482421875
 20
812.0
 10
511.99969482421875
 20
812.0
 10
511.99969482421875
 20
788.0
 10
511.99969482421875
 20
788.0
 10
523.99969482421875
 20
788.0
 10
523.99969482421875
 20
788.0
 10
523.99969482421875
 20
712.0
 10
523.99969482421875
 20
712.0
 10
549.99969482421875
 20
712.0
 10
549.99969482421875
 20
712.0
 10
549.99969482421875
 20
700.0
 10
549.99969482421875
 20
700.0
 10
573.99969482421875
 20
700.0
 10
573.99969482421875
 20
700.0
 10
573.99969482421875
 20
712.0
 10
573.99969482421875
 20
712.0
 10
599.99969482421875
 20
712.0
 10
599.99969482421875
 20
712.0
 10
599.99969482421875
 20
788.0
 10
599.99969482421875
 20
788.0
 10
611.99969482421875
 20
788.0
 10
611.99969482421875
 20
788.0
 10
611.99969482421875
 20
812.0
 10
611.99969482421875
 20
812.0
 10
599.99969482421875
 20
812.0
 10
599.99969482421875
 20
812.0
 10
599.99969482421875
 20
888.0
 10
599.99969482421875
 20
888.0
 10
573.99969482421875
 20
888.0
  0
LWPOLYLINE
  5
C0
100
AcDbEntity
  8
mainlayer
 62
4
370
-1
 48
1.0
  6
BYLAYER
100
AcDbPolyline
 90
8
 70
0
 10
549.99969482421875
 20
806.0
 10
549.99969482421875
 20
794.0
 10
549.99969482421875
 20
794.0
 10
573.99969482421875
 20
794.0
 10
573.99969482421875
 20
794.0
 10
573.99969482421875
 20
806.0
 10
573.99969482421875
 20
806.0
 10
549.99969482421875
 20
806.0
  0
LWPOLYLINE
  5
C1
100
AcDbEntity
  8
mainlayer
 62
4
370
-1
 48
1.0
  6
BYLAYER
100
AcDbPolyline
 90
48
 70
0
 10
1500.0
 20
492.0
 10
1480.0
 20
492.0
 10
1480.0
 20
492.0
 10
1480.0
 20
518.0
 10
1480.0
 20
518.0
 10
1492.0
 20
518.0
 10
1492.0
 20
518.0
 10
1492.0
 20
542.0
 10
1492.0
 20
542.0
 10
1480.0
 20
542.0
 10
1480.0
 20
542.0
 10
1480.0
 20
568.0
 10
1480.0
 20
568.0
 10
1500.0
 20
568.0
 10
1500.0
 20
568.0
 10
1500.0
 20
580.0
 10
1500.0
 20
580.0
 10
1524.0
 20
580.0
 10
1524.0
 20
580.0
 10
1524.0
 20
568.0
 10
1524.0
 20
568.0
 10
1556.0
 20
568.0
 10
1556.0
 20
568.0
 10
1556.0
 20
580.0
 10
1556.0
 20
580.0
 10
1580.0
 20
580.0
 10
1580.0
 20
580.0
 10
1580.0
 20
568.0
 10
1580.0
 20
568.0
 10
1600.0
 20
568.0
 10
1600.0
 20
568.0
 10
1600.0
 20
492.0
 10
1600.0
 20
492.0
 10
1580.0
 20
492.0
 10
1580.0
 20
492.0
 10
1580.0
 20
480.0
 10
1580.0
 20
480.0
 10
1556.0
 20
480.0
 10
1556.0
 20
480.0
 10
1556.0
 20
492.0
 10
1556.0
 20
492.0
 10
1524.0
 20
492.0
 10
1524.0
 20
492.0
 10
1524.0
 20
480.0
 10
1524.0
 20
480.0
 10
1500.0
 20
480.0
 10
1500.0
 20
480.0
 10
1500.0
 20
492.0
  0
LWPOLYLINE
  5
C2
100
AcDbEntity
  8
mainlayer
 62
4
370
-1
 48
1.0
  6
BYLAYER
100
AcDbPolyline
 90
56
 70
0
 10
1458.0
 20
586.0
 10
1470.0
 20
586.0
 10
1470.0
 20
586.0
 10
1470.0
 20
680.0
 10
1470.0
 20
680.0
 10
1450.0
 20
680.0
 10
1450.0
 20
680.0
 10
1450.0
 20
668.0
 10
1450.0
 20
668.0
 10
1426.0
 20
668.0
 10
1426.0
 20
668.0
 10
1426.0
 20
680.0
 10
1426.0
 20
680.0
 10
1394.0
 20
680.0
 10
1394.0
 20
680.0
 10
1394.0
 20
668.0
 10
1394.0
 20
668.0
 10
1370.0
 20
668.0
 10
1370.0
 20
668.0
 10
1370.0
 20
680.0
 10
1370.0
 20
680.0
 10
1350.0
 20
680.0
 10
1350.0
 20
680.0
 10
1350.0
 20
592.0
 10
1350.0
 20
592.0
 10
1362.0
 20
592.0
 10
1362.0
 20
592.0
 10
1362.0
 20
568.0
 10
1362.0
 20
568.0
 10
1350.0
 20
568.0
 10
1350.0
 20
568.0
 10
1350.0
 20
480.0
 10
1350.0
 20
480.0
 10
1370.0
 20
480.0
 10
1370.0
 20
480.0
 10
1370.0
 20
492.0
 10
1370.0
 20
492.0
 10
1394.0
 20
492.0
 10
1394.0
 20
492.0
 10
1394.0
 20
480.0
 10
1394.0
 20
480.0
 10
1426.0
 20
480.0
 10
1426.0
 20
480.0
 10
1426.0
 20
492.0
 10
1426.0
 20
492.0
 10
1450.0
 20
492.0
 10
1450.0
 20
492.0
 10
1450.0
 20
480.0
 10
1450.0
 20
480.0
 10
1470.0
 20
480.0
 10
1470.0
 20
480.0
 10
1470.0
 20
574.0
 10
1470.0
 20
574.0
 10
1458.0
 20
574.0
 10
1458.0
 20
574.0
 10
1458.0
 20
586.0
  0
LWPOLYLINE
  5
C3
100
AcDbEntity
  8
mainlayer
 62
4
370
-1
 48
1.0
  6
BYLAYER
100
AcDbPolyline
 90
48
 70
0
 10
1500.0
 20
602.0
 10
1480.0
 20
602.0
 10
1480.0
 20
602.0
 10
1480.0
 20
628.0
 10
1480.0
 20
628.0
 10
1492.0
 20
628.0
 10
1492.0
 20
628.0
 10
1492.0
 20
652.0
 10
1492.0
 20
652.0
 10
1480.0
 20
652.0
 10
1480.0
 20
652.0
 10
1480.0
 20
678.0
 10
1480.0
 20
678.0
 10
1500.0
 20
678.0
 10
1500.0
 20
678.0
 10
1500.0
 20
690.0
 10
1500.0
 20
690.0
 10
1524.0
 20
690.0
 10
1524.0
 20
690.0
 10
1524.0
 20
678.0
 10
1524.0
 20
678.0
 10
1556.0
 20
678.0
 10
1556.0
 20
678.0
 10
1556.0
 20
690.0
 10
1556.0
 20
690.0
 10
1580.0
 20
690.0
 10
1580.0
 20
690.0
 10
1580.0
 20
678.0
 10
1580.0
 20
678.0
 10
1600.0
 20
678.0
 10
1600.0
 20
678.0
 10
1600.0
 20
602.0
 10
1600.0
 20
602.0
 10
1580.0
 20
602.0
 10
1580.0
 20
602.0
 10
1580.0
 20
590.0
 10
1580.0
 20
590.0
 10
1556.0
 20
590.0
 10
1556.0
 20
590.0
 10
1556.0
 20
602.0
 10
1556.0
 20
602.0
 10
1524.0
 20
602.0
 10
1524.0
 20
602.0
 10
1524.0
 20
590.0
 10
1524.0
 20
590.0
 10
1500.0
 20
590.0
 10
1500.0
 20
590.0
 10
1500.0
 20
602.0
  0
LWPOLYLINE
  5
C4
100
AcDbEntity
  8
mainlayer
 62
4
370
-1
 48
1.0
  6
BYLAYER
100
AcDbPolyline
 90
56
 70
0
 10
1328.0
 20
586.0
 10
1340.0
 20
586.0
 10
1340.0
 20
586.0
 10
1340.0
 20
680.0
 10
1340.0
 20
680.0
 10
1320.0
 20
680.0
 10
1320.0
 20
680.0
 10
1320.0
 20
668.0
 10
1320.0
 20
668.0
 10
1296.0
 20
668.0
 10
1296.0
 20
668.0
 10
1296.0
 20
680.0
 10
1296.0
 20
680.0
 10
1264.0
 20
680.0
 10
1264.0
 20
680.0
 10
1264.0
 20
668.0
 10
1264.0
 20
668.0
 10
1240.0
 20
668.0
 10
1240.0
 20
668.0
 10
1240.0
 20
680.0
 10
1240.0
 20
680.0
 10
1220.0
 20
680.0
 10
1220.0
 20
680.0
 10
1220.0
 20
592.0
 10
1220.0
 20
592.0
 10
1232.0
 20
592.0
 10
1232.0
 20
592.0
 10
1232.0
 20
568.0
 10
1232.0
 20
568.0
 10
1220.0
 20
568.0
 10
1220.0
 20
568.0
 10
1220.0
 20
480.0
 10
1220.0
 20
480.0
 10
1240.0
 20
480.0
 10
1240.0
 20
480.0
 10
1240.0
 20
492.0
 10
1240.0
 20
492.0
 10
1264.0
 20
492.0
 10
1264.0
 20
492.0
 10
1264.0
 20
480.0
 10
1264.0
 20
480.0
 10
1296.0
 20
480.0
 10
1296.0
 20
480.0
 10
1296.0
 20
492.0
 10
1296.0
 20
492.0
 10
1320.0
 20
492.0
 10
1320.0
 20
492.0
 10
1320.0
 20
480.0
 10
1320.0
 20
480.0
 10
1340.0
 20
480.0
 10
1340.0
 20
480.0
 10
1340.0
 20
574.0
 10
1340.0
 20
574.0
 10
1328.0
 20
574.0
 10
1328.0
 20
574.0
 10
1328.0
 20
586.0
  0
LWPOLYLINE
  5
C5
100
AcDbEntity
  8
mainlayer
 62
4
370
-1
 48
1.0
  6
BYLAYER
100
AcDbPolyline
 90
24
 70
0
 10
1018.99981689453125
 20
504.0
 10
1018.99981689453125
 20
600.0
 10
1018.99981689453125
 20
600.0
 10
1044.9998779296875
 20
600.0
 10
1044.9998779296875
 20
600.0
 10
1044.9998779296875
 20
612.0
 10
1044.9998779296875
 20
612.0
 10
1069.0
 20
612.0
 10
1069.0
 20
612.0
 10
1069.0
 20
600.0
 10
1069.0
 20
600.0
 10
1095.0
 20
600.0
 10
1095.0
 20
600.0
 10
1095.0
 20
504.0
 10
1095.0
 20
504.0
 10
1107.0
 20
504.0
 10
1107.0
 20
504.0
 10
1107.0
 20
492.0
 10
1107.0
 20
492.0
 10
1006.99981689453125
 20
492.0
 10
1006.99981689453125
 20
492.0
 10
1006.99981689453125
 20
504.0
 10
1006.99981689453125
 20
504.0
 10
1018.99981689453125
 20
504.0
  0
LWPOLYLINE
  5
C6
100
AcDbEntity
  8
mainlayer
 62
4
370
-1
 48
1.0
  6
BYLAYER
100
AcDbPolyline
 90
40
 70
0
 10
1172.0
 20
668.0
 10
1172.0
 20
680.0
 10
1172.0
 20
680.0
 10
1148.0
 20
680.0
 10
1148.0
 20
680.0
 10
1148.0
 20
668.0
 10
1148.0
 20
668.0
 10
1122.0
 20
668.0
 10
1122.0
 20
668.0
 10
1122.0
 20
592.0
 10
1122.0
 20
592.0
 10
1110.0
 20
592.0
 10
1110.0
 20
592.0
 10
1110.0
 20
568.0
 10
1110.0
 20
568.0
 10
1122.0
 20
568.0
 10
1122.0
 20
568.0
 10
1122.0
 20
492.0
 10
1122.0
 20
492.0
 10
1148.0
 20
492.0
 10
1148.0
 20
492.0
 10
1148.0
 20
480.0
 10
1148.0
 20
480.0
 10
1172.0
 20
480.0
 10
1172.0
 20
480.0
 10
1172.0
 20
492.0
 10
1172.0
 20
492.0
 10
1198.0
 20
492.0
 10
1198.0
 20
492.0
 10
1198.0
 20
568.0
 10
1198.0
 20
568.0
 10
1210.0
 20
568.0
 10
1210.0
 20
568.0
 10
1210.0
 20
592.0
 10
1210.0
 20
592.0
 10
1198.0
 20
592.0
 10
1198.0
 20
592.0
 10
1198.0
 20
668.0
 10
1198.0
 20
668.0
 10
1172.0
 20
668.0
  0
LWPOLYLINE
  5
C7
100
AcDbEntity
  8
mainlayer
 62
4
370
-1
 48
1.0
  6
BYLAYER
100
AcDbPolyline
 90
8
 70
0
 10
1148.0
 20
586.0
 10
1148.0
 20
574.0
 10
1148.0
 20
574.0
 10
1172.0
 20
574.0
 10
1172.0
 20
574.0
 10
1172.0
 20
586.0
 10
1172.0
 20
586.0
 10
1148.0
 20
586.0
  0
LWPOLYLINE
  5
C8
100
AcDbEntity
  8
mainlayer
 62
4
370
-1
 48
1.0
  6
BYLAYER
100
AcDbPolyline
 90
48
 70
0
 10
901.99969482421875
 20
492.0
 10
881.99969482421875
 20
492.0
 10
881.99969482421875
 20
492.0
 10
881.99969482421875
 20
518.0
 10
881.99969482421875
 20
518.0
 10
893.99969482421875
 20
518.0
 10
893.99969482421875
 20
518.0
 10
893.99969482421875
 20
542.0
 10
893.99969482421875
 20
542.0
 10
881.99969482421875
 20
542.0
 10
881.99969482421875
 20
542.0
 10
881.99969482421875
 20
568.0
 10
881.99969482421875
 20
568.0
 10
901.99969482421875
 20
568.0
 10
901.99969482421875
 20
568.0
 10
901.99969482421875
 20
580.0
 10
901.99969482421875
 20
580.0
 10
925.99969482421875
 20
580.0
 10
925.99969482421875
 20
580.0
 10
925.99969482421875
 20
568.0
 10
925.99969482421875
 20
568.0
 10
957.99969482421875
 20
568.0
 10
957.99969482421875
 20
568.0
 10
957.99969482421875
 20
580.0
 10
957.99969482421875
 20
580.0
 10
981.999755859375
 20
580.0
 10
981.999755859375
 20
580.0
 10
981.999755859375
 20
568.0
 10
981.999755859375
 20
568.0
 10
1001.99969482421875
 20
568.0
 10
1001.99969482421875
 20
568.0
 10
1001.99969482421875
 20
492.0
 10
1001.99969482421875
 20
492.0
 10
981.999755859375
 20
492.0
 10
981.999755859375
 20
492.0
 10
981.999755859375
 20
480.0
 10
981.999755859375
 20
480.0
 10
957.99969482421875
 20
480.0
 10
957.99969482421875
 20
480.0
 10
957.99969482421875
 20
492.0
 10
957.99969482421875
 20
492.0
 10
925.99969482421875
 20
492.0
 10
925.99969482421875
 20
492.0
 10
925.99969482421875
 20
480.0
 10
925.99969482421875
 20
480.0
 10
901.99969482421875
 20
480.0
 10
901.99969482421875
 20
480.0
 10
901.99969482421875
 20
492.0
  0
LWPOLYLINE
  5
C9
100
AcDbEntity
  8
mainlayer
 62
4
370
-1
 48
1.0
  6
BYLAYER
100
AcDbPolyline
 90
56
 70
0
 10
859.99969482421875
 20
586.0
 10
871.99969482421875
 20
586.0
 10
871.99969482421875
 20
586.0
 10
871.99969482421875
 20
680.0
 10
871.99969482421875
 20
680.0
 10
851.99969482421875
 20
680.0
 10
851.99969482421875
 20
680.0
 10
851.99969482421875
 20
668.0
 10
851.99969482421875
 20
668.0
 10
827.99969482421875
 20
668.0
 10
827.99969482421875
 20
668.0
 10
827.99969482421875
 20
680.0
 10
827.99969482421875
 20
680.0
 10
795.99969482421875
 20
680.0
 10
795.99969482421875
 20
680.0
 10
795.99969482421875
 20
668.0
 10
795.99969482421875
 20
668.0
 10
771.99969482421875
 20
668.0
 10
771.99969482421875
 20
668.0
 10
771.99969482421875
 20
680.0
 10
771.99969482421875
 20
680.0
 10
751.99969482421875
 20
680.0
 10
751.99969482421875
 20
680.0
 10
751.99969482421875
 20
592.0
 10
751.99969482421875
 20
592.0
 10
763.99969482421875
 20
592.0
 10
763.99969482421875
 20
592.0
 10
763.99969482421875
 20
568.0
 10
763.99969482421875
 20
568.0
 10
751.99969482421875
 20
568.0
 10
751.99969482421875
 20
568.0
 10
751.99969482421875
 20
480.0
 10
751.99969482421875
 20
480.0
 10
771.99969482421875
 20
480.0
 10
771.99969482421875
 20
480.0
 10
771.99969482421875
 20
492.0
 10
771.99969482421875
 20
492.0
 10
795.99969482421875
 20
492.0
 10
795.99969482421875
 20
492.0
 10
795.99969482421875
 20
480.0
 10
795.99969482421875
 20
480.0
 10
827.99969482421875
 20
480.0
 10
827.99969482421875
 20
480.0
 10
827.99969482421875
 20
492.0
 10
827.99969482421875
 20
492.0
 10
851.99969482421875
 20
492.0
 10
851.99969482421875
 20
492.0
 10
851.99969482421875
 20
480.0
 10
851.99969482421875
 20
480.0
 10
871.99969482421875
 20
480.0
 10
871.99969482421875
 20
480.0
 10
871.99969482421875
 20
574.0
 10
871.99969482421875
 20
574.0
 10
859.99969482421875
 20
574.0
 10
859.99969482421875
 20
574.0
 10
859.99969482421875
 20
586.0
  0
LWPOLYLINE
  5
CA
100
AcDbEntity
  8
mainlayer
 62
4
370
-1
 48
1.0
  6
BYLAYER
100
AcDbPolyline
 90
48
 70
0
 10
901.99969482421875
 20
602.0
 10
881.99969482421875
 20
602.0
 10
881.99969482421875
 20
602.0
 10
881.99969482421875
 20
628.0
 10
881.99969482421875
 20
628.0
 10
893.99969482421875
 20
628.0
 10
893.99969482421875
 20
628.0
 10
893.99969482421875
 20
652.0
 10
893.99969482421875
 20
652.0
 10
881.99969482421875
 20
652.0
 10
881.99969482421875
 20
652.0
 10
881.99969482421875
 20
678.0
 10
881.99969482421875
 20
678.0
 10
901.99969482421875
 20
678.0
 10
901.99969482421875
 20
678.0
 10
901.99969482421875
 20
690.0
 10
901.99969482421875
 20
690.0
 10
925.99969482421875
 20
690.0
 10
925.99969482421875
 20
690.0
 10
925.99969482421875
 20
678.0
 10
925.99969482421875
 20
678.0
 10
957.99969482421875
 20
678.0
 10
957.99969482421875
 20
678.0
 10
957.99969482421875
 20
690.0
 10
957.99969482421875
 20
690.0
 10
981.999755859375
 20
690.0
 10
981.999755859375
 20
690.0
 10
981.999755859375
 20
678.0
 10
981.999755859375
 20
678.0
 10
1001.99969482421875
 20
678.0
 10
1001.99969482421875
 20
678.0
 10
1001.99969482421875
 20
602.0
 10
1001.99969482421875
 20
602.0
 10
981.999755859375
 20
602.0
 10
981.999755859375
 20
602.0
 10
981.999755859375
 20
590.0
 10
981.999755859375
 20
590.0
 10
957.99969482421875
 20
590.0
 10
957.99969482421875
 20
590.0
 10
957.99969482421875
 20
602.0
 10
957.99969482421875
 20
602.0
 10
925.99969482421875
 20
602.0
 10
925.99969482421875
 20
602.0
 10
925.99969482421875
 20
590.0
 10
925.99969482421875
 20
590.0
 10
901.99969482421875
 20
590.0
 10
901.99969482421875
 20
590.0
 10
901.99969482421875
 20
602.0
  0
LWPOLYLINE
  5
CB
100
AcDbEntity
  8
mainlayer
 62
4
370
-1
 48
1.0
  6
BYLAYER
100
AcDbPolyline
 90
56
 70
0
 10
729.99969482421875
 20
586.0
 10
741.99969482421875
 20
586.0
 10
741.99969482421875
 20
586.0
 10
741.99969482421875
 20
680.0
 10
741.99969482421875
 20
680.0
 10
721.99969482421875
 20
680.0
 10
721.99969482421875
 20
680.0
 10
721.99969482421875
 20
668.0
 10
721.99969482421875
 20
668.0
 10
697.99969482421875
 20
668.0
 10
697.99969482421875
 20
668.0
 10
697.99969482421875
 20
680.0
 10
697.99969482421875
 20
680.0
 10
665.99969482421875
 20
680.0
 10
665.99969482421875
 20
680.0
 10
665.99969482421875
 20
668.0
 10
665.99969482421875
 20
668.0
 10
641.99969482421875
 20
668.0
 10
641.99969482421875
 20
668.0
 10
641.99969482421875
 20
680.0
 10
641.99969482421875
 20
680.0
 10
621.99969482421875
 20
680.0
 10
621.99969482421875
 20
680.0
 10
621.99969482421875
 20
592.0
 10
621.99969482421875
 20
592.0
 10
633.99969482421875
 20
592.0
 10
633.99969482421875
 20
592.0
 10
633.99969482421875
 20
568.0
 10
633.99969482421875
 20
568.0
 10
621.99969482421875
 20
568.0
 10
621.99969482421875
 20
568.0
 10
621.99969482421875
 20
480.0
 10
621.99969482421875
 20
480.0
 10
641.99969482421875
 20
480.0
 10
641.99969482421875
 20
480.0
 10
641.99969482421875
 20
492.0
 10
641.99969482421875
 20
492.0
 10
665.99969482421875
 20
492.0
 10
665.99969482421875
 20
492.0
 10
665.99969482421875
 20
480.0
 10
665.99969482421875
 20
480.0
 10
697.99969482421875
 20
480.0
 10
697.99969482421875
 20
480.0
 10
697.99969482421875
 20
492.0
 10
697.99969482421875
 20
492.0
 10
721.99969482421875
 20
492.0
 10
721.99969482421875
 20
492.0
 10
721.99969482421875
 20
480.0
 10
721.99969482421875
 20
480.0
 10
741.99969482421875
 20
480.0
 10
741.99969482421875
 20
480.0
 10
741.99969482421875
 20
574.0
 10
741.99969482421875
 20
574.0
 10
729.99969482421875
 20
574.0
 10
729.99969482421875
 20
574.0
 10
729.99969482421875
 20
586.0
  0
LWPOLYLINE
  5
CC
100
AcDbEntity
  8
mainlayer
 62
4
370
-1
 48
1.0
  6
BYLAYER
100
AcDbPolyline
 90
24
 70
0
 10
420.99957275390625
 20
504.0
 10
420.99957275390625
 20
600.0
 10
420.99957275390625
 20
600.0
 10
446.99957275390625
 20
600.0
 10
446.99957275390625
 20
600.0
 10
446.99957275390625
 20
612.0
 10
446.99957275390625
 20
612.0
 10
470.99969482421875
 20
612.0
 10
470.99969482421875
 20
612.0
 10
470.99969482421875
 20
600.0
 10
470.99969482421875
 20
600.0
 10
496.99969482421875
 20
600.0
 10
496.99969482421875
 20
600.0
 10
496.99969482421875
 20
504.0
 10
496.99969482421875
 20
504.0
 10
508.99969482421875
 20
504.0
 10
508.99969482421875
 20
504.0
 10
508.99969482421875
 20
492.0
 10
508.99969482421875
 20
492.0
 10
408.99957275390625
 20
492.0
 10
408.99957275390625
 20
492.0
 10
408.99957275390625
 20
504.0
 10
408.99957275390625
 20
504.0
 10
420.99957275390625
 20
504.0
  0
LWPOLYLINE
  5
CD
100
AcDbEntity
  8
mainlayer
 62
4
370
-1
 48
1.0
  6
BYLAYER
100
AcDbPolyline
 90
40
 70
0
 10
573.99969482421875
 20
668.0
 10
573.99969482421875
 20
680.0
 10
573.99969482421875
 20
680.0
 10
549.99969482421875
 20
680.0
 10
549.99969482421875
 20
680.0
 10
549.99969482421875
 20
668.0
 10
549.99969482421875
 20
668.0
 10
523.99969482421875
 20
668.0
 10
523.99969482421875
 20
668.0
 10
523.99969482421875
 20
592.0
 10
523.99969482421875
 20
592.0
 10
511.99969482421875
 20
592.0
 10
511.99969482421875
 20
592.0
 10
511.99969482421875
 20
568.0
 10
511.99969482421875
 20
568.0
 10
523.99969482421875
 20
568.0
 10
523.99969482421875
 20
568.0
 10
523.99969482421875
 20
492.0
 10
523.99969482421875
 20
492.0
 10
549.99969482421875
 20
492.0
 10
549.99969482421875
 20
492.0
 10
549.99969482421875
 20
480.0
 10
549.99969482421875
 20
480.0
 10
573.99969482421875
 20
480.0
 10
573.99969482421875
 20
480.0
 10
573.99969482421875
 20
492.0
 10
573.99969482421875
 20
492.0
 10
599.99969482421875
 20
492.0
 10
599.99969482421875
 20
492.0
 10
599.99969482421875
 20
568.0
 10
599.99969482421875
 20
568.0
 10
611.99969482421875
 20
568.0
 10
611.99969482421875
 20
568.0
 10
611.99969482421875
 20
592.0
 10
611.99969482421875
 20
592.0
 10
599.99969482421875
 20
592.0
 10
599.99969482421875
 20
592.0
 10
599.99969482421875
 20
668.0
 10
599.99969482421875
 20
668.0
 10
573.99969482421875
 20
668.0
  0
LWPOLYLINE
  5
CE
100
AcDbEntity
  8
mainlayer
 62
4
370
-1
 48
1.0
  6
BYLAYER
100
AcDbPolyline
 90
8
 70
0
 10
549.99969482421875
 20
586.0
 10
549.99969482421875
 20
574.0
 10
549.99969482421875
 20
574.0
 10
573.99969482421875
 20
574.0
 10
573.99969482421875
 20
574.0
 10
573.99969482421875
 20
586.0
 10
573.99969482421875
 20
586.0
 10
549.99969482421875
 20
586.0
  0
LWPOLYLINE
  5
CF
100
AcDbEntity
  8
mainlayer
 62
4
370
-1
 48
1.0
  6
BYLAYER
100
AcDbPolyline
 90
48
 70
0
 10
1500.0
 20
272.0
 10
1480.0
 20
272.0
 10
1480.0
 20
272.0
 10
1480.0
 20
298.0
 10
1480.0
 20
298.0
 10
1492.0
 20
298.0
 10
1492.0
 20
298.0
 10
1492.0
 20
322.0
 10
1492.0
 20
322.0
 10
1480.0
 20
322.0
 10
1480.0
 20
322.0
 10
1480.0
 20
348.0
 10
1480.0
 20
348.0
 10
1500.0
 20
348.0
 10
1500.0
 20
348.0
 10
1500.0
 20
360.0
 10
1500.0
 20
360.0
 10
1524.0
 20
360.0
 10
1524.0
 20
360.0
 10
1524.0
 20
348.0
 10
1524.0
 20
348.0
 10
1556.0
 20
348.0
 10
1556.0
 20
348.0
 10
1556.0
 20
360.0
 10
1556.0
 20
360.0
 10
1580.0
 20
360.0
 10
1580.0
 20
360.0
 10
1580.0
 20
348.0
 10
1580.0
 20
348.0
 10
1600.0
 20
348.0
 10
1600.0
 20
348.0
 10
1600.0
 20
272.0
 10
1600.0
 20
272.0
 10
1580.0
 20
272.0
 10
1580.0
 20
272.0
 10
1580.0
 20
260.0
 10
1580.0
 20
260.0
 10
1556.0
 20
260.0
 10
1556.0
 20
260.0
 10
1556.0
 20
272.0
 10
1556.0
 20
272.0
 10
1524.0
 20
272.0
 10
1524.0
 20
272.0
 10
1524.0
 20
260.0
 10
1524.0
 20
260.0
 10
1500.0
 20
260.0
 10
1500.0
 20
260.0
 10
1500.0
 20
272.0
  0
LWPOLYLINE
  5
D0
100
AcDbEntity
  8
mainlayer
 62
4
370
-1
 48
1.0
  6
BYLAYER
100
AcDbPolyline
 90
56
 70
0
 10
1458.0
 20
366.0
 10
1470.0
 20
366.0
 10
1470.0
 20
366.0
 10
1470.0
 20
460.0
 10
1470.0
 20
460.0
 10
1450.0
 20
460.0
 10
1450.0
 20
460.0
 10
1450.0
 20
448.0
 10
1450.0
 20
448.0
 10
1426.0
 20
448.0
 10
1426.0
 20
448.0
 10
1426.0
 20
460.0
 10
1426.0
 20
460.0
 10
1394.0
 20
460.0
 10
1394.0
 20
460.0
 10
1394.0
 20
448.0
 10
1394.0
 20
448.0
 10
1370.0
 20
448.0
 10
1370.0
 20
448.0
 10
1370.0
 20
460.0
 10
1370.0
 20
460.0
 10
1350.0
 20
460.0
 10
1350.0
 20
460.0
 10
1350.0
 20
372.0
 10
1350.0
 20
372.0
 10
1362.0
 20
372.0
 10
1362.0
 20
372.0
 10
1362.0
 20
348.0
 10
1362.0
 20
348.0
 10
1350.0
 20
348.0
 10
1350.0
 20
348.0
 10
1350.0
 20
260.0
 10
1350.0
 20
260.0
 10
1370.0
 20
260.0
 10
1370.0
 20
260.0
 10
1370.0
 20
272.0
 10
1370.0
 20
272.0
 10
1394.0
 20
272.0
 10
1394.0
 20
272.0
 10
1394.0
 20
260.0
 10
1394.0
 20
260.0
 10
1426.0
 20
260.0
 10
1426.0
 20
260.0
 10
1426.0
 20
272.0
 10
1426.0
 20
272.0
 10
1450.0
 20
272.0
 10
1450.0
 20
272.0
 10
1450.0
 20
260.0
 10
1450.0
 20
260.0
 10
1470.0
 20
260.0
 10
1470.0
 20
260.0
 10
1470.0
 20
354.0
 10
1470.0
 20
354.0
 10
1458.0
 20
354.0
 10
1458.0
 20
354.0
 10
1458.0
 20
366.0
  0
LWPOLYLINE
  5
D1
100
AcDbEntity
  8
mainlayer
 62
4
370
-1
 48
1.0
  6
BYLAYER
100
AcDbPolyline
 90
48
 70
0
 10
1500.0
 20
382.0
 10
1480.0
 20
382.0
 10
1480.0
 20
382.0
 10
1480.0
 20
408.0
 10
1480.0
 20
408.0
 10
1492.0
 20
408.0
 10
1492.0
 20
408.0
 10
1492.0
 20
432.0
 10
1492.0
 20
432.0
 10
1480.0
 20
432.0
 10
1480.0
 20
432.0
 10
1480.0
 20
458.0
 10
1480.0
 20
458.0
 10
1500.0
 20
458.0
 10
1500.0
 20
458.0
 10
1500.0
 20
470.0
 10
1500.0
 20
470.0
 10
1524.0
 20
470.0
 10
1524.0
 20
470.0
 10
1524.0
 20
458.0
 10
1524.0
 20
458.0
 10
1556.0
 20
458.0
 10
1556.0
 20
458.0
 10
1556.0
 20
470.0
 10
1556.0
 20
470.0
 10
1580.0
 20
470.0
 10
1580.0
 20
470.0
 10
1580.0
 20
458.0
 10
1580.0
 20
458.0
 10
1600.0
 20
458.0
 10
1600.0
 20
458.0
 10
1600.0
 20
382.0
 10
1600.0
 20
382.0
 10
1580.0
 20
382.0
 10
1580.0
 20
382.0
 10
1580.0
 20
370.0
 10
1580.0
 20
370.0
 10
1556.0
 20
370.0
 10
1556.0
 20
370.0
 10
1556.0
 20
382.0
 10
1556.0
 20
382.0
 10
1524.0
 20
382.0
 10
1524.0
 20
382.0
 10
1524.0
 20
370.0
 10
1524.0
 20
370.0
 10
1500.0
 20
370.0
 10
1500.0
 20
370.0
 10
1500.0
 20
382.0
  0
LWPOLYLINE
  5
D2
100
AcDbEntity
  8
mainlayer
 62
4
370
-1
 48
1.0
  6
BYLAYER
100
AcDbPolyline
 90
56
 70
0
 10
1328.0
 20
366.0
 10
1340.0
 20
366.0
 10
1340.0
 20
366.0
 10
1340.0
 20
460.0
 10
1340.0
 20
460.0
 10
1320.0
 20
460.0
 10
1320.0
 20
460.0
 10
1320.0
 20
448.0
 10
1320.0
 20
448.0
 10
1296.0
 20
448.0
 10
1296.0
 20
448.0
 10
1296.0
 20
460.0
 10
1296.0
 20
460.0
 10
1264.0
 20
460.0
 10
1264.0
 20
460.0
 10
1264.0
 20
448.0
 10
1264.0
 20
448.0
 10
1240.0
 20
448.0
 10
1240.0
 20
448.0
 10
1240.0
 20
460.0
 10
1240.0
 20
460.0
 10
1220.0
 20
460.0
 10
1220.0
 20
460.0
 10
1220.0
 20
372.0
 10
1220.0
 20
372.0
 10
1232.0
 20
372.0
 10
1232.0
 20
372.0
 10
1232.0
 20
348.0
 10
1232.0
 20
348.0
 10
1220.0
 20
348.0
 10
1220.0
 20
348.0
 10
1220.0
 20
260.0
 10
1220.0
 20
260.0
 10
1240.0
 20
260.0
 10
1240.0
 20
260.0
 10
1240.0
 20
272.0
 10
1240.0
 20
272.0
 10
1264.0
 20
272.0
 10
1264.0
 20
272.0
 10
1264.0
 20
260.0
 10
1264.0
 20
260.0
 10
1296.0
 20
260.0
 10
1296.0
 20
260.0
 10
1296.0
 20
272.0
 10
1296.0
 20
272.0
 10
1320.0
 20
272.0
 10
1320.0
 20
272.0
 10
1320.0
 20
260.0
 10
1320.0
 20
260.0
 10
1340.0
 20
260.0
 10
1340.0
 20
260.0
 10
1340.0
 20
354.0
 10
1340.0
 20
354.0
 10
1328.0
 20
354.0
 10
1328.0
 20
354.0
 10
1328.0
 20
366.0
  0
LWPOLYLINE
  5
D3
100
AcDbEntity
  8
mainlayer
 62
4
370
-1
 48
1.0
  6
BYLAYER
100
AcDbPolyline
 90
24
 70
0
 10
1018.99981689453125
 20
284.0
 10
1018.99981689453125
 20
380.0
 10
1018.99981689453125
 20
380.0
 10
1044.9998779296875
 20
380.0
 10
1044.9998779296875
 20
380.0
 10
1044.9998779296875
 20
392.0
 10
1044.9998779296875
 20
392.0
 10
1069.0
 20
392.0
 10
1069.0
 20
392.0
 10
1069.0
 20
380.0
 10
1069.0
 20
380.0
 10
1095.0
 20
380.0
 10
1095.0
 20
380.0
 10
1095.0
 20
284.0
 10
1095.0
 20
284.0
 10
1107.0
 20
284.0
 10
1107.0
 20
284.0
 10
1107.0
 20
272.0
 10
1107.0
 20
272.0
 10
1006.99981689453125
 20
272.0
 10
1006.99981689453125
 20
272.0
 10
1006.99981689453125
 20
284.0
 10
1006.99981689453125
 20
284.0
 10
1018.99981689453125
 20
284.0
  0
LWPOLYLINE
  5
D4
100
AcDbEntity
  8
mainlayer
 62
4
370
-1
 48
1.0
  6
BYLAYER
100
AcDbPolyline
 90
40
 70
0
 10
1172.0
 20
448.0
 10
1172.0
 20
460.0
 10
1172.0
 20
460.0
 10
1148.0
 20
460.0
 10
1148.0
 20
460.0
 10
1148.0
 20
448.0
 10
1148.0
 20
448.0
 10
1122.0
 20
448.0
 10
1122.0
 20
448.0
 10
1122.0
 20
372.0
 10
1122.0
 20
372.0
 10
1110.0
 20
372.0
 10
1110.0
 20
372.0
 10
1110.0
 20
348.0
 10
1110.0
 20
348.0
 10
1122.0
 20
348.0
 10
1122.0
 20
348.0
 10
1122.0
 20
272.0
 10
1122.0
 20
272.0
 10
1148.0
 20
272.0
 10
1148.0
 20
272.0
 10
1148.0
 20
260.0
 10
1148.0
 20
260.0
 10
1172.0
 20
260.0
 10
1172.0
 20
260.0
 10
1172.0
 20
272.0
 10
1172.0
 20
272.0
 10
1198.0
 20
272.0
 10
1198.0
 20
272.0
 10
1198.0
 20
348.0
 10
1198.0
 20
348.0
 10
1210.0
 20
348.0
 10
1210.0
 20
348.0
 10
1210.0
 20
372.0
 10
1210.0
 20
372.0
 10
1198.0
 20
372.0
 10
1198.0
 20
372.0
 10
1198.0
 20
448.0
 10
1198.0
 20
448.0
 10
1172.0
 20
448.0
  0
LWPOLYLINE
  5
D5
100
AcDbEntity
  8
mainlayer
 62
4
370
-1
 48
1.0
  6
BYLAYER
100
AcDbPolyline
 90
8
 70
0
 10
1148.0
 20
366.0
 10
1148.0
 20
354.0
 10
1148.0
 20
354.0
 10
1172.0
 20
354.0
 10
1172.0
 20
354.0
 10
1172.0
 20
366.0
 10
1172.0
 20
366.0
 10
1148.0
 20
366.0
  0
LWPOLYLINE
  5
D6
100
AcDbEntity
  8
mainlayer
 62
4
370
-1
 48
1.0
  6
BYLAYER
100
AcDbPolyline
 90
48
 70
0
 10
901.99969482421875
 20
272.0
 10
881.99969482421875
 20
272.0
 10
881.99969482421875
 20
272.0
 10
881.99969482421875
 20
298.0
 10
881.99969482421875
 20
298.0
 10
893.99969482421875
 20
298.0
 10
893.99969482421875
 20
298.0
 10
893.99969482421875
 20
322.0
 10
893.99969482421875
 20
322.0
 10
881.99969482421875
 20
322.0
 10
881.99969482421875
 20
322.0
 10
881.99969482421875
 20
348.0
 10
881.99969482421875
 20
348.0
 10
901.99969482421875
 20
348.0
 10
901.99969482421875
 20
348.0
 10
901.99969482421875
 20
360.0
 10
901.99969482421875
 20
360.0
 10
925.99969482421875
 20
360.0
 10
925.99969482421875
 20
360.0
 10
925.99969482421875
 20
348.0
 10
925.99969482421875
 20
348.0
 10
957.99969482421875
 20
348.0
 10
957.99969482421875
 20
348.0
 10
957.99969482421875
 20
360.0
 10
957.99969482421875
 20
360.0
 10
981.999755859375
 20
360.0
 10
981.999755859375
 20
360.0
 10
981.999755859375
 20
348.0
 10
981.999755859375
 20
348.0
 10
1001.99969482421875
 20
348.0
 10
1001.99969482421875
 20
348.0
 10
1001.99969482421875
 20
272.0
 10
1001.99969482421875
 20
272.0
 10
981.999755859375
 20
272.0
 10
981.999755859375
 20
272.0
 10
981.999755859375
 20
260.0
 10
981.999755859375
 20
260.0
 10
957.99969482421875
 20
260.0
 10
957.99969482421875
 20
260.0
 10
957.99969482421875
 20
272.0
 10
957.99969482421875
 20
272.0
 10
925.99969482421875
 20
272.0
 10
925.99969482421875
 20
272.0
 10
925.99969482421875
 20
260.0
 10
925.99969482421875
 20
260.0
 10
901.99969482421875
 20
260.0
 10
901.99969482421875
 20
260.0
 10
901.99969482421875
 20
272.0
  0
LWPOLYLINE
  5
D7
100
AcDbEntity
  8
mainlayer
 62
4
370
-1
 48
1.0
  6
BYLAYER
100
AcDbPolyline
 90
56
 70
0
 10
859.99969482421875
 20
366.0
 10
871.99969482421875
 20
366.0
 10
871.99969482421875
 20
366.0
 10
871.99969482421875
 20
460.0
 10
871.99969482421875
 20
460.0
 10
851.99969482421875
 20
460.0
 10
851.99969482421875
 20
460.0
 10
851.99969482421875
 20
448.0
 10
851.99969482421875
 20
448.0
 10
827.99969482421875
 20
448.0
 10
827.99969482421875
 20
448.0
 10
827.99969482421875
 20
460.0
 10
827.99969482421875
 20
460.0
 10
795.99969482421875
 20
460.0
 10
795.99969482421875
 20
460.0
 10
795.99969482421875
 20
448.0
 10
795.99969482421875
 20
448.0
 10
771.99969482421875
 20
448.0
 10
771.99969482421875
 20
448.0
 10
771.99969482421875
 20
460.0
 10
771.99969482421875
 20
460.0
 10
751.99969482421875
 20
460.0
 10
751.99969482421875
 20
460.0
 10
751.99969482421875
 20
372.0
 10
751.99969482421875
 20
372.0
 10
763.99969482421875
 20
372.0
 10
763.99969482421875
 20
372.0
 10
763.99969482421875
 20
348.0
 10
763.99969482421875
 20
348.0
 10
751.99969482421875
 20
348.0
 10
751.99969482421875
 20
348.0
 10
751.99969482421875
 20
260.0
 10
751.99969482421875
 20
260.0
 10
771.99969482421875
 20
260.0
 10
771.99969482421875
 20
260.0
 10
771.99969482421875
 20
272.0
 10
771.99969482421875
 20
272.0
 10
795.99969482421875
 20
272.0
 10
795.99969482421875
 20
272.0
 10
795.99969482421875
 20
260.0
 10
795.99969482421875
 20
260.0
 10
827.99969482421875
 20
260.0
 10
827.99969482421875
 20
260.0
 10
827.99969482421875
 20
272.0
 10
827.99969482421875
 20
272.0
 10
851.99969482421875
 20
272.0
 10
851.99969482421875
 20
272.0
 10
851.99969482421875
 20
260.0
 10
851.99969482421875
 20
260.0
 10
871.99969482421875
 20
260.0
 10
871.99969482421875
 20
260.0
 10
871.99969482421875
 20
354.0
 10
871.99969482421875
 20
354.0
 10
859.99969482421875
 20
354.0
 10
859.99969482421875
 20
354.0
 10
859.99969482421875
 20
366.0
  0
LWPOLYLINE
  5
D8
100
AcDbEntity
  8
mainlayer
 62
4
370
-1
 48
1.0
  6
BYLAYER
100
AcDbPolyline
 90
48
 70
0
 10
901.99969482421875
 20
382.0
 10
881.99969482421875
 20
382.0
 10
881.99969482421875
 20
382.0
 10
881.99969482421875
 20
408.0
 10
881.99969482421875
 20
408.0
 10
893.99969482421875
 20
408.0
 10
893.99969482421875
 20
408.0
 10
893.99969482421875
 20
432.0
 10
893.99969482421875
 20
432.0
 10
881.99969482421875
 20
432.0
 10
881.99969482421875
 20
432.0
 10
881.99969482421875
 20
458.0
 10
881.99969482421875
 20
458.0
 10
901.99969482421875
 20
458.0
 10
901.99969482421875
 20
458.0
 10
901.99969482421875
 20
470.0
 10
901.99969482421875
 20
470.0
 10
925.99969482421875
 20
470.0
 10
925.99969482421875
 20
470.0
 10
925.99969482421875
 20
458.0
 10
925.99969482421875
 20
458.0
 10
957.99969482421875
 20
458.0
 10
957.99969482421875
 20
458.0
 10
957.99969482421875
 20
470.0
 10
957.99969482421875
 20
470.0
 10
981.999755859375
 20
470.0
 10
981.999755859375
 20
470.0
 10
981.999755859375
 20
458.0
 10
981.999755859375
 20
458.0
 10
1001.99969482421875
 20
458.0
 10
1001.99969482421875
 20
458.0
 10
1001.99969482421875
 20
382.0
 10
1001.99969482421875
 20
382.0
 10
981.999755859375
 20
382.0
 10
981.999755859375
 20
382.0
 10
981.999755859375
 20
370.0
 10
981.999755859375
 20
370.0
 10
957.99969482421875
 20
370.0
 10
957.99969482421875
 20
370.0
 10
957.99969482421875
 20
382.0
 10
957.99969482421875
 20
382.0
 10
925.99969482421875
 20
382.0
 10
925.99969482421875
 20
382.0
 10
925.99969482421875
 20
370.0
 10
925.99969482421875
 20
370.0
 10
901.99969482421875
 20
370.0
 10
901.99969482421875
 20
370.0
 10
901.99969482421875
 20
382.0
  0
LWPOLYLINE
  5
D9
100
AcDbEntity
  8
mainlayer
 62
4
370
-1
 48
1.0
  6
BYLAYER
100
AcDbPolyline
 90
56
 70
0
 10
729.99969482421875
 20
366.0
 10
741.99969482421875
 20
366.0
 10
741.99969482421875
 20
366.0
 10
741.99969482421875
 20
460.0
 10
741.99969482421875
 20
460.0
 10
721.99969482421875
 20
460.0
 10
721.99969482421875
 20
460.0
 10
721.99969482421875
 20
448.0
 10
721.99969482421875
 20
448.0
 10
697.99969482421875
 20
448.0
 10
697.99969482421875
 20
448.0
 10
697.99969482421875
 20
460.0
 10
697.99969482421875
 20
460.0
 10
665.99969482421875
 20
460.0
 10
665.99969482421875
 20
460.0
 10
665.99969482421875
 20
448.0
 10
665.99969482421875
 20
448.0
 10
641.99969482421875
 20
448.0
 10
641.99969482421875
 20
448.0
 10
641.99969482421875
 20
460.0
 10
641.99969482421875
 20
460.0
 10
621.99969482421875
 20
460.0
 10
621.99969482421875
 20
460.0
 10
621.99969482421875
 20
372.0
 10
621.99969482421875
 20
372.0
 10
633.99969482421875
 20
372.0
 10
633.99969482421875
 20
372.0
 10
633.99969482421875
 20
348.0
 10
633.99969482421875
 20
348.0
 10
621.99969482421875
 20
348.0
 10
621.99969482421875
 20
348.0
 10
621.99969482421875
 20
260.0
 10
621.99969482421875
 20
260.0
 10
641.99969482421875
 20
260.0
 10
641.99969482421875
 20
260.0
 10
641.99969482421875
 20
272.0
 10
641.99969482421875
 20
272.0
 10
665.99969482421875
 20
272.0
 10
665.99969482421875
 20
272.0
 10
665.99969482421875
 20
260.0
 10
665.99969482421875
 20
260.0
 10
697.99969482421875
 20
260.0
 10
697.99969482421875
 20
260.0
 10
697.99969482421875
 20
272.0
 10
697.99969482421875
 20
272.0
 10
721.99969482421875
 20
272.0
 10
721.99969482421875
 20
272.0
 10
721.99969482421875
 20
260.0
 10
721.99969482421875
 20
260.0
 10
741.99969482421875
 20
260.0
 10
741.99969482421875
 20
260.0
 10
741.99969482421875
 20
354.0
 10
741.99969482421875
 20
354.0
 10
729.99969482421875
 20
354.0
 10
729.99969482421875
 20
354.0
 10
729.99969482421875
 20
366.0
  0
LWPOLYLINE
  5
DA
100
AcDbEntity
  8
mainlayer
 62
4
370
-1
 48
1.0
  6
BYLAYER
100
AcDbPolyline
 90
24
 70
0
 10
420.99957275390625
 20
284.0
 10
420.99957275390625
 20
380.0
 10
420.99957275390625
 20
380.0
 10
446.99957275390625
 20
380.0
 10
446.99957275390625
 20
380.0
 10
446.99957275390625
 20
392.0
 10
446.99957275390625
 20
392.0
 10
470.99969482421875
 20
392.0
 10
470.99969482421875
 20
392.0
 10
470.99969482421875
 20
380.0
 10
470.99969482421875
 20
380.0
 10
496.99969482421875
 20
380.0
 10
496.99969482421875
 20
380.0
 10
496.99969482421875
 20
284.0
 10
496.99969482421875
 20
284.0
 10
508.99969482421875
 20
284.0
 10
508.99969482421875
 20
284.0
 10
508.99969482421875
 20
272.0
 10
508.99969482421875
 20
272.0
 10
408.99957275390625
 20
272.0
 10
408.99957275390625
 20
272.0
 10
408.99957275390625
 20
284.0
 10
408.99957275390625
 20
284.0
 10
420.99957275390625
 20
284.0
  0
LWPOLYLINE
  5
DB
100
AcDbEntity
  8
mainlayer
 62
4
370
-1
 48
1.0
  6
BYLAYER
100
AcDbPolyline
 90
40
 70
0
 10
573.99969482421875
 20
448.0
 10
573.99969482421875
 20
460.0
 10
573.99969482421875
 20
460.0
 10
549.99969482421875
 20
460.0
 10
549.99969482421875
 20
460.0
 10
549.99969482421875
 20
448.0
 10
549.99969482421875
 20
448.0
 10
523.99969482421875
 20
448.0
 10
523.99969482421875
 20
448.0
 10
523.99969482421875
 20
372.0
 10
523.99969482421875
 20
372.0
 10
511.99969482421875
 20
372.0
 10
511.99969482421875
 20
372.0
 10
511.99969482421875
 20
348.0
 10
511.99969482421875
 20
348.0
 10
523.99969482421875
 20
348.0
 10
523.99969482421875
 20
348.0
 10
523.99969482421875
 20
272.0
 10
523.99969482421875
 20
272.0
 10
549.99969482421875
 20
272.0
 10
549.99969482421875
 20
272.0
 10
549.99969482421875
 20
260.0
 10
549.99969482421875
 20
260.0
 10
573.99969482421875
 20
260.0
 10
573.99969482421875
 20
260.0
 10
573.99969482421875
 20
272.0
 10
573.99969482421875
 20
272.0
 10
599.99969482421875
 20
272.0
 10
599.99969482421875
 20
272.0
 10
599.99969482421875
 20
348.0
 10
599.99969482421875
 20
348.0
 10
611.99969482421875
 20
348.0
 10
611.99969482421875
 20
348.0
 10
611.99969482421875
 20
372.0
 10
611.99969482421875
 20
372.0
 10
599.99969482421875
 20
372.0
 10
599.99969482421875
 20
372.0
 10
599.99969482421875
 20
448.0
 10
599.99969482421875
 20
448.0
 10
573.99969482421875
 20
448.0
  0
LWPOLYLINE
  5
DC
100
AcDbEntity
  8
mainlayer
 62
4
370
-1
 48
1.0
  6
BYLAYER
100
AcDbPolyline
 90
8
 70
0
 10
549.99969482421875
 20
366.0
 10
549.99969482421875
 20
354.0
 10
549.99969482421875
 20
354.0
 10
573.99969482421875
 20
354.0
 10
573.99969482421875
 20
354.0
 10
573.99969482421875
 20
366.0
 10
573.99969482421875
 20
366.0
 10
549.99969482421875
 20
366.0
  0
LWPOLYLINE
  5
DD
100
AcDbEntity
  8
mainlayer
 62
4
370
-1
 48
1.0
  6
BYLAYER
100
AcDbPolyline
 90
48
 70
0
 10
1500.0
 20
52.0
 10
1480.0
 20
52.0
 10
1480.0
 20
52.0
 10
1480.0
 20
78.0
 10
1480.0
 20
78.0
 10
1492.0
 20
78.0
 10
1492.0
 20
78.0
 10
1492.0
 20
102.0
 10
1492.0
 20
102.0
 10
1480.0
 20
102.0
 10
1480.0
 20
102.0
 10
1480.0
 20
128.0
 10
1480.0
 20
128.0
 10
1500.0
 20
128.0
 10
1500.0
 20
128.0
 10
1500.0
 20
140.0
 10
1500.0
 20
140.0
 10
1524.0
 20
140.0
 10
1524.0
 20
140.0
 10
1524.0
 20
128.0
 10
1524.0
 20
128.0
 10
1556.0
 20
128.0
 10
1556.0
 20
128.0
 10
1556.0
 20
140.0
 10
1556.0
 20
140.0
 10
1580.0
 20
140.0
 10
1580.0
 20
140.0
 10
1580.0
 20
128.0
 10
1580.0
 20
128.0
 10
1600.0
 20
128.0
 10
1600.0
 20
128.0
 10
1600.0
 20
52.0
 10
1600.0
 20
52.0
 10
1580.0
 20
52.0
 10
1580.0
 20
52.0
 10
1580.0
 20
40.0
 10
1580.0
 20
40.0
 10
1556.0
 20
40.0
 10
1556.0
 20
40.0
 10
1556.0
 20
52.0
 10
1556.0
 20
52.0
 10
1524.0
 20
52.0
 10
1524.0
 20
52.0
 10
1524.0
 20
40.0
 10
1524.0
 20
40.0
 10
1500.0
 20
40.0
 10
1500.0
 20
40.0
 10
1500.0
 20
52.0
  0
LWPOLYLINE
  5
DE
100
AcDbEntity
  8
mainlayer
 62
4
370
-1
 48
1.0
  6
BYLAYER
100
AcDbPolyline
 90
56
 70
0
 10
1458.0
 20
146.0
 10
1470.0
 20
146.0
 10
1470.0
 20
146.0
 10
1470.0
 20
240.0
 10
1470.0
 20
240.0
 10
1450.0
 20
240.0
 10
1450.0
 20
240.0
 10
1450.0
 20
228.0
 10
1450.0
 20
228.0
 10
1426.0
 20
228.0
 10
1426.0
 20
228.0
 10
1426.0
 20
240.0
 10
1426.0
 20
240.0
 10
1394.0
 20
240.0
 10
1394.0
 20
240.0
 10
1394.0
 20
228.0
 10
1394.0
 20
228.0
 10
1370.0
 20
228.0
 10
1370.0
 20
228.0
 10
1370.0
 20
240.0
 10
1370.0
 20
240.0
 10
1350.0
 20
240.0
 10
1350.0
 20
240.0
 10
1350.0
 20
152.0
 10
1350.0
 20
152.0
 10
1362.0
 20
152.0
 10
1362.0
 20
152.0
 10
1362.0
 20
128.0
 10
1362.0
 20
128.0
 10
1350.0
 20
128.0
 10
1350.0
 20
128.0
 10
1350.0
 20
40.0
 10
1350.0
 20
40.0
 10
1370.0
 20
40.0
 10
1370.0
 20
40.0
 10
1370.0
 20
52.0
 10
1370.0
 20
52.0
 10
1394.0
 20
52.0
 10
1394.0
 20
52.0
 10
1394.0
 20
40.0
 10
1394.0
 20
40.0
 10
1426.0
 20
40.0
 10
1426.0
 20
40.0
 10
1426.0
 20
52.0
 10
1426.0
 20
52.0
 10
1450.0
 20
52.0
 10
1450.0
 20
52.0
 10
1450.0
 20
40.0
 10
1450.0
 20
40.0
 10
1470.0
 20
40.0
 10
1470.0
 20
40.0
 10
1470.0
 20
134.0
 10
1470.0
 20
134.0
 10
1458.0
 20
134.0
 10
1458.0
 20
134.0
 10
1458.0
 20
146.0
  0
LWPOLYLINE
  5
DF
100
AcDbEntity
  8
mainlayer
 62
4
370
-1
 48
1.0
  6
BYLAYER
100
AcDbPolyline
 90
48
 70
0
 10
1500.0
 20
162.0
 10
1480.0
 20
162.0
 10
1480.0
 20
162.0
 10
1480.0
 20
188.0
 10
1480.0
 20
188.0
 10
1492.0
 20
188.0
 10
1492.0
 20
188.0
 10
1492.0
 20
212.0
 10
1492.0
 20
212.0
 10
1480.0
 20
212.0
 10
1480.0
 20
212.0
 10
1480.0
 20
238.0
 10
1480.0
 20
238.0
 10
1500.0
 20
238.0
 10
1500.0
 20
238.0
 10
1500.0
 20
250.0
 10
1500.0
 20
250.0
 10
1524.0
 20
250.0
 10
1524.0
 20
250.0
 10
1524.0
 20
238.0
 10
1524.0
 20
238.0
 10
1556.0
 20
238.0
 10
1556.0
 20
238.0
 10
1556.0
 20
250.0
 10
1556.0
 20
250.0
 10
1580.0
 20
250.0
 10
1580.0
 20
250.0
 10
1580.0
 20
238.0
 10
1580.0
 20
238.0
 10
1600.0
 20
238.0
 10
1600.0
 20
238.0
 10
1600.0
 20
162.0
 10
1600.0
 20
162.0
 10
1580.0
 20
162.0
 10
1580.0
 20
162.0
 10
1580.0
 20
150.0
 10
1580.0
 20
150.0
 10
1556.0
 20
150.0
 10
1556.0
 20
150.0
 10
1556.0
 20
162.0
 10
1556.0
 20
162.0
 10
1524.0
 20
162.0
 10
1524.0
 20
162.0
 10
1524.0
 20
150.0
 10
1524.0
 20
150.0
 10
1500.0
 20
150.0
 10
1500.0
 20
150.0
 10
1500.0
 20
162.0
  0
LWPOLYLINE
  5
E0
100
AcDbEntity
  8
mainlayer
 62
4
370
-1
 48
1.0
  6
BYLAYER
100
AcDbPolyline
 90
56
 70
0
 10
1328.0
 20
146.0
 10
1340.0
 20
146.0
 10
1340.0
 20
146.0
 10
1340.0
 20
240.0
 10
1340.0
 20
240.0
 10
1320.0
 20
240.0
 10
1320.0
 20
240.0
 10
1320.0
 20
228.0
 10
1320.0
 20
228.0
 10
1296.0
 20
228.0
 10
1296.0
 20
228.0
 10
1296.0
 20
240.0
 10
1296.0
 20
240.0
 10
1264.0
 20
240.0
 10
1264.0
 20
240.0
 10
1264.0
 20
228.0
 10
1264.0
 20
228.0
 10
1240.0
 20
228.0
 10
1240.0
 20
228.0
 10
1240.0
 20
240.0
 10
1240.0
 20
240.0
 10
1220.0
 20
240.0
 10
1220.0
 20
240.0
 10
1220.0
 20
152.0
 10
1220.0
 20
152.0
 10
1232.0
 20
152.0
 10
1232.0
 20
152.0
 10
1232.0
 20
128.0
 10
1232.0
 20
128.0
 10
1220.0
 20
128.0
 10
1220.0
 20
128.0
 10
1220.0
 20
40.0
 10
1220.0
 20
40.0
 10
1240.0
 20
40.0
 10
1240.0
 20
40.0
 10
1240.0
 20
52.0
 10
1240.0
 20
52.0
 10
1264.0
 20
52.0
 10
1264.0
 20
52.0
 10
1264.0
 20
40.0
 10
1264.0
 20
40.0
 10
1296.0
 20
40.0
 10
1296.0
 20
40.0
 10
1296.0
 20
52.0
 10
1296.0
 20
52.0
 10
1320.0
 20
52.0
 10
1320.0
 20
52.0
 10
1320.0
 20
40.0
 10
1320.0
 20
40.0
 10
1340.0
 20
40.0
 10
1340.0
 20
40.0
 10
1340.0
 20
134.0
 10
1340.0
 20
134.0
 10
1328.0
 20
134.0
 10
1328.0
 20
134.0
 10
1328.0
 20
146.0
  0
LWPOLYLINE
  5
E1
100
AcDbEntity
  8
mainlayer
 62
4
370
-1
 48
1.0
  6
BYLAYER
100
AcDbPolyline
 90
24
 70
0
 10
1018.99981689453125
 20
64.0
 10
1018.99981689453125
 20
160.0
 10
1018.99981689453125
 20
160.0
 10
1044.9998779296875
 20
160.0
 10
1044.9998779296875
 20
160.0
 10
1044.9998779296875
 20
172.0
 10
1044.9998779296875
 20
172.0
 10
1069.0
 20
172.0
 10
1069.0
 20
172.0
 10
1069.0
 20
160.0
 10
1069.0
 20
160.0
 10
1095.0
 20
160.0
 10
1095.0
 20
160.0
 10
1095.0
 20
64.0
 10
1095.0
 20
64.0
 10
1107.0
 20
64.0
 10
1107.0
 20
64.0
 10
1107.0
 20
52.0
 10
1107.0
 20
52.0
 10
1006.99981689453125
 20
52.0
 10
1006.99981689453125
 20
52.0
 10
1006.99981689453125
 20
64.0
 10
1006.99981689453125
 20
64.0
 10
1018.99981689453125
 20
64.0
  0
LWPOLYLINE
  5
E2
100
AcDbEntity
  8
mainlayer
 62
4
370
-1
 48
1.0
  6
BYLAYER
100
AcDbPolyline
 90
40
 70
0
 10
1172.0
 20
228.0
 10
1172.0
 20
240.0
 10
1172.0
 20
240.0
 10
1148.0
 20
240.0
 10
1148.0
 20
240.0
 10
1148.0
 20
228.0
 10
1148.0
 20
228.0
 10
1122.0
 20
228.0
 10
1122.0
 20
228.0
 10
1122.0
 20
152.0
 10
1122.0
 20
152.0
 10
1110.0
 20
152.0
 10
1110.0
 20
152.0
 10
1110.0
 20
128.0
 10
1110.0
 20
128.0
 10
1122.0
 20
128.0
 10
1122.0
 20
128.0
 10
1122.0
 20
52.0
 10
1122.0
 20
52.0
 10
1148.0
 20
52.0
 10
1148.0
 20
52.0
 10
1148.0
 20
40.0
 10
1148.0
 20
40.0
 10
1172.0
 20
40.0
 10
1172.0
 20
40.0
 10
1172.0
 20
52.0
 10
1172.0
 20
52.0
 10
1198.0
 20
52.0
 10
1198.0
 20
52.0
 10
1198.0
 20
128.0
 10
1198.0
 20
128.0
 10
1210.0
 20
128.0
 10
1210.0
 20
128.0
 10
1210.0
 20
152.0
 10
1210.0
 20
152.0
 10
1198.0
 20
152.0
 10
1198.0
 20
152.0
 10
1198.0
 20
228.0
 10
1198.0
 20
228.0
 10
1172.0
 20
228.0
  0
LWPOLYLINE
  5
E3
100
AcDbEntity
  8
mainlayer
 62
4
370
-1
 48
1.0
  6
BYLAYER
100
AcDbPolyline
 90
8
 70
0
 10
1148.0
 20
146.0
 10
1148.0
 20
134.0
 10
1148.0
 20
134.0
 10
1172.0
 20
134.0
 10
1172.0
 20
134.0
 10
1172.0
 20
146.0
 10
1172.0
 20
146.0
 10
1148.0
 20
146.0
  0
LWPOLYLINE
  5
E4
100
AcDbEntity
  8
mainlayer
 62
4
370
-1
 48
1.0
  6
BYLAYER
100
AcDbPolyline
 90
48
 70
0
 10
901.99969482421875
 20
52.0
 10
881.99969482421875
 20
52.0
 10
881.99969482421875
 20
52.0
 10
881.99969482421875
 20
78.0
 10
881.99969482421875
 20
78.0
 10
893.99969482421875
 20
78.0
 10
893.99969482421875
 20
78.0
 10
893.99969482421875
 20
102.0
 10
893.99969482421875
 20
102.0
 10
881.99969482421875
 20
102.0
 10
881.99969482421875
 20
102.0
 10
881.99969482421875
 20
128.0
 10
881.99969482421875
 20
128.0
 10
901.99969482421875
 20
128.0
 10
901.99969482421875
 20
128.0
 10
901.99969482421875
 20
140.0
 10
901.99969482421875
 20
140.0
 10
925.99969482421875
 20
140.0
 10
925.99969482421875
 20
140.0
 10
925.99969482421875
 20
128.0
 10
925.99969482421875
 20
128.0
 10
957.99969482421875
 20
128.0
 10
957.99969482421875
 20
128.0
 10
957.99969482421875
 20
140.0
 10
957.99969482421875
 20
140.0
 10
981.999755859375
 20
140.0
 10
981.999755859375
 20
140.0
 10
981.999755859375
 20
128.0
 10
981.999755859375
 20
128.0
 10
1001.99969482421875
 20
128.0
 10
1001.99969482421875
 20
128.0
 10
1001.99969482421875
 20
52.0
 10
1001.99969482421875
 20
52.0
 10
981.999755859375
 20
52.0
 10
981.999755859375
 20
52.0
 10
981.999755859375
 20
40.0
 10
981.999755859375
 20
40.0
 10
957.99969482421875
 20
40.0
 10
957.99969482421875
 20
40.0
 10
957.99969482421875
 20
52.0
 10
957.99969482421875
 20
52.0
 10
925.99969482421875
 20
52.0
 10
925.99969482421875
 20
52.0
 10
925.99969482421875
 20
40.0
 10
925.99969482421875
 20
40.0
 10
901.99969482421875
 20
40.0
 10
901.99969482421875
 20
40.0
 10
901.99969482421875
 20
52.0
  0
LWPOLYLINE
  5
E5
100
AcDbEntity
  8
mainlayer
 62
4
370
-1
 48
1.0
  6
BYLAYER
100
AcDbPolyline
 90
56
 70
0
 10
859.99969482421875
 20
146.0
 10
871.99969482421875
 20
146.0
 10
871.99969482421875
 20
146.0
 10
871.99969482421875
 20
240.0
 10
871.99969482421875
 20
240.0
 10
851.99969482421875
 20
240.0
 10
851.99969482421875
 20
240.0
 10
851.99969482421875
 20
228.0
 10
851.99969482421875
 20
228.0
 10
827.99969482421875
 20
228.0
 10
827.99969482421875
 20
228.0
 10
827.99969482421875
 20
240.0
 10
827.99969482421875
 20
240.0
 10
795.99969482421875
 20
240.0
 10
795.99969482421875
 20
240.0
 10
795.99969482421875
 20
228.0
 10
795.99969482421875
 20
228.0
 10
771.99969482421875
 20
228.0
 10
771.99969482421875
 20
228.0
 10
771.99969482421875
 20
240.0
 10
771.99969482421875
 20
240.0
 10
751.99969482421875
 20
240.0
 10
751.99969482421875
 20
240.0
 10
751.99969482421875
 20
152.0
 10
751.99969482421875
 20
152.0
 10
763.99969482421875
 20
152.0
 10
763.99969482421875
 20
152.0
 10
763.99969482421875
 20
128.0
 10
763.99969482421875
 20
128.0
 10
751.99969482421875
 20
128.0
 10
751.99969482421875
 20
128.0
 10
751.99969482421875
 20
40.0
 10
751.99969482421875
 20
40.0
 10
771.99969482421875
 20
40.0
 10
771.99969482421875
 20
40.0
 10
771.99969482421875
 20
52.0
 10
771.99969482421875
 20
52.0
 10
795.99969482421875
 20
52.0
 10
795.99969482421875
 20
52.0
 10
795.99969482421875
 20
40.0
 10
795.99969482421875
 20
40.0
 10
827.99969482421875
 20
40.0
 10
827.99969482421875
 20
40.0
 10
827.99969482421875
 20
52.0
 10
827.99969482421875
 20
52.0
 10
851.99969482421875
 20
52.0
 10
851.99969482421875
 20
52.0
 10
851.99969482421875
 20
40.0
 10
851.99969482421875
 20
40.0
 10
871.99969482421875
 20
40.0
 10
871.99969482421875
 20
40.0
 10
871.99969482421875
 20
134.0
 10
871.99969482421875
 20
134.0
 10
859.99969482421875
 20
134.0
 10
859.99969482421875
 20
134.0
 10
859.99969482421875
 20
146.0
  0
LWPOLYLINE
  5
E6
100
AcDbEntity
  8
mainlayer
 62
4
370
-1
 48
1.0
  6
BYLAYER
100
AcDbPolyline
 90
48
 70
0
 10
901.99969482421875
 20
162.0
 10
881.99969482421875
 20
162.0
 10
881.99969482421875
 20
162.0
 10
881.99969482421875
 20
188.0
 10
881.99969482421875
 20
188.0
 10
893.99969482421875
 20
188.0
 10
893.99969482421875
 20
188.0
 10
893.99969482421875
 20
212.0
 10
893.99969482421875
 20
212.0
 10
881.99969482421875
 20
212.0
 10
881.99969482421875
 20
212.0
 10
881.99969482421875
 20
238.0
 10
881.99969482421875
 20
238.0
 10
901.99969482421875
 20
238.0
 10
901.99969482421875
 20
238.0
 10
901.99969482421875
 20
250.0
 10
901.99969482421875
 20
250.0
 10
925.99969482421875
 20
250.0
 10
925.99969482421875
 20
250.0
 10
925.99969482421875
 20
238.0
 10
925.99969482421875
 20
238.0
 10
957.99969482421875
 20
238.0
 10
957.99969482421875
 20
238.0
 10
957.99969482421875
 20
250.0
 10
957.99969482421875
 20
250.0
 10
981.999755859375
 20
250.0
 10
981.999755859375
 20
250.0
 10
981.999755859375
 20
238.0
 10
981.999755859375
 20
238.0
 10
1001.99969482421875
 20
238.0
 10
1001.99969482421875
 20
238.0
 10
1001.99969482421875
 20
162.0
 10
1001.99969482421875
 20
162.0
 10
981.999755859375
 20
162.0
 10
981.999755859375
 20
162.0
 10
981.999755859375
 20
150.0
 10
981.999755859375
 20
150.0
 10
957.99969482421875
 20
150.0
 10
957.99969482421875
 20
150.0
 10
957.99969482421875
 20
162.0
 10
957.99969482421875
 20
162.0
 10
925.99969482421875
 20
162.0
 10
925.99969482421875
 20
162.0
 10
925.99969482421875
 20
150.0
 10
925.99969482421875
 20
150.0
 10
901.99969482421875
 20
150.0
 10
901.99969482421875
 20
150.0
 10
901.99969482421875
 20
162.0
  0
LWPOLYLINE
  5
E7
100
AcDbEntity
  8
mainlayer
 62
4
370
-1
 48
1.0
  6
BYLAYER
100
AcDbPolyline
 90
56
 70
0
 10
729.99969482421875
 20
146.0
 10
741.99969482421875
 20
146.0
 10
741.99969482421875
 20
146.0
 10
741.99969482421875
 20
240.0
 10
741.99969482421875
 20
240.0
 10
721.99969482421875
 20
240.0
 10
721.99969482421875
 20
240.0
 10
721.99969482421875
 20
228.0
 10
721.99969482421875
 20
228.0
 10
697.99969482421875
 20
228.0
 10
697.99969482421875
 20
228.0
 10
697.99969482421875
 20
240.0
 10
697.99969482421875
 20
240.0
 10
665.99969482421875
 20
240.0
 10
665.99969482421875
 20
240.0
 10
665.99969482421875
 20
228.0
 10
665.99969482421875
 20
228.0
 10
641.99969482421875
 20
228.0
 10
641.99969482421875
 20
228.0
 10
641.99969482421875
 20
240.0
 10
641.99969482421875
 20
240.0
 10
621.99969482421875
 20
240.0
 10
621.99969482421875
 20
240.0
 10
621.99969482421875
 20
152.0
 10
621.99969482421875
 20
152.0
 10
633.99969482421875
 20
152.0
 10
633.99969482421875
 20
152.0
 10
633.99969482421875
 20
128.0
 10
633.99969482421875
 20
128.0
 10
621.99969482421875
 20
128.0
 10
621.99969482421875
 20
128.0
 10
621.99969482421875
 20
40.0
 10
621.99969482421875
 20
40.0
 10
641.99969482421875
 20
40.0
 10
641.99969482421875
 20
40.0
 10
641.99969482421875
 20
52.0
 10
641.99969482421875
 20
52.0
 10
665.99969482421875
 20
52.0
 10
665.99969482421875
 20
52.0
 10
665.99969482421875
 20
40.0
 10
665.99969482421875
 20
40.0
 10
697.99969482421875
 20
40.0
 10
697.99969482421875
 20
40.0
 10
697.99969482421875
 20
52.0
 10
697.99969482421875
 20
52.0
 10
721.99969482421875
 20
52.0
 10
721.99969482421875
 20
52.0
 10
721.99969482421875
 20
40.0
 10
721.99969482421875
 20
40.0
 10
741.99969482421875
 20
40.0
 10
741.99969482421875
 20
40.0
 10
741.99969482421875
 20
134.0
 10
741.99969482421875
 20
134.0
 10
729.99969482421875
 20
134.0
 10
729.99969482421875
 20
134.0
 10
729.99969482421875
 20
146.0
  0
LWPOLYLINE
  5
E8
100
AcDbEntity
  8
mainlayer
 62
4
370
-1
 48
1.0
  6
BYLAYER
100
AcDbPolyline
 90
24
 70
0
 10
420.99957275390625
 20
64.0
 10
420.99957275390625
 20
160.0
 10
420.99957275390625
 20
160.0
 10
446.99957275390625
 20
160.0
 10
446.99957275390625
 20
160.0
 10
446.99957275390625
 20
172.0
 10
446.99957275390625
 20
172.0
 10
470.99969482421875
 20
172.0
 10
470.99969482421875
 20
172.0
 10
470.99969482421875
 20
160.0
 10
470.99969482421875
 20
160.0
 10
496.99969482421875
 20
160.0
 10
496.99969482421875
 20
160.0
 10
496.99969482421875
 20
64.0
 10
496.99969482421875
 20
64.0
 10
508.99969482421875
 20
64.0
 10
508.99969482421875
 20
64.0
 10
508.99969482421875
 20
52.0
 10
508.99969482421875
 20
52.0
 10
408.99957275390625
 20
52.0
 10
408.99957275390625
 20
52.0
 10
408.99957275390625
 20
64.0
 10
408.99957275390625
 20
64.0
 10
420.99957275390625
 20
64.0
  0
LWPOLYLINE
  5
E9
100
AcDbEntity
  8
mainlayer
 62
4
370
-1
 48
1.0
  6
BYLAYER
100
AcDbPolyline
 90
40
 70
0
 10
573.99969482421875
 20
228.0
 10
573.99969482421875
 20
240.0
 10
573.99969482421875
 20
240.0
 10
549.99969482421875
 20
240.0
 10
549.99969482421875
 20
240.0
 10
549.99969482421875
 20
228.0
 10
549.99969482421875
 20
228.0
 10
523.99969482421875
 20
228.0
 10
523.99969482421875
 20
228.0
 10
523.99969482421875
 20
152.0
 10
523.99969482421875
 20
152.0
 10
511.99969482421875
 20
152.0
 10
511.99969482421875
 20
152.0
 10
511.99969482421875
 20
128.0
 10
511.99969482421875
 20
128.0
 10
523.99969482421875
 20
128.0
 10
523.99969482421875
 20
128.0
 10
523.99969482421875
 20
52.0
 10
523.99969482421875
 20
52.0
 10
549.99969482421875
 20
52.0
 10
549.99969482421875
 20
52.0
 10
549.99969482421875
 20
40.0
 10
549.99969482421875
 20
40.0
 10
573.99969482421875
 20
40.0
 10
573.99969482421875
 20
40.0
 10
573.99969482421875
 20
52.0
 10
573.99969482421875
 20
52.0
 10
599.99969482421875
 20
52.0
 10
599.99969482421875
 20
52.0
 10
599.99969482421875
 20
128.0
 10
599.99969482421875
 20
128.0
 10
611.99969482421875
 20
128.0
 10
611.99969482421875
 20
128.0
 10
611.99969482421875
 20
152.0
 10
611.99969482421875
 20
152.0
 10
599.99969482421875
 20
152.0
 10
599.99969482421875
 20
152.0
 10
599.99969482421875
 20
228.0
 10
599.99969482421875
 20
228.0
 10
573.99969482421875
 20
228.0
  0
LWPOLYLINE
  5
EA
100
AcDbEntity
  8
mainlayer
 62
4
370
-1
 48
1.0
  6
BYLAYER
100
AcDbPolyline
 90
8
 70
0
 10
549.99969482421875
 20
146.0
 10
549.99969482421875
 20
134.0
 10
549.99969482421875
 20
134.0
 10
573.99969482421875
 20
134.0
 10
573.99969482421875
 20
134.0
 10
573.99969482421875
 20
146.0
 10
573.99969482421875
 20
146.0
 10
549.99969482421875
 20
146.0
  0
ENDSEC
  0
SECTION
  2
OBJECTS
  0
DICTIONARY
  5
C
100
AcDbDictionary
280
0
281
1
  3
ACAD_GROUP
350
D
  3
ACAD_LAYOUT
350
1A
  3
ACAD_MLINESTYLE
350
17
  3
ACAD_PLOTSETTINGS
350
19
  3
ACAD_PLOTSTYLENAME
350
E
  3
AcDbVariableDictionary
350
EB
  0
DICTIONARY
  5
D
100
AcDbDictionary
280
0
281
1
  0
ACDBDICTIONARYWDFLT
  5
E
100
AcDbDictionary
281
1
  3
Normal
350
F
100
AcDbDictionaryWithDefault
340
F
  0
ACDBPLACEHOLDER
  5
F
  0
DICTIONARY
  5
17
100
AcDbDictionary
280
0
281
1
  3
Standard
350
18
  0
MLINESTYLE
  5
18
100
AcDbMlineStyle
  2
STANDARD
 70
0
  3

 62
256
 51
90.0
 52
90.0
 71
2
 49
0.5
 62
256
  6
BYLAYER
 49
-0.5
 62
256
  6
BYLAYER
  0
DICTIONARY
  5
19
100
AcDbDictionary
280
0
281
1
  0
DICTIONARY
  5
1A
100
AcDbDictionary
281
1
  3
Layout1
350
1E
  3
Layout2
350
26
  3
Model
350
22
  0
LAYOUT
  5
1E
100
AcDbPlotSettings
  1

  2
none_device
  4

  6

 40
0.0
 41
0.0
 42
0.0
 43
0.0
 44
0.0
 45
0.0
 46
0.0
 47
0.0
 48
0.0
 49
0.0
140
0.0
141
0.0
142
1.0
143
1.0
 70
688
 72
0
 73
0
 74
5
  7

 75
16
147
1.0
148
0.0
149
0.0
100
AcDbLayout
  1
Layout1
 70
1
 71
1
 10
0.0
 20
0.0
 11
420.0
 21
297.0
 12
0.0
 22
0.0
 32
0.0
 14
100000000000000000000.0
 24
100000000000000000000.0
 34
100000000000000000000.0
 15
-100000000000000000000.0
 25
-100000000000000000000.0
 35
-100000000000000000000.0
146
0.0
 13
0.0
 23
0.0
 33
0.0
 16
1.0
 26
0.0
 36
0.0
 17
0.0
 27
1.0
 37
0.0
 76
0
330
1B
  0
LAYOUT
  5
22
100
AcDbPlotSettings
  1

  2
none_device
  4

  6

 40
0.0
 41
0.0
 42
0.0
 43
0.0
 44
0.0
 45
0.0
 46
0.0
 47
0.0
 48
0.0
 49
0.0
140
0.0
141
0.0
142
1.0
143
1.0
 70
1712
 72
0
 73
0
 74
0
  7

 75
0
147
1.0
148
0.0
149
0.0
100
AcDbLayout
  1
Model
 70
1
 71
0
 10
0.0
 20
0.0
 11
12.0
 21
9.0
 12
0.0
 22
0.0
 32
0.0
 14
0.0
 24
0.0
 34
0.0
 15
0.0
 25
0.0
 35
0.0
146
0.0
 13
0.0
 23
0.0
 33
0.0
 16
1.0
 26
0.0
 36
0.0
 17
0.0
 27
1.0
 37
0.0
 76
0
330
1F
  0
LAYOUT
  5
26
100
AcDbPlotSettings
  1

  2
none_device
  4

  6

 40
0.0
 41
0.0
 42
0.0
 43
0.0
 44
0.0
 45
0.0
 46
0.0
 47
0.0
 48
0.0
 49
0.0
140
0.0
141
0.0
142
1.0
143
1.0
 70
688
 72
0
 73
0
 74
5
  7

 75
16
147
1.0
148
0.0
149
0.0
100
AcDbLayout
  1
Layout2
 70
1
 71
2
 10
0.0
 20
0.0
 11
12.0
 21
9.0
 12
0.0
 22
0.0
 32
0.0
 14
0.0
 24
0.0
 34
0.0
 15
0.0
 25
0.0
 35
0.0
146
0.0
 13
0.0
 23
0.0
 33
0.0
 16
1.0
 26
0.0
 36
0.0
 17
0.0
 27
1.0
 37
0.0
 76
0
330
23
  0
DICTIONARY
  5
EB
100
AcDbDictionary
281
1
  3
DIMASSOC
350
ED
  3
HIDETEXT
350
EC
  0
DICTIONARYVAR
  5
EC
100
DictionaryVariables
280
0
  1
2
  0
DICTIONARYVAR
  5
ED
100
DictionaryVariables
280
0
  1
1
  0
ENDSEC
  0
EOF
