999
RD_DXFFile_Emport https://www.rdacs.com/
  0
SECTION
  2
HEADER
  9
$ACADVER
  1
AC1015
  9
$HANDSEED
  5
FFFF
  0
ENDSEC
  0
SECTION
  2
TABLES
  0
TABLE
  2
VPORT
  5
8
100
AcDbSymbolTable
 70
1
  0
VPORT
  5
30
100
AcDbSymbolTableRecord
100
AcDbViewportTableRecord
  2
*Active
 70
0
 10
0.0
 20
0.0
 11
1.0
 21
1.0
 12
286.3055555555554861
 22
148.5
 13
0.0
 23
0.0
 14
10.0
 24
10.0
 15
10.0
 25
10.0
 16
0.0
 26
0.0
 36
1.0
 17
0.0
 27
0.0
 37
0.0
 40
297.0
 41
1.92798353909465
 42
50.0
 43
0.0
 44
0.0
 50
0.0
 51
0.0
 71
0
 72
100
 73
1
 74
3
 75
1
 76
1
 77
0
 78
0
281
0
 65
1
110
0.0
120
0.0
130
0.0
111
1.0
121
0.0
131
0.0
112
0.0
122
1.0
132
0.0
 79
0
146
0.0
  0
ENDTAB
  0
TABLE
  2
LTYPE
  5
5
100
AcDbSymbolTable
 70
3
  0
LTYPE
  5
14
100
AcDbSymbolTableRecord
100
AcDbLinetypeTableRecord
  2
BYBLOCK
 70
0
  3

 72
65
 73
0
 40
0.0
  0
LTYPE
  5
15
100
AcDbSymbolTableRecord
100
AcDbLinetypeTableRecord
  2
BYLAYER
 70
0
  3

 72
65
 73
0
 40
0.0
  0
LTYPE
  5
16
100
AcDbSymbolTableRecord
100
AcDbLinetypeTableRecord
  2
CONTINUOUS
 70
0
  3
Solid line
 72
65
 73
0
 40
0.0
  0
ENDTAB
  0
TABLE
  2
LAYER
  5
2
100
AcDbSymbolTable
 70
3
  0
LAYER
  5
10
100
AcDbSymbolTableRecord
100
AcDbLayerTableRecord
  2
0
 70
0
 62
250
  6
CONTINUOUS
370
100
390
F
  0
LAYER
  5
31
100
AcDbSymbolTableRecord
100
AcDbLayerTableRecord
  2
mainlayer
 70
0
 62
1
  6
CONTINUOUS
370
100
390
F
  0
LAYER
  5
32
100
AcDbSymbolTableRecord
100
AcDbLayerTableRecord
  2
anotherlayer
 70
0
 62
250
  6
CONTINUOUS
370
100
390
F
  0
ENDTAB
  0
TABLE
  2
STYLE
  5
3
100
AcDbSymbolTable
 70
1
  0
STYLE
  5
33
100
AcDbSymbolTableRecord
100
AcDbTextStyleTableRecord
  2
standard
 70
0
 40
2.5
 41
1.0
 50
0.0
 71
0
 42
2.5
  3

  4

1001
ACAD
1000
txt
1071
0
  0
ENDTAB
  0
TABLE
  2
VIEW
  5
6
100
AcDbSymbolTable
 70
0
  0
ENDTAB
  0
TABLE
  2
UCS
  5
7
100
AcDbSymbolTable
 70
0
  0
ENDTAB
  0
TABLE
  2
APPID
  5
9
100
AcDbSymbolTable
 70
1
  0
APPID
  5
12
100
AcDbSymbolTableRecord
100
AcDbRegAppTableRecord
  2
ACAD
 70
0
  0
ENDTAB
  0
TABLE
  2
DIMSTYLE
  5
A
100
AcDbSymbolTable
 70
1
100
AcDbDimStyleTable
 71
0
  0
DIMSTYLE
105
27
100
AcDbSymbolTableRecord
100
AcDbDimStyleTableRecord
  2
Standard
 41
1.0
 42
1.0
 43
3.75
 44
1.0
 70
0
 73
0
 74
0
 77
1
 78
8
140
1.0
141
2.5
143
0.03937007874016
147
1.0
171
3
172
1
271
2
272
2
274
3
278
44
283
0
284
8
340
0
  0
ENDTAB
  0
TABLE
  2
BLOCK_RECORD
  5
1
100
AcDbSymbolTable
 70
1
  0
BLOCK_RECORD
  5
1F
100
AcDbSymbolTableRecord
100
AcDbBlockTableRecord
  2
*Model_Space
340
22
  0
BLOCK_RECORD
  5
1B
100
AcDbSymbolTableRecord
100
AcDbBlockTableRecord
  2
*Paper_Space
340
1E
  0
BLOCK_RECORD
  5
23
100
AcDbSymbolTableRecord
100
AcDbBlockTableRecord
  2
*Paper_Space0
340
26
  0
ENDTAB
  0
ENDSEC
  0
SECTION
  2
BLOCKS
  0
BLOCK
  5
20
100
AcDbEntity
  8
0
100
AcDbBlockBegin
  2
*Model_Space
 70
0
 10
0.0
 20
0.0
 30
0.0
  3
*Model_Space
  1

  0
ENDBLK
  5
21
100
AcDbEntity
  8
0
100
AcDbBlockEnd
  0
BLOCK
  5
1C
100
AcDbEntity
 67
1
  8
0
100
AcDbBlockBegin
  2
*Paper_Space
 70
0
 10
0.0
 20
0.0
 30
0.0
  3
*Paper_Space
  1

  0
ENDBLK
  5
1D
100
AcDbEntity
 67
1
  8
0
100
AcDbBlockEnd
  0
BLOCK
  5
24
100
AcDbEntity
  8
0
100
AcDbBlockBegin
  2
*Paper_Space0
 70
0
 10
0.0
 20
0.0
 30
0.0
  3
*Paper_Space0
  1

  0
ENDBLK
  5
25
100
AcDbEntity
  8
0
100
AcDbBlockEnd
  0
ENDSEC
  0
SECTION
  2
ENTITIES
  0
LWPOLYLINE
  5
34
100
AcDbEntity
  8
mainlayer
 62
1
370
-1
 48
1.0
  6
BYLAYER
100
AcDbPolyline
 90
2
 70
0
 10
677.17431640625
 20
61.4003829956054688
 10
676.80078125
 20
61.4023361206054688
  0
SPLINE
  5
35
100
AcDbEntity
  8
mainlayer
 62
1
370
-1
 48
1.0
  6
BYLAYER
100
AcDbSpline
 70
8
 71
3
 72
8
 73
4
 74
0
 10
676.80078125
 20
61.4023361206054688
 30
0.0
 10
674.7836914062501137
 20
61.3857345581054759
 30
0.0
 10
672.7763671875
 20
61.5888595581054688
 30
0.0
 10
670.8037109375
 20
62.0117111206054688
 30
0.0
 40
0.0
 40
0.0
 40
0.0
 40
0.0
 40
4.0
 40
4.0
 40
4.0
 40
4.0
  0
SPLINE
  5
36
100
AcDbEntity
  8
mainlayer
 62
1
370
-1
 48
1.0
  6
BYLAYER
100
AcDbSpline
 70
8
 71
3
 72
8
 73
4
 74
0
 10
670.8037109375
 20
62.0117111206054688
 30
0.0
 10
669.2856445312502274
 20
62.344718933105483
 30
0.0
 10
667.85888671875
 20
62.9609298706054688
 30
0.0
 10
666.576171875
 20
63.8378829956054688
 30
0.0
 40
0.0
 40
0.0
 40
0.0
 40
0.0
 40
4.0
 40
4.0
 40
4.0
 40
4.0
  0
SPLINE
  5
37
100
AcDbEntity
  8
mainlayer
 62
1
370
-1
 48
1.0
  6
BYLAYER
100
AcDbSpline
 70
8
 71
3
 72
8
 73
4
 74
0
 10
666.576171875
 20
63.8378829956054688
 30
0.0
 10
665.9531250000001137
 20
64.264640808105483
 30
0.0
 10
665.40478515625
 20
64.7841720581054688
 30
0.0
 10
664.94384765625
 20
65.3837814331054688
 30
0.0
 40
0.0
 40
0.0
 40
0.0
 40
0.0
 40
4.0
 40
4.0
 40
4.0
 40
4.0
  0
SPLINE
  5
38
100
AcDbEntity
  8
mainlayer
 62
1
370
-1
 48
1.0
  6
BYLAYER
100
AcDbSpline
 70
8
 71
3
 72
8
 73
4
 74
0
 10
664.94384765625
 20
65.3837814331054688
 30
0.0
 10
664.5112304687501137
 20
65.946281433105483
 30
0.0
 10
664.166015625
 20
66.5663986206054688
 30
0.0
 10
663.916015625
 20
67.2304611206054688
 30
0.0
 40
0.0
 40
0.0
 40
0.0
 40
0.0
 40
4.0
 40
4.0
 40
4.0
 40
4.0
  0
SPLINE
  5
39
100
AcDbEntity
  8
mainlayer
 62
1
370
-1
 48
1.0
  6
BYLAYER
100
AcDbSpline
 70
8
 71
3
 72
8
 73
4
 74
0
 10
663.916015625
 20
67.2304611206054688
 30
0.0
 10
663.6083984375001137
 20
68.1230392456054972
 30
0.0
 10
663.4438476562498863
 20
69.0537033081054688
 30
0.0
 10
663.42724609375
 20
69.9980392456054688
 30
0.0
 40
0.0
 40
0.0
 40
0.0
 40
0.0
 40
4.0
 40
4.0
 40
4.0
 40
4.0
  0
SPLINE
  5
3A
100
AcDbEntity
  8
mainlayer
 62
1
370
-1
 48
1.0
  6
BYLAYER
100
AcDbSpline
 70
8
 71
3
 72
8
 73
4
 74
0
 10
663.42724609375
 20
69.9980392456054688
 30
0.0
 10
663.4072265625002274
 20
71.1113204956054688
 30
0.0
 10
663.5927734374998863
 20
72.2099533081054688
 30
0.0
 10
663.97705078125
 20
73.2558517456054688
 30
0.0
 40
0.0
 40
0.0
 40
0.0
 40
0.0
 40
4.0
 40
4.0
 40
4.0
 40
4.0
  0
SPLINE
  5
3B
100
AcDbEntity
  8
mainlayer
 62
1
370
-1
 48
1.0
  6
BYLAYER
100
AcDbSpline
 70
8
 71
3
 72
8
 73
4
 74
0
 10
663.97705078125
 20
73.2558517456054688
 30
0.0
 10
664.2670898437502274
 20
73.969718933105483
 30
0.0
 10
664.66552734375
 20
74.6298751831054545
 30
0.0
 10
665.162109375
 20
75.2197189331054688
 30
0.0
 40
0.0
 40
0.0
 40
0.0
 40
0.0
 40
4.0
 40
4.0
 40
4.0
 40
4.0
  0
SPLINE
  5
3C
100
AcDbEntity
  8
mainlayer
 62
1
370
-1
 48
1.0
  6
BYLAYER
100
AcDbSpline
 70
8
 71
3
 72
8
 73
4
 74
0
 10
665.162109375
 20
75.2197189331054688
 30
0.0
 10
665.7514648437502274
 20
75.9199142456054972
 30
0.0
 10
666.4599609375
 20
76.4980392456054688
 30
0.0
 10
667.26318359375
 20
76.9355392456054688
 30
0.0
 40
0.0
 40
0.0
 40
0.0
 40
0.0
 40
4.0
 40
4.0
 40
4.0
 40
4.0
  0
SPLINE
  5
3D
100
AcDbEntity
  8
mainlayer
 62
1
370
-1
 48
1.0
  6
BYLAYER
100
AcDbSpline
 70
8
 71
3
 72
8
 73
4
 74
0
 10
667.26318359375
 20
76.9355392456054688
 30
0.0
 10
668.6826171875002274
 20
77.710929870605483
 30
0.0
 10
670.2060546875
 20
78.2548751831054688
 30
0.0
 10
671.7958984375
 20
78.5537033081054688
 30
0.0
 40
0.0
 40
0.0
 40
0.0
 40
0.0
 40
4.0
 40
4.0
 40
4.0
 40
4.0
  0
SPLINE
  5
3E
100
AcDbEntity
  8
mainlayer
 62
1
370
-1
 48
1.0
  6
BYLAYER
100
AcDbSpline
 70
8
 71
3
 72
8
 73
4
 74
0
 10
671.7958984375
 20
78.5537033081054688
 30
0.0
 10
672.3330078125001137
 20
78.655265808105483
 30
0.0
 10
672.87451171875
 20
78.7275314331054688
 30
0.0
 10
673.41943359375
 20
78.7705001831054688
 30
0.0
 40
0.0
 40
0.0
 40
0.0
 40
0.0
 40
4.0
 40
4.0
 40
4.0
 40
4.0
  0
SPLINE
  5
3F
100
AcDbEntity
  8
mainlayer
 62
1
370
-1
 48
1.0
  6
BYLAYER
100
AcDbSpline
 70
8
 71
3
 72
8
 73
4
 74
0
 10
673.41943359375
 20
78.7705001831054688
 30
0.0
 10
676.2934570312501137
 20
79.0537033081054972
 30
0.0
 10
679.18115234375
 20
79.0009689331054688
 30
0.0
 10
682.04296875
 20
78.6122970581054688
 30
0.0
 40
0.0
 40
0.0
 40
0.0
 40
0.0
 40
4.0
 40
4.0
 40
4.0
 40
4.0
  0
SPLINE
  5
40
100
AcDbEntity
  8
mainlayer
 62
1
370
-1
 48
1.0
  6
BYLAYER
100
AcDbSpline
 70
8
 71
3
 72
8
 73
4
 74
0
 10
682.04296875
 20
78.6122970581054688
 30
0.0
 10
683.6997070312502274
 20
78.389640808105483
 30
0.0
 10
685.29345703125
 20
77.8867111206054688
 30
0.0
 10
686.7783203125
 20
77.1191329956054688
 30
0.0
 40
0.0
 40
0.0
 40
0.0
 40
0.0
 40
4.0
 40
4.0
 40
4.0
 40
4.0
  0
SPLINE
  5
41
100
AcDbEntity
  8
mainlayer
 62
1
370
-1
 48
1.0
  6
BYLAYER
100
AcDbSpline
 70
8
 71
3
 72
8
 73
4
 74
0
 10
686.7783203125
 20
77.1191329956054688
 30
0.0
 10
687.5200195312502274
 20
76.734367370605483
 30
0.0
 10
688.1923828125
 20
76.2372970581054688
 30
0.0
 10
688.7783203125
 20
75.6415939331054688
 30
0.0
 40
0.0
 40
0.0
 40
0.0
 40
0.0
 40
4.0
 40
4.0
 40
4.0
 40
4.0
  0
SPLINE
  5
42
100
AcDbEntity
  8
mainlayer
 62
1
370
-1
 48
1.0
  6
BYLAYER
100
AcDbSpline
 70
8
 71
3
 72
8
 73
4
 74
0
 10
688.7783203125
 20
75.6415939331054688
 30
0.0
 10
689.2397460937501137
 20
75.173820495605483
 30
0.0
 10
689.6396484375
 20
74.6513595581054688
 30
0.0
 10
689.97216796875
 20
74.0839767456054688
 30
0.0
 40
0.0
 40
0.0
 40
0.0
 40
0.0
 40
4.0
 40
4.0
 40
4.0
 40
4.0
  0
SPLINE
  5
43
100
AcDbEntity
  8
mainlayer
 62
1
370
-1
 48
1.0
  6
BYLAYER
100
AcDbSpline
 70
8
 71
3
 72
8
 73
4
 74
0
 10
689.97216796875
 20
74.0839767456054688
 30
0.0
 10
690.3676757812502274
 20
73.3290939331054688
 30
0.0
 10
690.640625
 20
72.5224533081054688
 30
0.0
 10
690.78369140625
 20
71.6816329956054688
 30
0.0
 40
0.0
 40
0.0
 40
0.0
 40
0.0
 40
4.0
 40
4.0
 40
4.0
 40
4.0
  0
SPLINE
  5
44
100
AcDbEntity
  8
mainlayer
 62
1
370
-1
 48
1.0
  6
BYLAYER
100
AcDbSpline
 70
8
 71
3
 72
8
 73
4
 74
0
 10
690.78369140625
 20
71.6816329956054688
 30
0.0
 10
690.8720703125001137
 20
71.165031433105483
 30
0.0
 10
690.90966796875
 20
70.6425704956054688
 30
0.0
 10
690.896484375
 20
70.1181564331054688
 30
0.0
 40
0.0
 40
0.0
 40
0.0
 40
0.0
 40
4.0
 40
4.0
 40
4.0
 40
4.0
  0
SPLINE
  5
45
100
AcDbEntity
  8
mainlayer
 62
1
370
-1
 48
1.0
  6
BYLAYER
100
AcDbSpline
 70
8
 71
3
 72
8
 73
4
 74
0
 10
690.896484375
 20
70.1181564331054688
 30
0.0
 10
690.9140625000001137
 20
69.296867370605483
 30
0.0
 10
690.80322265625
 20
68.4824142456054688
 30
0.0
 10
690.56640625
 20
67.6962814331054688
 30
0.0
 40
0.0
 40
0.0
 40
0.0
 40
0.0
 40
4.0
 40
4.0
 40
4.0
 40
4.0
  0
SPLINE
  5
46
100
AcDbEntity
  8
mainlayer
 62
1
370
-1
 48
1.0
  6
BYLAYER
100
AcDbSpline
 70
8
 71
3
 72
8
 73
4
 74
0
 10
690.56640625
 20
67.6962814331054688
 30
0.0
 10
690.3618164062501137
 20
67.017570495605483
 30
0.0
 10
690.0678710937498863
 20
66.3730392456054688
 30
0.0
 10
689.689453125
 20
65.7744064331054688
 30
0.0
 40
0.0
 40
0.0
 40
0.0
 40
0.0
 40
4.0
 40
4.0
 40
4.0
 40
4.0
  0
SPLINE
  5
47
100
AcDbEntity
  8
mainlayer
 62
1
370
-1
 48
1.0
  6
BYLAYER
100
AcDbSpline
 70
8
 71
3
 72
8
 73
4
 74
0
 10
689.689453125
 20
65.7744064331054688
 30
0.0
 10
689.2216796875001137
 20
65.085929870605483
 30
0.0
 10
688.65185546875
 20
64.4794845581054688
 30
0.0
 10
687.994140625
 20
63.9687423706054688
 30
0.0
 40
0.0
 40
0.0
 40
0.0
 40
0.0
 40
4.0
 40
4.0
 40
4.0
 40
4.0
  0
SPLINE
  5
48
100
AcDbEntity
  8
mainlayer
 62
1
370
-1
 48
1.0
  6
BYLAYER
100
AcDbSpline
 70
8
 71
3
 72
8
 73
4
 74
0
 10
687.994140625
 20
63.9687423706054688
 30
0.0
 10
687.5332031250002274
 20
63.611320495605483
 30
0.0
 10
687.03564453125
 20
63.3066329956054688
 30
0.0
 10
686.5078125
 20
63.0585861206054688
 30
0.0
 40
0.0
 40
0.0
 40
0.0
 40
0.0
 40
4.0
 40
4.0
 40
4.0
 40
4.0
  0
SPLINE
  5
49
100
AcDbEntity
  8
mainlayer
 62
1
370
-1
 48
1.0
  6
BYLAYER
100
AcDbSpline
 70
8
 71
3
 72
8
 73
4
 74
0
 10
686.5078125
 20
63.0585861206054688
 30
0.0
 10
685.0859375000001137
 20
62.3945236206054759
 30
0.0
 10
683.58056640625
 20
61.9501876831054688
 30
0.0
 10
682.025390625
 20
61.7363204956054688
 30
0.0
 40
0.0
 40
0.0
 40
0.0
 40
0.0
 40
4.0
 40
4.0
 40
4.0
 40
4.0
  0
SPLINE
  5
4A
100
AcDbEntity
  8
mainlayer
 62
1
370
-1
 48
1.0
  6
BYLAYER
100
AcDbSpline
 70
8
 71
3
 72
8
 73
4
 74
0
 10
682.025390625
 20
61.7363204956054688
 30
0.0
 10
680.4184570312501137
 20
61.501945495605483
 30
0.0
 10
678.79833984375
 20
61.3896408081054616
 30
0.0
 10
677.17431640625
 20
61.4003829956054688
 30
0.0
 40
0.0
 40
0.0
 40
0.0
 40
0.0
 40
4.0
 40
4.0
 40
4.0
 40
4.0
  0
SPLINE
  5
4B
100
AcDbEntity
  8
mainlayer
 62
1
370
-1
 48
1.0
  6
BYLAYER
100
AcDbSpline
 70
8
 71
3
 72
8
 73
4
 74
0
 10
677.17431640625
 20
64.7939376831054688
 30
0.0
 10
679.1347656250001137
 20
64.759757995605483
 30
0.0
 10
681.0898437499998863
 20
64.9101486206054688
 30
0.0
 10
683.02197265625
 20
65.2431564331054688
 30
0.0
 40
0.0
 40
0.0
 40
0.0
 40
0.0
 40
4.0
 40
4.0
 40
4.0
 40
4.0
  0
SPLINE
  5
4C
100
AcDbEntity
  8
mainlayer
 62
1
370
-1
 48
1.0
  6
BYLAYER
100
AcDbSpline
 70
8
 71
3
 72
8
 73
4
 74
0
 10
683.02197265625
 20
65.2431564331054688
 30
0.0
 10
683.9321289062501137
 20
65.396476745605483
 30
0.0
 10
684.80712890625
 20
65.6894454956054688
 30
0.0
 10
685.6259765625
 20
66.1152267456054688
 30
0.0
 40
0.0
 40
0.0
 40
0.0
 40
0.0
 40
4.0
 40
4.0
 40
4.0
 40
4.0
  0
SPLINE
  5
4D
100
AcDbEntity
  8
mainlayer
 62
1
370
-1
 48
1.0
  6
BYLAYER
100
AcDbSpline
 70
8
 71
3
 72
8
 73
4
 74
0
 10
685.6259765625
 20
66.1152267456054688
 30
0.0
 10
686.1201171875002274
 20
66.393547058105483
 30
0.0
 10
686.564453125
 20
66.7451095581054688
 30
0.0
 10
686.94873046875
 20
67.1630783081054688
 30
0.0
 40
0.0
 40
0.0
 40
0.0
 40
0.0
 40
4.0
 40
4.0
 40
4.0
 40
4.0
  0
SPLINE
  5
4E
100
AcDbEntity
  8
mainlayer
 62
1
370
-1
 48
1.0
  6
BYLAYER
100
AcDbSpline
 70
8
 71
3
 72
8
 73
4
 74
0
 10
686.94873046875
 20
67.1630783081054688
 30
0.0
 10
687.2832031250001137
 20
67.526359558105483
 30
0.0
 10
687.5654296875
 20
67.9326095581054688
 30
0.0
 10
687.7890625
 20
68.3740158081054688
 30
0.0
 40
0.0
 40
0.0
 40
0.0
 40
0.0
 40
4.0
 40
4.0
 40
4.0
 40
4.0
  0
LWPOLYLINE
  5
4F
100
AcDbEntity
  8
mainlayer
 62
1
370
-1
 48
1.0
  6
BYLAYER
100
AcDbPolyline
 90
2
 70
0
 10
687.7890625
 20
68.3740158081054688
 10
687.857421875
 20
68.5263595581054688
  0
SPLINE
  5
50
100
AcDbEntity
  8
mainlayer
 62
1
370
-1
 48
1.0
  6
BYLAYER
100
AcDbSpline
 70
8
 71
3
 72
8
 73
4
 74
0
 10
687.857421875
 20
68.5263595581054688
 30
0.0
 10
688.0297851562502274
 20
68.943351745605483
 30
0.0
 10
688.134765625
 20
69.3828048706054688
 30
0.0
 10
688.169921875
 20
69.8320236206054688
 30
0.0
 40
0.0
 40
0.0
 40
0.0
 40
0.0
 40
4.0
 40
4.0
 40
4.0
 40
4.0
  0
SPLINE
  5
51
100
AcDbEntity
  8
mainlayer
 62
1
370
-1
 48
1.0
  6
BYLAYER
100
AcDbSpline
 70
8
 71
3
 72
8
 73
4
 74
0
 10
688.169921875
 20
69.8320236206054688
 30
0.0
 10
688.2050781250002274
 20
70.282218933105483
 30
0.0
 10
688.1694335937498863
 20
70.7324142456054545
 30
0.0
 10
688.0634765625
 20
71.1708908081054688
 30
0.0
 40
0.0
 40
0.0
 40
0.0
 40
0.0
 40
4.0
 40
4.0
 40
4.0
 40
4.0
  0
SPLINE
  5
52
100
AcDbEntity
  8
mainlayer
 62
1
370
-1
 48
1.0
  6
BYLAYER
100
AcDbSpline
 70
8
 71
3
 72
8
 73
4
 74
0
 10
688.0634765625
 20
71.1708908081054688
 30
0.0
 10
687.9580078125002274
 20
71.609367370605483
 30
0.0
 10
687.78515625
 20
72.0263595581054688
 30
0.0
 10
687.548828125
 20
72.4111251831054688
 30
0.0
 40
0.0
 40
0.0
 40
0.0
 40
0.0
 40
4.0
 40
4.0
 40
4.0
 40
4.0
  0
SPLINE
  5
53
100
AcDbEntity
  8
mainlayer
 62
1
370
-1
 48
1.0
  6
BYLAYER
100
AcDbSpline
 70
8
 71
3
 72
8
 73
4
 74
0
 10
687.548828125
 20
72.4111251831054688
 30
0.0
 10
687.3291015625001137
 20
72.769523620605483
 30
0.0
 10
687.0595703125
 20
73.0917892456054688
 30
0.0
 10
686.74560546875
 20
73.3710861206054688
 30
0.0
 40
0.0
 40
0.0
 40
0.0
 40
0.0
 40
4.0
 40
4.0
 40
4.0
 40
4.0
  0
SPLINE
  5
54
100
AcDbEntity
  8
mainlayer
 62
1
370
-1
 48
1.0
  6
BYLAYER
100
AcDbSpline
 70
8
 71
3
 72
8
 73
4
 74
0
 10
686.74560546875
 20
73.3710861206054688
 30
0.0
 10
686.3066406250002274
 20
73.7939376831054972
 30
0.0
 10
685.80712890625
 20
74.1435470581054688
 30
0.0
 10
685.2587890625
 20
74.4111251831054688
 30
0.0
 40
0.0
 40
0.0
 40
0.0
 40
0.0
 40
4.0
 40
4.0
 40
4.0
 40
4.0
  0
SPLINE
  5
55
100
AcDbEntity
  8
mainlayer
 62
1
370
-1
 48
1.0
  6
BYLAYER
100
AcDbSpline
 70
8
 71
3
 72
8
 73
4
 74
0
 10
685.2587890625
 20
74.4111251831054688
 30
0.0
 10
684.9218750000001137
 20
74.5751876831054972
 30
0.0
 10
684.57080078125
 20
74.7060470581054688
 30
0.0
 10
684.20849609375
 20
74.8017501831054688
 30
0.0
 40
0.0
 40
0.0
 40
0.0
 40
0.0
 40
4.0
 40
4.0
 40
4.0
 40
4.0
  0
SPLINE
  5
56
100
AcDbEntity
  8
mainlayer
 62
1
370
-1
 48
1.0
  6
BYLAYER
100
AcDbSpline
 70
8
 71
3
 72
8
 73
4
 74
0
 10
684.20849609375
 20
74.8017501831054688
 30
0.0
 10
682.6860351562501137
 20
75.208976745605483
 30
0.0
 10
681.126953125
 20
75.4384689331054688
 30
0.0
 10
679.5517578125
 20
75.4872970581054688
 30
0.0
 40
0.0
 40
0.0
 40
0.0
 40
0.0
 40
4.0
 40
4.0
 40
4.0
 40
4.0
  0
SPLINE
  5
57
100
AcDbEntity
  8
mainlayer
 62
1
370
-1
 48
1.0
  6
BYLAYER
100
AcDbSpline
 70
8
 71
3
 72
8
 73
4
 74
0
 10
679.5517578125
 20
75.4872970581054688
 30
0.0
 10
677.1489257812501137
 20
75.6220626831054972
 30
0.0
 10
674.7431640624998863
 20
75.5478439331054688
 30
0.0
 10
672.35302734375
 20
75.2665939331054688
 30
0.0
 40
0.0
 40
0.0
 40
0.0
 40
0.0
 40
4.0
 40
4.0
 40
4.0
 40
4.0
  0
SPLINE
  5
58
100
AcDbEntity
  8
mainlayer
 62
1
370
-1
 48
1.0
  6
BYLAYER
100
AcDbSpline
 70
8
 71
3
 72
8
 73
4
 74
0
 10
672.35302734375
 20
75.2665939331054688
 30
0.0
 10
671.2416992187501137
 20
75.144523620605483
 30
0.0
 10
670.15966796875
 20
74.8652267456054688
 30
0.0
 10
669.1279296875
 20
74.4345626831054688
 30
0.0
 40
0.0
 40
0.0
 40
0.0
 40
0.0
 40
4.0
 40
4.0
 40
4.0
 40
4.0
  0
SPLINE
  5
59
100
AcDbEntity
  8
mainlayer
 62
1
370
-1
 48
1.0
  6
BYLAYER
100
AcDbSpline
 70
8
 71
3
 72
8
 73
4
 74
0
 10
669.1279296875
 20
74.4345626831054688
 30
0.0
 10
668.6171875000001137
 20
74.201164245605483
 30
0.0
 10
668.1494140625
 20
73.8915939331054688
 30
0.0
 10
667.73583984375
 20
73.5117111206054688
 30
0.0
 40
0.0
 40
0.0
 40
0.0
 40
0.0
 40
4.0
 40
4.0
 40
4.0
 40
4.0
  0
SPLINE
  5
5A
100
AcDbEntity
  8
mainlayer
 62
1
370
-1
 48
1.0
  6
BYLAYER
100
AcDbSpline
 70
8
 71
3
 72
8
 73
4
 74
0
 10
667.73583984375
 20
73.5117111206054688
 30
0.0
 10
667.2084960937501137
 20
73.028312683105483
 30
0.0
 10
666.7875976562498863
 20
72.4492111206054688
 30
0.0
 10
666.490234375
 20
71.7978439331054688
 30
0.0
 40
0.0
 40
0.0
 40
0.0
 40
0.0
 40
4.0
 40
4.0
 40
4.0
 40
4.0
  0
SPLINE
  5
5B
100
AcDbEntity
  8
mainlayer
 62
1
370
-1
 48
1.0
  6
BYLAYER
100
AcDbSpline
 70
8
 71
3
 72
8
 73
4
 74
0
 10
666.490234375
 20
71.7978439331054688
 30
0.0
 10
666.3144531250001137
 20
71.372062683105483
 30
0.0
 10
666.20751953125
 20
70.9228439331054688
 30
0.0
 10
666.171875
 20
70.4638595581054688
 30
0.0
 40
0.0
 40
0.0
 40
0.0
 40
0.0
 40
4.0
 40
4.0
 40
4.0
 40
4.0
  0
SPLINE
  5
5C
100
AcDbEntity
  8
mainlayer
 62
1
370
-1
 48
1.0
  6
BYLAYER
100
AcDbSpline
 70
8
 71
3
 72
8
 73
4
 74
0
 10
666.171875
 20
70.4638595581054688
 30
0.0
 10
666.1362304687502274
 20
70.0038986206054688
 30
0.0
 10
666.1728515624998863
 20
69.5439376831054688
 30
0.0
 10
666.28125
 20
69.0956954956054688
 30
0.0
 40
0.0
 40
0.0
 40
0.0
 40
0.0
 40
4.0
 40
4.0
 40
4.0
 40
4.0
  0
SPLINE
  5
5D
100
AcDbEntity
  8
mainlayer
 62
1
370
-1
 48
1.0
  6
BYLAYER
100
AcDbSpline
 70
8
 71
3
 72
8
 73
4
 74
0
 10
666.28125
 20
69.0956954956054688
 30
0.0
 10
666.3896484375001137
 20
68.648429870605483
 30
0.0
 10
666.56640625
 20
68.2226486206054688
 30
0.0
 10
666.80810546875
 20
67.8290939331054688
 30
0.0
 40
0.0
 40
0.0
 40
0.0
 40
0.0
 40
4.0
 40
4.0
 40
4.0
 40
4.0
  0
SPLINE
  5
5E
100
AcDbEntity
  8
mainlayer
 62
1
370
-1
 48
1.0
  6
BYLAYER
100
AcDbSpline
 70
8
 71
3
 72
8
 73
4
 74
0
 10
666.80810546875
 20
67.8290939331054688
 30
0.0
 10
666.8945312500001137
 20
67.6884689331054688
 30
0.0
 10
666.98876953125
 20
67.5527267456054688
 30
0.0
 10
667.0908203125
 20
67.4228439331054688
 30
0.0
 40
0.0
 40
0.0
 40
0.0
 40
0.0
 40
4.0
 40
4.0
 40
4.0
 40
4.0
  0
SPLINE
  5
5F
100
AcDbEntity
  8
mainlayer
 62
1
370
-1
 48
1.0
  6
BYLAYER
100
AcDbSpline
 70
8
 71
3
 72
8
 73
4
 74
0
 10
667.0908203125
 20
67.4228439331054688
 30
0.0
 10
667.4589843750001137
 20
66.987297058105483
 30
0.0
 10
667.890625
 20
66.6152267456054688
 30
0.0
 10
668.375
 20
66.3154220581054688
 30
0.0
 40
0.0
 40
0.0
 40
0.0
 40
0.0
 40
4.0
 40
4.0
 40
4.0
 40
4.0
  0
SPLINE
  5
60
100
AcDbEntity
  8
mainlayer
 62
1
370
-1
 48
1.0
  6
BYLAYER
100
AcDbSpline
 70
8
 71
3
 72
8
 73
4
 74
0
 10
668.375
 20
66.3154220581054688
 30
0.0
 10
668.7138671875001137
 20
66.105461120605483
 30
0.0
 10
669.07373046875
 20
65.9345626831054688
 30
0.0
 10
669.4501953125
 20
65.8037033081054688
 30
0.0
 40
0.0
 40
0.0
 40
0.0
 40
0.0
 40
4.0
 40
4.0
 40
4.0
 40
4.0
  0
SPLINE
  5
61
100
AcDbEntity
  8
mainlayer
 62
1
370
-1
 48
1.0
  6
BYLAYER
100
AcDbSpline
 70
8
 71
3
 72
8
 73
4
 74
0
 10
669.4501953125
 20
65.8037033081054688
 30
0.0
 10
670.7568359375001137
 20
65.344718933105483
 30
0.0
 10
672.1123046875
 20
65.0605392456054688
 30
0.0
 10
673.4931640625
 20
64.9560470581054688
 30
0.0
 40
0.0
 40
0.0
 40
0.0
 40
0.0
 40
4.0
 40
4.0
 40
4.0
 40
4.0
  0
SPLINE
  5
62
100
AcDbEntity
  8
mainlayer
 62
1
370
-1
 48
1.0
  6
BYLAYER
100
AcDbSpline
 70
8
 71
3
 72
8
 73
4
 74
0
 10
673.4931640625
 20
64.9560470581054688
 30
0.0
 10
674.71728515625
 20
64.842765808105483
 30
0.0
 10
675.9453124999998863
 20
64.7890548706054688
 30
0.0
 10
677.17431640625
 20
64.7939376831054688
 30
0.0
 40
0.0
 40
0.0
 40
0.0
 40
0.0
 40
4.0
 40
4.0
 40
4.0
 40
4.0
  0
LWPOLYLINE
  5
63
100
AcDbEntity
  8
mainlayer
 62
1
370
-1
 48
1.0
  6
BYLAYER
100
AcDbPolyline
 90
2
 70
0
 10
471.94873046875
 20
44.4970626831054688
 10
471.5185546875
 20
44.4872970581054688
  0
SPLINE
  5
64
100
AcDbEntity
  8
mainlayer
 62
1
370
-1
 48
1.0
  6
BYLAYER
100
AcDbSpline
 70
8
 71
3
 72
8
 73
4
 74
0
 10
471.5185546875
 20
44.4872970581054688
 30
0.0
 10
470.8100585937501137
 20
44.4775314331054759
 30
0.0
 10
470.1118164062499432
 20
44.3574142456054688
 30
0.0
 10
469.44091796875
 20
44.1288986206054688
 30
0.0
 40
0.0
 40
0.0
 40
0.0
 40
0.0
 40
4.0
 40
4.0
 40
4.0
 40
4.0
  0
SPLINE
  5
65
100
AcDbEntity
  8
mainlayer
 62
1
370
-1
 48
1.0
  6
BYLAYER
100
AcDbSpline
 70
8
 71
3
 72
8
 73
4
 74
0
 10
469.44091796875
 20
44.1288986206054688
 30
0.0
 10
469.0341796875001705
 20
43.9912033081054759
 30
0.0
 10
468.6420898437499432
 20
43.8144454956054688
 30
0.0
 10
468.26904296875
 20
43.6015586853027344
 30
0.0
 40
0.0
 40
0.0
 40
0.0
 40
0.0
 40
4.0
 40
4.0
 40
4.0
 40
4.0
  0
SPLINE
  5
66
100
AcDbEntity
  8
mainlayer
 62
1
370
-1
 48
1.0
  6
BYLAYER
100
AcDbSpline
 70
8
 71
3
 72
8
 73
4
 74
0
 10
468.26904296875
 20
43.6015586853027344
 30
0.0
 10
467.8027343750000568
 20
43.3290977478027415
 30
0.0
 10
467.384765625
 20
42.9873008728027344
 30
0.0
 10
467.025390625
 20
42.5839805603027344
 30
0.0
 40
0.0
 40
0.0
 40
0.0
 40
0.0
 40
4.0
 40
4.0
 40
4.0
 40
4.0
  0
SPLINE
  5
67
100
AcDbEntity
  8
mainlayer
 62
1
370
-1
 48
1.0
  6
BYLAYER
100
AcDbSpline
 70
8
 71
3
 72
8
 73
4
 74
0
 10
467.025390625
 20
42.5839805603027344
 30
0.0
 10
466.6660156250001137
 20
42.1816368103027415
 30
0.0
 10
466.3740234374999432
 20
41.7265586853027344
 30
0.0
 10
466.15673828125
 20
41.2324180603027344
 30
0.0
 40
0.0
 40
0.0
 40
0.0
 40
0.0
 40
4.0
 40
4.0
 40
4.0
 40
4.0
  0
SPLINE
  5
68
100
AcDbEntity
  8
mainlayer
 62
1
370
-1
 48
1.0
  6
BYLAYER
100
AcDbSpline
 70
8
 71
3
 72
8
 73
4
 74
0
 10
466.15673828125
 20
41.2324180603027344
 30
0.0
 10
466.0654296875001137
 20
41.0244102478027415
 30
0.0
 10
465.9877929687499432
 20
40.8105430603027344
 30
0.0
 10
465.9248046875
 20
40.5927696228027344
 30
0.0
 40
0.0
 40
0.0
 40
0.0
 40
0.0
 40
4.0
 40
4.0
 40
4.0
 40
4.0
  0
SPLINE
  5
69
100
AcDbEntity
  8
mainlayer
 62
1
370
-1
 48
1.0
  6
BYLAYER
100
AcDbSpline
 70
8
 71
3
 72
8
 73
4
 74
0
 10
465.9248046875
 20
40.5927696228027344
 30
0.0
 10
465.7934570312500568
 20
40.0888633728027344
 30
0.0
 10
465.7426757812499432
 20
39.5712852478027344
 30
0.0
 10
465.7734375
 20
39.0517539978027344
 30
0.0
 40
0.0
 40
0.0
 40
0.0
 40
0.0
 40
4.0
 40
4.0
 40
4.0
 40
4.0
  0
SPLINE
  5
6A
100
AcDbEntity
  8
mainlayer
 62
1
370
-1
 48
1.0
  6
BYLAYER
100
AcDbSpline
 70
8
 71
3
 72
8
 73
4
 74
0
 10
465.7734375
 20
39.0517539978027344
 30
0.0
 10
465.8041992187501137
 20
38.5322227478027486
 30
0.0
 10
465.91552734375
 20
38.0234336853027273
 30
0.0
 10
466.10546875
 20
37.5390586853027344
 30
0.0
 40
0.0
 40
0.0
 40
0.0
 40
0.0
 40
4.0
 40
4.0
 40
4.0
 40
4.0
  0
SPLINE
  5
6B
100
AcDbEntity
  8
mainlayer
 62
1
370
-1
 48
1.0
  6
BYLAYER
100
AcDbSpline
 70
8
 71
3
 72
8
 73
4
 74
0
 10
466.10546875
 20
37.5390586853027344
 30
0.0
 10
466.29541015625
 20
37.0537071228027486
 30
0.0
 10
466.55859375
 20
36.6054649353027344
 30
0.0
 10
466.88916015625
 20
36.2031211853027344
 30
0.0
 40
0.0
 40
0.0
 40
0.0
 40
0.0
 40
4.0
 40
4.0
 40
4.0
 40
4.0
  0
SPLINE
  5
6C
100
AcDbEntity
  8
mainlayer
 62
1
370
-1
 48
1.0
  6
BYLAYER
100
AcDbSpline
 70
8
 71
3
 72
8
 73
4
 74
0
 10
466.88916015625
 20
36.2031211853027344
 30
0.0
 10
467.0161132812501705
 20
36.0478477478027415
 30
0.0
 10
467.1528320312499432
 20
35.9003868103027344
 30
0.0
 10
467.29833984375
 20
35.7617149353027344
 30
0.0
 40
0.0
 40
0.0
 40
0.0
 40
0.0
 40
4.0
 40
4.0
 40
4.0
 40
4.0
  0
SPLINE
  5
6D
100
AcDbEntity
  8
mainlayer
 62
1
370
-1
 48
1.0
  6
BYLAYER
100
AcDbSpline
 70
8
 71
3
 72
8
 73
4
 74
0
 10
467.29833984375
 20
35.7617149353027344
 30
0.0
 10
467.7700195312500568
 20
35.2890586853027415
 30
0.0
 10
468.3095703125
 20
34.8964805603027344
 30
0.0
 10
468.904296875
 20
34.5927696228027344
 30
0.0
 40
0.0
 40
0.0
 40
0.0
 40
0.0
 40
4.0
 40
4.0
 40
4.0
 40
4.0
  0
SPLINE
  5
6E
100
AcDbEntity
  8
mainlayer
 62
1
370
-1
 48
1.0
  6
BYLAYER
100
AcDbSpline
 70
8
 71
3
 72
8
 73
4
 74
0
 10
468.904296875
 20
34.5927696228027344
 30
0.0
 10
469.6738281250001137
 20
34.2001914978027344
 30
0.0
 10
470.5068359375
 20
33.9706993103027344
 30
0.0
 10
471.36865234375
 20
33.9130821228027344
 30
0.0
 40
0.0
 40
0.0
 40
0.0
 40
0.0
 40
4.0
 40
4.0
 40
4.0
 40
4.0
  0
SPLINE
  5
6F
100
AcDbEntity
  8
mainlayer
 62
1
370
-1
 48
1.0
  6
BYLAYER
100
AcDbSpline
 70
8
 71
3
 72
8
 73
4
 74
0
 10
471.36865234375
 20
33.9130821228027344
 30
0.0
 10
472.1054687500001137
 20
33.8251914978027415
 30
0.0
 10
472.8466796874999432
 20
33.8535118103027344
 30
0.0
 10
473.57421875
 20
33.9980430603027344
 30
0.0
 40
0.0
 40
0.0
 40
0.0
 40
0.0
 40
4.0
 40
4.0
 40
4.0
 40
4.0
  0
SPLINE
  5
70
100
AcDbEntity
  8
mainlayer
 62
1
370
-1
 48
1.0
  6
BYLAYER
100
AcDbSpline
 70
8
 71
3
 72
8
 73
4
 74
0
 10
473.57421875
 20
33.9980430603027344
 30
0.0
 10
473.9619140625001137
 20
34.0751914978027486
 30
0.0
 10
474.3413085937499432
 20
34.1835899353027344
 30
0.0
 10
474.71044921875
 20
34.3242149353027344
 30
0.0
 40
0.0
 40
0.0
 40
0.0
 40
0.0
 40
4.0
 40
4.0
 40
4.0
 40
4.0
  0
SPLINE
  5
71
100
AcDbEntity
  8
mainlayer
 62
1
370
-1
 48
1.0
  6
BYLAYER
100
AcDbSpline
 70
8
 71
3
 72
8
 73
4
 74
0
 10
474.71044921875
 20
34.3242149353027344
 30
0.0
 10
475.2246093750000568
 20
34.5302696228027344
 30
0.0
 10
475.69970703125
 20
34.8154258728027344
 30
0.0
 10
476.125
 20
35.1699180603027344
 30
0.0
 40
0.0
 40
0.0
 40
0.0
 40
0.0
 40
4.0
 40
4.0
 40
4.0
 40
4.0
  0
SPLINE
  5
72
100
AcDbEntity
  8
mainlayer
 62
1
370
-1
 48
1.0
  6
BYLAYER
100
AcDbSpline
 70
8
 71
3
 72
8
 73
4
 74
0
 10
476.125
 20
35.1699180603027344
 30
0.0
 10
476.5498046875001137
 20
35.5253868103027415
 30
0.0
 10
476.9140625
 20
35.9423789978027344
 30
0.0
 10
477.20849609375
 20
36.4121055603027344
 30
0.0
 40
0.0
 40
0.0
 40
0.0
 40
0.0
 40
4.0
 40
4.0
 40
4.0
 40
4.0
  0
SPLINE
  5
73
100
AcDbEntity
  8
mainlayer
 62
1
370
-1
 48
1.0
  6
BYLAYER
100
AcDbSpline
 70
8
 71
3
 72
8
 73
4
 74
0
 10
477.20849609375
 20
36.4121055603027344
 30
0.0
 10
477.5029296875001137
 20
36.8808555603027415
 30
0.0
 10
477.720703125
 20
37.3906211853027273
 30
0.0
 10
477.85595703125
 20
37.9277305603027344
 30
0.0
 40
0.0
 40
0.0
 40
0.0
 40
0.0
 40
4.0
 40
4.0
 40
4.0
 40
4.0
  0
SPLINE
  5
74
100
AcDbEntity
  8
mainlayer
 62
1
370
-1
 48
1.0
  6
BYLAYER
100
AcDbSpline
 70
8
 71
3
 72
8
 73
4
 74
0
 10
477.85595703125
 20
37.9277305603027344
 30
0.0
 10
478.0214843750001137
 20
38.5859336853027344
 30
0.0
 10
478.05810546875
 20
39.2636680603027273
 30
0.0
 10
477.96484375
 20
39.9365196228027344
 30
0.0
 40
0.0
 40
0.0
 40
0.0
 40
0.0
 40
4.0
 40
4.0
 40
4.0
 40
4.0
  0
SPLINE
  5
75
100
AcDbEntity
  8
mainlayer
 62
1
370
-1
 48
1.0
  6
BYLAYER
100
AcDbSpline
 70
8
 71
3
 72
8
 73
4
 74
0
 10
477.96484375
 20
39.9365196228027344
 30
0.0
 10
477.9062500000000568
 20
40.4540977478027415
 30
0.0
 10
477.767578125
 20
40.9570274353027344
 30
0.0
 10
477.5517578125
 20
41.4316368103027344
 30
0.0
 40
0.0
 40
0.0
 40
0.0
 40
0.0
 40
4.0
 40
4.0
 40
4.0
 40
4.0
  0
SPLINE
  5
76
100
AcDbEntity
  8
mainlayer
 62
1
370
-1
 48
1.0
  6
BYLAYER
100
AcDbSpline
 70
8
 71
3
 72
8
 73
4
 74
0
 10
477.5517578125
 20
41.4316368103027344
 30
0.0
 10
477.3364257812501137
 20
41.9062461853027486
 30
0.0
 10
477.04931640625
 20
42.3408164978027344
 30
0.0
 10
476.697265625
 20
42.7255821228027344
 30
0.0
 40
0.0
 40
0.0
 40
0.0
 40
0.0
 40
4.0
 40
4.0
 40
4.0
 40
4.0
  0
SPLINE
  5
77
100
AcDbEntity
  8
mainlayer
 62
1
370
-1
 48
1.0
  6
BYLAYER
100
AcDbSpline
 70
8
 71
3
 72
8
 73
4
 74
0
 10
476.697265625
 20
42.7255821228027344
 30
0.0
 10
476.3457031250000568
 20
43.1103477478027415
 30
0.0
 10
475.9379882812499432
 20
43.4355430603027273
 30
0.0
 10
475.48486328125
 20
43.6923751831054688
 30
0.0
 40
0.0
 40
0.0
 40
0.0
 40
0.0
 40
4.0
 40
4.0
 40
4.0
 40
4.0
  0
SPLINE
  5
78
100
AcDbEntity
  8
mainlayer
 62
1
370
-1
 48
1.0
  6
BYLAYER
100
AcDbSpline
 70
8
 71
3
 72
8
 73
4
 74
0
 10
475.48486328125
 20
43.6923751831054688
 30
0.0
 10
475.2192382812501137
 20
43.843742370605483
 30
0.0
 10
474.9404296875
 20
43.9687423706054688
 30
0.0
 10
474.65185546875
 20
44.0683517456054688
 30
0.0
 40
0.0
 40
0.0
 40
0.0
 40
0.0
 40
4.0
 40
4.0
 40
4.0
 40
4.0
  0
SPLINE
  5
79
100
AcDbEntity
  8
mainlayer
 62
1
370
-1
 48
1.0
  6
BYLAYER
100
AcDbSpline
 70
8
 71
3
 72
8
 73
4
 74
0
 10
474.65185546875
 20
44.0683517456054688
 30
0.0
 10
473.7802734375001705
 20
44.3671798706054759
 30
0.0
 10
472.8701171875
 20
44.5117111206054688
 30
0.0
 10
471.94873046875
 20
44.4970626831054688
 30
0.0
 40
0.0
 40
0.0
 40
0.0
 40
0.0
 40
4.0
 40
4.0
 40
4.0
 40
4.0
  0
SPLINE
  5
7A
100
AcDbEntity
  8
mainlayer
 62
1
370
-1
 48
1.0
  6
BYLAYER
100
AcDbSpline
 70
8
 71
3
 72
8
 73
4
 74
0
 10
275.93017578125
 20
56.3564376831054688
 30
0.0
 10
276.3691406250000568
 20
56.3398361206054759
 30
0.0
 10
276.80517578125
 20
56.3925704956054616
 30
0.0
 10
277.2275390625
 20
56.5126876831054688
 30
0.0
 40
0.0
 40
0.0
 40
0.0
 40
0.0
 40
4.0
 40
4.0
 40
4.0
 40
4.0
  0
SPLINE
  5
7B
100
AcDbEntity
  8
mainlayer
 62
1
370
-1
 48
1.0
  6
BYLAYER
100
AcDbSpline
 70
8
 71
3
 72
8
 73
4
 74
0
 10
277.2275390625
 20
56.5126876831054688
 30
0.0
 10
277.6503906250000568
 20
56.632804870605483
 30
0.0
 10
278.048828125
 20
56.8173751831054688
 30
0.0
 10
278.41357421875
 20
57.0624923706054688
 30
0.0
 40
0.0
 40
0.0
 40
0.0
 40
0.0
 40
4.0
 40
4.0
 40
4.0
 40
4.0
  0
SPLINE
  5
7C
100
AcDbEntity
  8
mainlayer
 62
1
370
-1
 48
1.0
  6
BYLAYER
100
AcDbSpline
 70
8
 71
3
 72
8
 73
4
 74
0
 10
278.41357421875
 20
57.0624923706054688
 30
0.0
 10
278.71533203125
 20
57.265617370605483
 30
0.0
 10
278.98828125
 20
57.5058517456054688
 30
0.0
 10
279.22802734375
 20
57.7792892456054688
 30
0.0
 40
0.0
 40
0.0
 40
0.0
 40
0.0
 40
4.0
 40
4.0
 40
4.0
 40
4.0
  0
SPLINE
  5
7D
100
AcDbEntity
  8
mainlayer
 62
1
370
-1
 48
1.0
  6
BYLAYER
100
AcDbSpline
 70
8
 71
3
 72
8
 73
4
 74
0
 10
279.22802734375
 20
57.7792892456054688
 30
0.0
 10
279.5263671875000568
 20
58.133781433105483
 30
0.0
 10
279.76513671875
 20
58.5302658081054545
 30
0.0
 10
279.939453125
 20
58.9589767456054688
 30
0.0
 40
0.0
 40
0.0
 40
0.0
 40
0.0
 40
4.0
 40
4.0
 40
4.0
 40
4.0
  0
SPLINE
  5
7E
100
AcDbEntity
  8
mainlayer
 62
1
370
-1
 48
1.0
  6
BYLAYER
100
AcDbSpline
 70
8
 71
3
 72
8
 73
4
 74
0
 10
279.939453125
 20
58.9589767456054688
 30
0.0
 10
280.11328125
 20
59.387687683105483
 30
0.0
 10
280.21826171875
 20
59.8388595581054759
 30
0.0
 10
280.2509765625
 20
60.3007736206054688
 30
0.0
 40
0.0
 40
0.0
 40
0.0
 40
0.0
 40
4.0
 40
4.0
 40
4.0
 40
4.0
  0
SPLINE
  5
7F
100
AcDbEntity
  8
mainlayer
 62
1
370
-1
 48
1.0
  6
BYLAYER
100
AcDbSpline
 70
8
 71
3
 72
8
 73
4
 74
0
 10
280.2509765625
 20
60.3007736206054688
 30
0.0
 10
280.2626953125001137
 20
60.4589767456054759
 30
0.0
 10
280.26513671875
 20
60.6181564331054688
 30
0.0
 10
280.25927734375
 20
60.7773361206054688
 30
0.0
 40
0.0
 40
0.0
 40
0.0
 40
0.0
 40
4.0
 40
4.0
 40
4.0
 40
4.0
  0
SPLINE
  5
80
100
AcDbEntity
  8
mainlayer
 62
1
370
-1
 48
1.0
  6
BYLAYER
100
AcDbSpline
 70
8
 71
3
 72
8
 73
4
 74
0
 10
280.25927734375
 20
60.7773361206054688
 30
0.0
 10
280.2763671875000568
 20
61.223625183105483
 30
0.0
 10
280.2236328125
 20
61.6660079956054688
 30
0.0
 10
280.1025390625
 20
62.0956954956054688
 30
0.0
 40
0.0
 40
0.0
 40
0.0
 40
0.0
 40
4.0
 40
4.0
 40
4.0
 40
4.0
  0
SPLINE
  5
81
100
AcDbEntity
  8
mainlayer
 62
1
370
-1
 48
1.0
  6
BYLAYER
100
AcDbSpline
 70
8
 71
3
 72
8
 73
4
 74
0
 10
280.1025390625
 20
62.0956954956054688
 30
0.0
 10
279.98095703125
 20
62.525382995605483
 30
0.0
 10
279.7939453124999432
 20
62.9306564331054688
 30
0.0
 10
279.5458984375
 20
63.3017501831054688
 30
0.0
 40
0.0
 40
0.0
 40
0.0
 40
0.0
 40
4.0
 40
4.0
 40
4.0
 40
4.0
  0
SPLINE
  5
82
100
AcDbEntity
  8
mainlayer
 62
1
370
-1
 48
1.0
  6
BYLAYER
100
AcDbSpline
 70
8
 71
3
 72
8
 73
4
 74
0
 10
279.5458984375
 20
63.3017501831054688
 30
0.0
 10
279.2978515625000568
 20
63.672843933105483
 30
0.0
 10
278.99462890625
 20
63.9999923706054616
 30
0.0
 10
278.64404296875
 20
64.2763595581054688
 30
0.0
 40
0.0
 40
0.0
 40
0.0
 40
0.0
 40
4.0
 40
4.0
 40
4.0
 40
4.0
  0
SPLINE
  5
83
100
AcDbEntity
  8
mainlayer
 62
1
370
-1
 48
1.0
  6
BYLAYER
100
AcDbSpline
 70
8
 71
3
 72
8
 73
4
 74
0
 10
278.64404296875
 20
64.2763595581054688
 30
0.0
 10
278.5234375000000568
 20
64.371086120605483
 30
0.0
 10
278.3974609375
 20
64.4599533081054688
 30
0.0
 10
278.26708984375
 20
64.5410079956054688
 30
0.0
 40
0.0
 40
0.0
 40
0.0
 40
0.0
 40
4.0
 40
4.0
 40
4.0
 40
4.0
  0
SPLINE
  5
84
100
AcDbEntity
  8
mainlayer
 62
1
370
-1
 48
1.0
  6
BYLAYER
100
AcDbSpline
 70
8
 71
3
 72
8
 73
4
 74
0
 10
278.26708984375
 20
64.5410079956054688
 30
0.0
 10
277.8793945312500568
 20
64.769523620605483
 30
0.0
 10
277.4609375
 20
64.9345626831054688
 30
0.0
 10
277.021484375
 20
65.0322189331054688
 30
0.0
 40
0.0
 40
0.0
 40
0.0
 40
0.0
 40
4.0
 40
4.0
 40
4.0
 40
4.0
  0
SPLINE
  5
85
100
AcDbEntity
  8
mainlayer
 62
1
370
-1
 48
1.0
  6
BYLAYER
100
AcDbSpline
 70
8
 71
3
 72
8
 73
4
 74
0
 10
277.021484375
 20
65.0322189331054688
 30
0.0
 10
276.5825195312500568
 20
65.128898620605483
 30
0.0
 10
276.13330078125
 20
65.1562423706054688
 30
0.0
 10
275.685546875
 20
65.1132736206054688
 30
0.0
 40
0.0
 40
0.0
 40
0.0
 40
0.0
 40
4.0
 40
4.0
 40
4.0
 40
4.0
  0
SPLINE
  5
86
100
AcDbEntity
  8
mainlayer
 62
1
370
-1
 48
1.0
  6
BYLAYER
100
AcDbSpline
 70
8
 71
3
 72
8
 73
4
 74
0
 10
275.685546875
 20
65.1132736206054688
 30
0.0
 10
275.2377929687500568
 20
65.070304870605483
 30
0.0
 10
274.80224609375
 20
64.9580001831054688
 30
0.0
 10
274.3896484375
 20
64.7783126831054688
 30
0.0
 40
0.0
 40
0.0
 40
0.0
 40
0.0
 40
4.0
 40
4.0
 40
4.0
 40
4.0
  0
SPLINE
  5
87
100
AcDbEntity
  8
mainlayer
 62
1
370
-1
 48
1.0
  6
BYLAYER
100
AcDbSpline
 70
8
 71
3
 72
8
 73
4
 74
0
 10
274.3896484375
 20
64.7783126831054688
 30
0.0
 10
273.8911132812500568
 20
64.561515808105483
 30
0.0
 10
273.4423828125
 20
64.2548751831054688
 30
0.0
 10
273.05908203125
 20
63.8691329956054688
 30
0.0
 40
0.0
 40
0.0
 40
0.0
 40
0.0
 40
4.0
 40
4.0
 40
4.0
 40
4.0
  0
SPLINE
  5
88
100
AcDbEntity
  8
mainlayer
 62
1
370
-1
 48
1.0
  6
BYLAYER
100
AcDbSpline
 70
8
 71
3
 72
8
 73
4
 74
0
 10
273.05908203125
 20
63.8691329956054688
 30
0.0
 10
272.7387695312501137
 20
63.542961120605483
 30
0.0
 10
272.47314453125
 20
63.1699142456054688
 30
0.0
 10
272.26904296875
 20
62.7607345581054688
 30
0.0
 40
0.0
 40
0.0
 40
0.0
 40
0.0
 40
4.0
 40
4.0
 40
4.0
 40
4.0
  0
SPLINE
  5
89
100
AcDbEntity
  8
mainlayer
 62
1
370
-1
 48
1.0
  6
BYLAYER
100
AcDbSpline
 70
8
 71
3
 72
8
 73
4
 74
0
 10
272.26904296875
 20
62.7607345581054688
 30
0.0
 10
272.0649414062500568
 20
62.350578308105483
 30
0.0
 10
271.927734375
 20
61.9140548706054688
 30
0.0
 10
271.8603515625
 20
61.4619064331054688
 30
0.0
 40
0.0
 40
0.0
 40
0.0
 40
0.0
 40
4.0
 40
4.0
 40
4.0
 40
4.0
  0
SPLINE
  5
8A
100
AcDbEntity
  8
mainlayer
 62
1
370
-1
 48
1.0
  6
BYLAYER
100
AcDbSpline
 70
8
 71
3
 72
8
 73
4
 74
0
 10
271.8603515625
 20
61.4619064331054688
 30
0.0
 10
271.8105468750000568
 20
61.127922058105483
 30
0.0
 10
271.7998046875
 20
60.7900314331054616
 30
0.0
 10
271.828125
 20
60.4540939331054688
 30
0.0
 40
0.0
 40
0.0
 40
0.0
 40
0.0
 40
4.0
 40
4.0
 40
4.0
 40
4.0
  0
SPLINE
  5
8B
100
AcDbEntity
  8
mainlayer
 62
1
370
-1
 48
1.0
  6
BYLAYER
100
AcDbSpline
 70
8
 71
3
 72
8
 73
4
 74
0
 10
271.828125
 20
60.4540939331054688
 30
0.0
 10
271.8398437500000568
 20
60.007804870605483
 30
0.0
 10
271.92138671875
 20
59.5683517456054688
 30
0.0
 10
272.07080078125
 20
59.1474533081054688
 30
0.0
 40
0.0
 40
0.0
 40
0.0
 40
0.0
 40
4.0
 40
4.0
 40
4.0
 40
4.0
  0
SPLINE
  5
8C
100
AcDbEntity
  8
mainlayer
 62
1
370
-1
 48
1.0
  6
BYLAYER
100
AcDbSpline
 70
8
 71
3
 72
8
 73
4
 74
0
 10
272.07080078125
 20
59.1474533081054688
 30
0.0
 10
272.2197265625
 20
58.726554870605483
 30
0.0
 10
272.43310546875
 20
58.3349533081054616
 30
0.0
 10
272.70458984375
 20
57.9804611206054688
 30
0.0
 40
0.0
 40
0.0
 40
0.0
 40
0.0
 40
4.0
 40
4.0
 40
4.0
 40
4.0
  0
SPLINE
  5
8D
100
AcDbEntity
  8
mainlayer
 62
1
370
-1
 48
1.0
  6
BYLAYER
100
AcDbSpline
 70
8
 71
3
 72
8
 73
4
 74
0
 10
272.70458984375
 20
57.9804611206054688
 30
0.0
 10
272.9765625000000568
 20
57.625968933105483
 30
0.0
 10
273.3007812499999432
 20
57.3183517456054688
 30
0.0
 10
273.6689453125
 20
57.0663986206054688
 30
0.0
 40
0.0
 40
0.0
 40
0.0
 40
0.0
 40
4.0
 40
4.0
 40
4.0
 40
4.0
  0
SPLINE
  5
8E
100
AcDbEntity
  8
mainlayer
 62
1
370
-1
 48
1.0
  6
BYLAYER
100
AcDbSpline
 70
8
 71
3
 72
8
 73
4
 74
0
 10
273.6689453125
 20
57.0663986206054688
 30
0.0
 10
274.0566406250000568
 20
56.799797058105483
 30
0.0
 10
274.4833984375
 20
56.6005783081054616
 30
0.0
 10
274.93701171875
 20
56.4746017456054688
 30
0.0
 40
0.0
 40
0.0
 40
0.0
 40
0.0
 40
4.0
 40
4.0
 40
4.0
 40
4.0
  0
SPLINE
  5
8F
100
AcDbEntity
  8
mainlayer
 62
1
370
-1
 48
1.0
  6
BYLAYER
100
AcDbSpline
 70
8
 71
3
 72
8
 73
4
 74
0
 10
274.93701171875
 20
56.4746017456054688
 30
0.0
 10
275.26220703125
 20
56.3945236206054759
 30
0.0
 10
275.59521484375
 20
56.3544845581054688
 30
0.0
 10
275.93017578125
 20
56.3564376831054688
 30
0.0
 40
0.0
 40
0.0
 40
0.0
 40
0.0
 40
4.0
 40
4.0
 40
4.0
 40
4.0
  0
SPLINE
  5
90
100
AcDbEntity
  8
mainlayer
 62
1
370
-1
 48
1.0
  6
BYLAYER
100
AcDbSpline
 70
8
 71
3
 72
8
 73
4
 74
0
 10
288.35009765625
 20
55.2919845581054688
 30
0.0
 10
288.9584960937500568
 20
55.290031433105483
 30
0.0
 10
289.5595703125
 20
55.3828048706054688
 30
0.0
 10
290.138671875
 20
55.5693283081054688
 30
0.0
 40
0.0
 40
0.0
 40
0.0
 40
0.0
 40
4.0
 40
4.0
 40
4.0
 40
4.0
  0
SPLINE
  5
91
100
AcDbEntity
  8
mainlayer
 62
1
370
-1
 48
1.0
  6
BYLAYER
100
AcDbSpline
 70
8
 71
3
 72
8
 73
4
 74
0
 10
290.138671875
 20
55.5693283081054688
 30
0.0
 10
290.9028320312500568
 20
55.814445495605483
 30
0.0
 10
291.6005859374999432
 20
56.2109298706054688
 30
0.0
 10
292.20166015625
 20
56.7431564331054688
 30
0.0
 40
0.0
 40
0.0
 40
0.0
 40
0.0
 40
4.0
 40
4.0
 40
4.0
 40
4.0
  0
SPLINE
  5
92
100
AcDbEntity
  8
mainlayer
 62
1
370
-1
 48
1.0
  6
BYLAYER
100
AcDbSpline
 70
8
 71
3
 72
8
 73
4
 74
0
 10
292.20166015625
 20
56.7431564331054688
 30
0.0
 10
292.6225585937500568
 20
57.1650314331054901
 30
0.0
 10
292.97265625
 20
57.6464767456054688
 30
0.0
 10
293.24267578125
 20
58.1777267456054688
 30
0.0
 40
0.0
 40
0.0
 40
0.0
 40
0.0
 40
4.0
 40
4.0
 40
4.0
 40
4.0
  0
SPLINE
  5
93
100
AcDbEntity
  8
mainlayer
 62
1
370
-1
 48
1.0
  6
BYLAYER
100
AcDbSpline
 70
8
 71
3
 72
8
 73
4
 74
0
 10
293.24267578125
 20
58.1777267456054688
 30
0.0
 10
293.5126953125001137
 20
58.708976745605483
 30
0.0
 10
293.6962890625
 20
59.2753829956054688
 30
0.0
 10
293.7890625
 20
59.8632736206054688
 30
0.0
 40
0.0
 40
0.0
 40
0.0
 40
0.0
 40
4.0
 40
4.0
 40
4.0
 40
4.0
  0
SPLINE
  5
94
100
AcDbEntity
  8
mainlayer
 62
1
370
-1
 48
1.0
  6
BYLAYER
100
AcDbSpline
 70
8
 71
3
 72
8
 73
4
 74
0
 10
293.7890625
 20
59.8632736206054688
 30
0.0
 10
293.8535156250000568
 20
60.272453308105483
 30
0.0
 10
293.873046875
 20
60.6855392456054616
 30
0.0
 10
293.84716796875
 20
61.0986251831054688
 30
0.0
 40
0.0
 40
0.0
 40
0.0
 40
0.0
 40
4.0
 40
4.0
 40
4.0
 40
4.0
  0
SPLINE
  5
95
100
AcDbEntity
  8
mainlayer
 62
1
370
-1
 48
1.0
  6
BYLAYER
100
AcDbSpline
 70
8
 71
3
 72
8
 73
4
 74
0
 10
293.84716796875
 20
61.0986251831054688
 30
0.0
 10
293.8388671875000568
 20
61.6474533081054759
 30
0.0
 10
293.7451171875
 20
62.1884689331054616
 30
0.0
 10
293.56787109375
 20
62.7089767456054688
 30
0.0
 40
0.0
 40
0.0
 40
0.0
 40
0.0
 40
4.0
 40
4.0
 40
4.0
 40
4.0
  0
SPLINE
  5
96
100
AcDbEntity
  8
mainlayer
 62
1
370
-1
 48
1.0
  6
BYLAYER
100
AcDbSpline
 70
8
 71
3
 72
8
 73
4
 74
0
 10
293.56787109375
 20
62.7089767456054688
 30
0.0
 10
293.39013671875
 20
63.2285079956054901
 30
0.0
 10
293.1337890625
 20
63.7138595581054616
 30
0.0
 10
292.80419921875
 20
64.1533126831054688
 30
0.0
 40
0.0
 40
0.0
 40
0.0
 40
0.0
 40
4.0
 40
4.0
 40
4.0
 40
4.0
  0
SPLINE
  5
97
100
AcDbEntity
  8
mainlayer
 62
1
370
-1
 48
1.0
  6
BYLAYER
100
AcDbSpline
 70
8
 71
3
 72
8
 73
4
 74
0
 10
292.80419921875
 20
64.1533126831054688
 30
0.0
 10
292.4750976562500568
 20
64.5927658081054688
 30
0.0
 10
292.0810546875
 20
64.9755783081054688
 30
0.0
 10
291.6318359375
 20
65.2919845581054688
 30
0.0
 40
0.0
 40
0.0
 40
0.0
 40
0.0
 40
4.0
 40
4.0
 40
4.0
 40
4.0
  0
SPLINE
  5
98
100
AcDbEntity
  8
mainlayer
 62
1
370
-1
 48
1.0
  6
BYLAYER
100
AcDbSpline
 70
8
 71
3
 72
8
 73
4
 74
0
 10
291.6318359375
 20
65.2919845581054688
 30
0.0
 10
291.2211914062500568
 20
65.581047058105483
 30
0.0
 10
290.7724609375
 20
65.8085861206054688
 30
0.0
 10
290.29638671875
 20
65.9697189331054688
 30
0.0
 40
0.0
 40
0.0
 40
0.0
 40
0.0
 40
4.0
 40
4.0
 40
4.0
 40
4.0
  0
SPLINE
  5
99
100
AcDbEntity
  8
mainlayer
 62
1
370
-1
 48
1.0
  6
BYLAYER
100
AcDbSpline
 70
8
 71
3
 72
8
 73
4
 74
0
 10
290.29638671875
 20
65.9697189331054688
 30
0.0
 10
289.6953125000000568
 20
66.161125183105483
 30
0.0
 10
289.07177734375
 20
66.2548751831054688
 30
0.0
 10
288.44140625
 20
66.2509689331054688
 30
0.0
 40
0.0
 40
0.0
 40
0.0
 40
0.0
 40
4.0
 40
4.0
 40
4.0
 40
4.0
  0
SPLINE
  5
9A
100
AcDbEntity
  8
mainlayer
 62
1
370
-1
 48
1.0
  6
BYLAYER
100
AcDbSpline
 70
8
 71
3
 72
8
 73
4
 74
0
 10
288.44140625
 20
66.2509689331054688
 30
0.0
 10
287.8105468750000568
 20
66.247062683105483
 30
0.0
 10
287.1884765625
 20
66.1445236206054545
 30
0.0
 10
286.59033203125
 20
65.9453048706054688
 30
0.0
 40
0.0
 40
0.0
 40
0.0
 40
0.0
 40
4.0
 40
4.0
 40
4.0
 40
4.0
  0
SPLINE
  5
9B
100
AcDbEntity
  8
mainlayer
 62
1
370
-1
 48
1.0
  6
BYLAYER
100
AcDbSpline
 70
8
 71
3
 72
8
 73
4
 74
0
 10
286.59033203125
 20
65.9453048706054688
 30
0.0
 10
286.2685546875000568
 20
65.8378829956054972
 30
0.0
 10
285.9570312499999432
 20
65.7050704956054688
 30
0.0
 10
285.65771484375
 20
65.5449142456054688
 30
0.0
 40
0.0
 40
0.0
 40
0.0
 40
0.0
 40
4.0
 40
4.0
 40
4.0
 40
4.0
  0
SPLINE
  5
9C
100
AcDbEntity
  8
mainlayer
 62
1
370
-1
 48
1.0
  6
BYLAYER
100
AcDbSpline
 70
8
 71
3
 72
8
 73
4
 74
0
 10
285.65771484375
 20
65.5449142456054688
 30
0.0
 10
285.1645507812500568
 20
65.2587814331054688
 30
0.0
 10
284.72216796875
 20
64.8994064331054688
 30
0.0
 10
284.341796875
 20
64.4755783081054688
 30
0.0
 40
0.0
 40
0.0
 40
0.0
 40
0.0
 40
4.0
 40
4.0
 40
4.0
 40
4.0
  0
SPLINE
  5
9D
100
AcDbEntity
  8
mainlayer
 62
1
370
-1
 48
1.0
  6
BYLAYER
100
AcDbSpline
 70
8
 71
3
 72
8
 73
4
 74
0
 10
284.341796875
 20
64.4755783081054688
 30
0.0
 10
283.9609375000000568
 20
64.050773620605483
 30
0.0
 10
283.6513671875
 20
63.5722579956054688
 30
0.0
 10
283.42041015625
 20
63.0507736206054688
 30
0.0
 40
0.0
 40
0.0
 40
0.0
 40
0.0
 40
4.0
 40
4.0
 40
4.0
 40
4.0
  0
SPLINE
  5
9E
100
AcDbEntity
  8
mainlayer
 62
1
370
-1
 48
1.0
  6
BYLAYER
100
AcDbSpline
 70
8
 71
3
 72
8
 73
4
 74
0
 10
283.42041015625
 20
63.0507736206054688
 30
0.0
 10
283.1894531250001137
 20
62.530265808105483
 30
0.0
 10
283.04296875
 20
61.9794845581054616
 30
0.0
 10
282.984375
 20
61.4121017456054688
 30
0.0
 40
0.0
 40
0.0
 40
0.0
 40
0.0
 40
4.0
 40
4.0
 40
4.0
 40
4.0
  0
SPLINE
  5
9F
100
AcDbEntity
  8
mainlayer
 62
1
370
-1
 48
1.0
  6
BYLAYER
100
AcDbSpline
 70
8
 71
3
 72
8
 73
4
 74
0
 10
282.984375
 20
61.4121017456054688
 30
0.0
 10
282.9624023437500568
 20
61.1982345581054688
 30
0.0
 10
282.953125
 20
60.9824142456054545
 30
0.0
 10
282.95654296875
 20
60.7675704956054688
 30
0.0
 40
0.0
 40
0.0
 40
0.0
 40
0.0
 40
4.0
 40
4.0
 40
4.0
 40
4.0
  0
SPLINE
  5
A0
100
AcDbEntity
  8
mainlayer
 62
1
370
-1
 48
1.0
  6
BYLAYER
100
AcDbSpline
 70
8
 71
3
 72
8
 73
4
 74
0
 10
282.95654296875
 20
60.7675704956054688
 30
0.0
 10
282.9326171875000568
 20
60.2158126831054759
 30
0.0
 10
282.99560546875
 20
59.6669845581054688
 30
0.0
 10
283.14404296875
 20
59.1347579956054688
 30
0.0
 40
0.0
 40
0.0
 40
0.0
 40
0.0
 40
4.0
 40
4.0
 40
4.0
 40
4.0
  0
SPLINE
  5
A1
100
AcDbEntity
  8
mainlayer
 62
1
370
-1
 48
1.0
  6
BYLAYER
100
AcDbSpline
 70
8
 71
3
 72
8
 73
4
 74
0
 10
283.14404296875
 20
59.1347579956054688
 30
0.0
 10
283.2919921875001137
 20
58.602531433105483
 30
0.0
 10
283.521484375
 20
58.0996017456054688
 30
0.0
 10
283.82666015625
 20
57.6396408081054688
 30
0.0
 40
0.0
 40
0.0
 40
0.0
 40
0.0
 40
4.0
 40
4.0
 40
4.0
 40
4.0
  0
SPLINE
  5
A2
100
AcDbEntity
  8
mainlayer
 62
1
370
-1
 48
1.0
  6
BYLAYER
100
AcDbSpline
 70
8
 71
3
 72
8
 73
4
 74
0
 10
283.82666015625
 20
57.6396408081054688
 30
0.0
 10
284.1992187500000568
 20
57.0781173706054759
 30
0.0
 10
284.67138671875
 20
56.5966720581054688
 30
0.0
 10
285.22705078125
 20
56.2148361206054688
 30
0.0
 40
0.0
 40
0.0
 40
0.0
 40
0.0
 40
4.0
 40
4.0
 40
4.0
 40
4.0
  0
SPLINE
  5
A3
100
AcDbEntity
  8
mainlayer
 62
1
370
-1
 48
1.0
  6
BYLAYER
100
AcDbSpline
 70
8
 71
3
 72
8
 73
4
 74
0
 10
285.22705078125
 20
56.2148361206054688
 30
0.0
 10
285.6933593750000568
 20
55.8984298706054688
 30
0.0
 10
286.203125
 20
55.6591720581054616
 30
0.0
 10
286.744140625
 20
55.5019454956054688
 30
0.0
 40
0.0
 40
0.0
 40
0.0
 40
0.0
 40
4.0
 40
4.0
 40
4.0
 40
4.0
  0
SPLINE
  5
A4
100
AcDbEntity
  8
mainlayer
 62
1
370
-1
 48
1.0
  6
BYLAYER
100
AcDbSpline
 70
8
 71
3
 72
8
 73
4
 74
0
 10
286.744140625
 20
55.5019454956054688
 30
0.0
 10
287.2666015625000568
 20
55.350578308105483
 30
0.0
 10
287.80615234375
 20
55.2802658081054688
 30
0.0
 10
288.35009765625
 20
55.2919845581054688
 30
0.0
 40
0.0
 40
0.0
 40
0.0
 40
0.0
 40
4.0
 40
4.0
 40
4.0
 40
4.0
  0
LWPOLYLINE
  5
A5
100
AcDbEntity
  8
mainlayer
 62
1
370
-1
 48
1.0
  6
BYLAYER
100
AcDbPolyline
 90
8
 70
0
 10
233.021484375
 20
-0.0000023437501113
 10
1433.021484375
 20
-0.0000023437501113
 10
1433.021484375
 20
-0.0000023437501113
 10
1433.021484375
 20
2800.0
 10
1433.021484375
 20
2800.0
 10
233.021484375
 20
2800.0
 10
233.021484375
 20
2800.0
 10
233.021484375
 20
-0.0000023437501113
  0
SPLINE
  5
A6
100
AcDbEntity
  8
mainlayer
 62
1
370
-1
 48
1.0
  6
BYLAYER
100
AcDbSpline
 70
8
 71
3
 72
8
 73
4
 74
0
 10
1326.337890625
 20
687.091796875
 30
0.0
 10
1326.6005859375002274
 20
687.0878906250002274
 30
0.0
 10
1326.8632812499997726
 20
687.1005859375
 30
0.0
 10
1327.12451171875
 20
687.130859375
 30
0.0
 40
0.0
 40
0.0
 40
0.0
 40
0.0
 40
4.0
 40
4.0
 40
4.0
 40
4.0
  0
LWPOLYLINE
  5
A7
100
AcDbEntity
  8
mainlayer
 62
1
370
-1
 48
1.0
  6
BYLAYER
100
AcDbPolyline
 90
2
 70
0
 10
1327.12451171875
 20
687.130859375
 10
1327.89453125
 20
687.248046875
  0
SPLINE
  5
A8
100
AcDbEntity
  8
mainlayer
 62
1
370
-1
 48
1.0
  6
BYLAYER
100
AcDbSpline
 70
8
 71
3
 72
8
 73
4
 74
0
 10
1327.89453125
 20
687.248046875
 30
0.0
 10
1328.0634765625002274
 20
687.2861328125001137
 30
0.0
 10
1328.23193359375
 20
687.3271484375
 30
0.0
 10
1328.3994140625
 20
687.37109375
 30
0.0
 40
0.0
 40
0.0
 40
0.0
 40
0.0
 40
4.0
 40
4.0
 40
4.0
 40
4.0
  0
SPLINE
  5
A9
100
AcDbEntity
  8
mainlayer
 62
1
370
-1
 48
1.0
  6
BYLAYER
100
AcDbSpline
 70
8
 71
3
 72
8
 73
4
 74
0
 10
1328.3994140625
 20
687.37109375
 30
0.0
 10
1328.7348632812502274
 20
687.4697265625002274
 30
0.0
 10
1329.064453125
 20
687.5859375000001137
 30
0.0
 10
1329.3876953125
 20
687.7197265625
 30
0.0
 40
0.0
 40
0.0
 40
0.0
 40
0.0
 40
4.0
 40
4.0
 40
4.0
 40
4.0
  0
SPLINE
  5
AA
100
AcDbEntity
  8
mainlayer
 62
1
370
-1
 48
1.0
  6
BYLAYER
100
AcDbSpline
 70
8
 71
3
 72
8
 73
4
 74
0
 10
1329.3876953125
 20
687.7197265625
 30
0.0
 10
1329.5488281250002274
 20
687.7919921875002274
 30
0.0
 10
1329.7084960937497726
 20
687.8671875
 30
0.0
 10
1329.86669921875
 20
687.9453125
 30
0.0
 40
0.0
 40
0.0
 40
0.0
 40
0.0
 40
4.0
 40
4.0
 40
4.0
 40
4.0
  0
SPLINE
  5
AB
100
AcDbEntity
  8
mainlayer
 62
1
370
-1
 48
1.0
  6
BYLAYER
100
AcDbSpline
 70
8
 71
3
 72
8
 73
4
 74
0
 10
1329.86669921875
 20
687.9453125
 30
0.0
 10
1330.4599609375002274
 20
688.2412109375002274
 30
0.0
 10
1330.98876953125
 20
688.6396484375
 30
0.0
 10
1331.4365234375
 20
689.12890625
 30
0.0
 40
0.0
 40
0.0
 40
0.0
 40
0.0
 40
4.0
 40
4.0
 40
4.0
 40
4.0
  0
LWPOLYLINE
  5
AC
100
AcDbEntity
  8
mainlayer
 62
1
370
-1
 48
1.0
  6
BYLAYER
100
AcDbPolyline
 90
2
 70
0
 10
1331.4365234375
 20
689.12890625
 10
1331.73974609375
 20
689.4951171875
  0
SPLINE
  5
AD
100
AcDbEntity
  8
mainlayer
 62
1
370
-1
 48
1.0
  6
BYLAYER
100
AcDbSpline
 70
8
 71
3
 72
8
 73
4
 74
0
 10
1331.73974609375
 20
689.4951171875
 30
0.0
 10
1331.9248046875004547
 20
689.7500000000002274
 30
0.0
 10
1332.0908203124997726
 20
690.0166015625
 30
0.0
 10
1332.236328125
 20
690.2958984375
 30
0.0
 40
0.0
 40
0.0
 40
0.0
 40
0.0
 40
4.0
 40
4.0
 40
4.0
 40
4.0
  0
LWPOLYLINE
  5
AE
100
AcDbEntity
  8
mainlayer
 62
1
370
-1
 48
1.0
  6
BYLAYER
100
AcDbPolyline
 90
4
 70
0
 10
1332.236328125
 20
690.2958984375
 10
1332.78173828125
 20
692.208984375
 10
1332.78173828125
 20
692.208984375
 10
1332.79345703125
 20
692.4287109375
  0
SPLINE
  5
AF
100
AcDbEntity
  8
mainlayer
 62
1
370
-1
 48
1.0
  6
BYLAYER
100
AcDbSpline
 70
8
 71
3
 72
8
 73
4
 74
0
 10
1332.79345703125
 20
692.4287109375
 30
0.0
 10
1332.7939453125002274
 20
692.5673828125002274
 30
0.0
 10
1332.7919921875
 20
692.7060546875
 30
0.0
 10
1332.78857421875
 20
692.8447265625
 30
0.0
 40
0.0
 40
0.0
 40
0.0
 40
0.0
 40
4.0
 40
4.0
 40
4.0
 40
4.0
  0
SPLINE
  5
B0
100
AcDbEntity
  8
mainlayer
 62
1
370
-1
 48
1.0
  6
BYLAYER
100
AcDbSpline
 70
8
 71
3
 72
8
 73
4
 74
0
 10
1332.78857421875
 20
692.8447265625
 30
0.0
 10
1332.7753906250002274
 20
693.0019531250002274
 30
0.0
 10
1332.7587890625
 20
693.158203125
 30
0.0
 10
1332.740234375
 20
693.314453125
 30
0.0
 40
0.0
 40
0.0
 40
0.0
 40
0.0
 40
4.0
 40
4.0
 40
4.0
 40
4.0
  0
SPLINE
  5
B1
100
AcDbEntity
  8
mainlayer
 62
1
370
-1
 48
1.0
  6
BYLAYER
100
AcDbSpline
 70
8
 71
3
 72
8
 73
4
 74
0
 10
1332.740234375
 20
693.314453125
 30
0.0
 10
1332.6376953125002274
 20
693.9267578125001137
 30
0.0
 10
1332.4184570312497726
 20
694.5078124999998863
 30
0.0
 10
1332.08984375
 20
695.03515625
 30
0.0
 40
0.0
 40
0.0
 40
0.0
 40
0.0
 40
4.0
 40
4.0
 40
4.0
 40
4.0
  0
SPLINE
  5
B2
100
AcDbEntity
  8
mainlayer
 62
1
370
-1
 48
1.0
  6
BYLAYER
100
AcDbSpline
 70
8
 71
3
 72
8
 73
4
 74
0
 10
1332.08984375
 20
695.03515625
 30
0.0
 10
1331.970703125
 20
695.2128906250001137
 30
0.0
 10
1331.8442382812497726
 20
695.3857421874998863
 30
0.0
 10
1331.71044921875
 20
695.552734375
 30
0.0
 40
0.0
 40
0.0
 40
0.0
 40
0.0
 40
4.0
 40
4.0
 40
4.0
 40
4.0
  0
SPLINE
  5
B3
100
AcDbEntity
  8
mainlayer
 62
1
370
-1
 48
1.0
  6
BYLAYER
100
AcDbSpline
 70
8
 71
3
 72
8
 73
4
 74
0
 10
1331.71044921875
 20
695.552734375
 30
0.0
 10
1331.5615234375004547
 20
695.7197265625002274
 30
0.0
 10
1331.40771484375
 20
695.8828125
 30
0.0
 10
1331.25
 20
696.041015625
 30
0.0
 40
0.0
 40
0.0
 40
0.0
 40
0.0
 40
4.0
 40
4.0
 40
4.0
 40
4.0
  0
LWPOLYLINE
  5
B4
100
AcDbEntity
  8
mainlayer
 62
1
370
-1
 48
1.0
  6
BYLAYER
100
AcDbPolyline
 90
2
 70
0
 10
1331.25
 20
696.041015625
 10
1330.423828125
 20
696.6884765625
  0
SPLINE
  5
B5
100
AcDbEntity
  8
mainlayer
 62
1
370
-1
 48
1.0
  6
BYLAYER
100
AcDbSpline
 70
8
 71
3
 72
8
 73
4
 74
0
 10
1330.423828125
 20
696.6884765625
 30
0.0
 10
1330.2197265625004547
 20
696.8095703125002274
 30
0.0
 10
1330.01171875
 20
696.923828125
 30
0.0
 10
1329.7998046875
 20
697.03125
 30
0.0
 40
0.0
 40
0.0
 40
0.0
 40
0.0
 40
4.0
 40
4.0
 40
4.0
 40
4.0
  0
SPLINE
  5
B6
100
AcDbEntity
  8
mainlayer
 62
1
370
-1
 48
1.0
  6
BYLAYER
100
AcDbSpline
 70
8
 71
3
 72
8
 73
4
 74
0
 10
1329.7998046875
 20
697.03125
 30
0.0
 10
1329.4589843750002274
 20
697.1767578125001137
 30
0.0
 10
1329.10986328125
 20
697.3027343749998863
 30
0.0
 10
1328.75439453125
 20
697.408203125
 30
0.0
 40
0.0
 40
0.0
 40
0.0
 40
0.0
 40
4.0
 40
4.0
 40
4.0
 40
4.0
  0
SPLINE
  5
B7
100
AcDbEntity
  8
mainlayer
 62
1
370
-1
 48
1.0
  6
BYLAYER
100
AcDbSpline
 70
8
 71
3
 72
8
 73
4
 74
0
 10
1328.75439453125
 20
697.408203125
 30
0.0
 10
1328.3666992187502274
 20
697.5029296875002274
 30
0.0
 10
1327.9736328125
 20
697.57421875
 30
0.0
 10
1327.5771484375
 20
697.6220703125
 30
0.0
 40
0.0
 40
0.0
 40
0.0
 40
0.0
 40
4.0
 40
4.0
 40
4.0
 40
4.0
  0
LWPOLYLINE
  5
B8
100
AcDbEntity
  8
mainlayer
 62
1
370
-1
 48
1.0
  6
BYLAYER
100
AcDbPolyline
 90
2
 70
0
 10
1327.5771484375
 20
697.6220703125
 10
1326.7197265625
 20
697.6748046875
  0
SPLINE
  5
B9
100
AcDbEntity
  8
mainlayer
 62
1
370
-1
 48
1.0
  6
BYLAYER
100
AcDbSpline
 70
8
 71
3
 72
8
 73
4
 74
0
 10
1326.7197265625
 20
697.6748046875
 30
0.0
 10
1326.57421875
 20
697.6767578125001137
 30
0.0
 10
1326.4287109374997726
 20
697.67578125
 30
0.0
 10
1326.283203125
 20
697.673828125
 30
0.0
 40
0.0
 40
0.0
 40
0.0
 40
0.0
 40
4.0
 40
4.0
 40
4.0
 40
4.0
  0
SPLINE
  5
BA
100
AcDbEntity
  8
mainlayer
 62
1
370
-1
 48
1.0
  6
BYLAYER
100
AcDbSpline
 70
8
 71
3
 72
8
 73
4
 74
0
 10
1326.283203125
 20
697.673828125
 30
0.0
 10
1326.14404296875
 20
697.6689453125002274
 30
0.0
 10
1326.0048828125
 20
697.6630859374998863
 30
0.0
 10
1325.86572265625
 20
697.6552734375
 30
0.0
 40
0.0
 40
0.0
 40
0.0
 40
0.0
 40
4.0
 40
4.0
 40
4.0
 40
4.0
  0
LWPOLYLINE
  5
BB
100
AcDbEntity
  8
mainlayer
 62
1
370
-1
 48
1.0
  6
BYLAYER
100
AcDbPolyline
 90
2
 70
0
 10
1325.86572265625
 20
697.6552734375
 10
1325.46240234375
 20
697.6181640625
  0
SPLINE
  5
BC
100
AcDbEntity
  8
mainlayer
 62
1
370
-1
 48
1.0
  6
BYLAYER
100
AcDbSpline
 70
8
 71
3
 72
8
 73
4
 74
0
 10
1325.46240234375
 20
697.6181640625
 30
0.0
 10
1324.9619140625002274
 20
697.5595703125001137
 30
0.0
 10
1324.4697265625
 20
697.451171875
 30
0.0
 10
1323.9912109375
 20
697.2919921875
 30
0.0
 40
0.0
 40
0.0
 40
0.0
 40
0.0
 40
4.0
 40
4.0
 40
4.0
 40
4.0
  0
LWPOLYLINE
  5
BD
100
AcDbEntity
  8
mainlayer
 62
1
370
-1
 48
1.0
  6
BYLAYER
100
AcDbPolyline
 90
2
 70
0
 10
1323.9912109375
 20
697.2919921875
 10
1323.3408203125
 20
697.021484375
  0
SPLINE
  5
BE
100
AcDbEntity
  8
mainlayer
 62
1
370
-1
 48
1.0
  6
BYLAYER
100
AcDbSpline
 70
8
 71
3
 72
8
 73
4
 74
0
 10
1323.3408203125
 20
697.021484375
 30
0.0
 10
1322.7270507812502274
 20
696.7236328125001137
 30
0.0
 10
1322.18603515625
 20
696.30859375
 30
0.0
 10
1321.73974609375
 20
695.79296875
 30
0.0
 40
0.0
 40
0.0
 40
0.0
 40
0.0
 40
4.0
 40
4.0
 40
4.0
 40
4.0
  0
SPLINE
  5
BF
100
AcDbEntity
  8
mainlayer
 62
1
370
-1
 48
1.0
  6
BYLAYER
100
AcDbSpline
 70
8
 71
3
 72
8
 73
4
 74
0
 10
1321.73974609375
 20
695.79296875
 30
0.0
 10
1321.6000976562502274
 20
695.6289062500001137
 30
0.0
 10
1321.4677734375
 20
695.4589843749998863
 30
0.0
 10
1321.34423828125
 20
695.283203125
 30
0.0
 40
0.0
 40
0.0
 40
0.0
 40
0.0
 40
4.0
 40
4.0
 40
4.0
 40
4.0
  0
SPLINE
  5
C0
100
AcDbEntity
  8
mainlayer
 62
1
370
-1
 48
1.0
  6
BYLAYER
100
AcDbSpline
 70
8
 71
3
 72
8
 73
4
 74
0
 10
1321.34423828125
 20
695.283203125
 30
0.0
 10
1321.2329101562504547
 20
695.1035156250001137
 30
0.0
 10
1321.12744140625
 20
694.9208984375
 30
0.0
 10
1321.02685546875
 20
694.7353515625
 30
0.0
 40
0.0
 40
0.0
 40
0.0
 40
0.0
 40
4.0
 40
4.0
 40
4.0
 40
4.0
  0
LWPOLYLINE
  5
C1
100
AcDbEntity
  8
mainlayer
 62
1
370
-1
 48
1.0
  6
BYLAYER
100
AcDbPolyline
 90
2
 70
0
 10
1321.02685546875
 20
694.7353515625
 10
1320.7861328125
 20
694.150390625
  0
SPLINE
  5
C2
100
AcDbEntity
  8
mainlayer
 62
1
370
-1
 48
1.0
  6
BYLAYER
100
AcDbSpline
 70
8
 71
3
 72
8
 73
4
 74
0
 10
1320.7861328125
 20
694.150390625
 30
0.0
 10
1320.7221679687502274
 20
693.9453125000001137
 30
0.0
 10
1320.66748046875
 20
693.73828125
 30
0.0
 10
1320.623046875
 20
693.5283203125
 30
0.0
 40
0.0
 40
0.0
 40
0.0
 40
0.0
 40
4.0
 40
4.0
 40
4.0
 40
4.0
  0
LWPOLYLINE
  5
C3
100
AcDbEntity
  8
mainlayer
 62
1
370
-1
 48
1.0
  6
BYLAYER
100
AcDbPolyline
 90
2
 70
0
 10
1320.623046875
 20
693.5283203125
 10
1320.52294921875
 20
692.525390625
  0
SPLINE
  5
C4
100
AcDbEntity
  8
mainlayer
 62
1
370
-1
 48
1.0
  6
BYLAYER
100
AcDbSpline
 70
8
 71
3
 72
8
 73
4
 74
0
 10
1320.52294921875
 20
692.525390625
 30
0.0
 10
1320.5107421875002274
 20
692.0771484375002274
 30
0.0
 10
1320.556640625
 20
691.630859375
 30
0.0
 10
1320.66064453125
 20
691.1943359375
 30
0.0
 40
0.0
 40
0.0
 40
0.0
 40
0.0
 40
4.0
 40
4.0
 40
4.0
 40
4.0
  0
LWPOLYLINE
  5
C5
100
AcDbEntity
  8
mainlayer
 62
1
370
-1
 48
1.0
  6
BYLAYER
100
AcDbPolyline
 90
2
 70
0
 10
1320.66064453125
 20
691.1943359375
 10
1320.84521484375
 20
690.578125
  0
SPLINE
  5
C6
100
AcDbEntity
  8
mainlayer
 62
1
370
-1
 48
1.0
  6
BYLAYER
100
AcDbSpline
 70
8
 71
3
 72
8
 73
4
 74
0
 10
1320.84521484375
 20
690.578125
 30
0.0
 10
1321.0336914062502274
 20
690.0703125000001137
 30
0.0
 10
1321.302734375
 20
689.599609375
 30
0.0
 10
1321.64501953125
 20
689.1796875
 30
0.0
 40
0.0
 40
0.0
 40
0.0
 40
0.0
 40
4.0
 40
4.0
 40
4.0
 40
4.0
  0
SPLINE
  5
C7
100
AcDbEntity
  8
mainlayer
 62
1
370
-1
 48
1.0
  6
BYLAYER
100
AcDbSpline
 70
8
 71
3
 72
8
 73
4
 74
0
 10
1321.64501953125
 20
689.1796875
 30
0.0
 10
1321.7905273437504547
 20
689.0068359375001137
 30
0.0
 10
1321.9423828125
 20
688.83984375
 30
0.0
 10
1322.10009765625
 20
688.677734375
 30
0.0
 40
0.0
 40
0.0
 40
0.0
 40
0.0
 40
4.0
 40
4.0
 40
4.0
 40
4.0
  0
SPLINE
  5
C8
100
AcDbEntity
  8
mainlayer
 62
1
370
-1
 48
1.0
  6
BYLAYER
100
AcDbSpline
 70
8
 71
3
 72
8
 73
4
 74
0
 10
1322.10009765625
 20
688.677734375
 30
0.0
 10
1322.26806640625
 20
688.5214843750002274
 30
0.0
 10
1322.44091796875
 20
688.37109375
 30
0.0
 10
1322.61962890625
 20
688.2275390625
 30
0.0
 40
0.0
 40
0.0
 40
0.0
 40
0.0
 40
4.0
 40
4.0
 40
4.0
 40
4.0
  0
LWPOLYLINE
  5
C9
100
AcDbEntity
  8
mainlayer
 62
1
370
-1
 48
1.0
  6
BYLAYER
100
AcDbPolyline
 90
2
 70
0
 10
1322.61962890625
 20
688.2275390625
 10
1322.8974609375
 20
688.0302734375
  0
SPLINE
  5
CA
100
AcDbEntity
  8
mainlayer
 62
1
370
-1
 48
1.0
  6
BYLAYER
100
AcDbSpline
 70
8
 71
3
 72
8
 73
4
 74
0
 10
1322.8974609375
 20
688.0302734375
 30
0.0
 10
1323.0908203125004547
 20
687.9101562500001137
 30
0.0
 10
1323.2880859375
 20
687.7978515624998863
 30
0.0
 10
1323.4892578125
 20
687.6923828125
 30
0.0
 40
0.0
 40
0.0
 40
0.0
 40
0.0
 40
4.0
 40
4.0
 40
4.0
 40
4.0
  0
LWPOLYLINE
  5
CB
100
AcDbEntity
  8
mainlayer
 62
1
370
-1
 48
1.0
  6
BYLAYER
100
AcDbPolyline
 90
2
 70
0
 10
1323.4892578125
 20
687.6923828125
 10
1324.8173828125
 20
687.2421875
  0
SPLINE
  5
CC
100
AcDbEntity
  8
mainlayer
 62
1
370
-1
 48
1.0
  6
BYLAYER
100
AcDbSpline
 70
8
 71
3
 72
8
 73
4
 74
0
 10
1324.8173828125
 20
687.2421875
 30
0.0
 10
1325.3188476562502274
 20
687.1464843750002274
 30
0.0
 10
1325.8271484375
 20
687.0966796875
 30
0.0
 10
1326.337890625
 20
687.091796875
 30
0.0
 40
0.0
 40
0.0
 40
0.0
 40
0.0
 40
4.0
 40
4.0
 40
4.0
 40
4.0
  0
LWPOLYLINE
  5
CD
100
AcDbEntity
  8
mainlayer
 62
1
370
-1
 48
1.0
  6
BYLAYER
100
AcDbPolyline
 90
16
 70
0
 10
490.037109375
 20
70.8769454956054688
 10
481.8916015625
 20
67.7402267456054688
 10
481.8916015625
 20
67.7402267456054688
 10
481.8916015625
 20
56.4941329956054688
 10
481.8916015625
 20
56.4941329956054688
 10
490.037109375
 20
53.5410079956054688
 10
490.037109375
 20
53.5410079956054688
 10
490.037109375
 20
49.7617111206054688
 10
490.037109375
 20
49.7617111206054688
 10
463.14306640625
 20
60.0898361206054688
 10
463.14306640625
 20
60.0898361206054688
 10
463.14306640625
 20
63.9238204956054688
 10
463.14306640625
 20
63.9238204956054688
 10
490.037109375
 20
74.9306564331054688
 10
490.037109375
 20
74.9306564331054688
 10
490.037109375
 20
70.8769454956054688
  0
LWPOLYLINE
  5
CE
100
AcDbEntity
  8
mainlayer
 62
1
370
-1
 48
1.0
  6
BYLAYER
100
AcDbPolyline
 90
10
 70
0
 10
296.10986328125
 20
84.2773361206054688
 10
296.10986328125
 20
74.0224533081054688
 10
296.10986328125
 20
74.0224533081054688
 10
269.2158203125
 20
74.0224533081054688
 10
269.2158203125
 20
74.0224533081054688
 10
269.33056640625
 20
86.2519454956054688
 10
269.33056640625
 20
86.2519454956054688
 10
269.8408203125
 20
88.5722579956054688
 10
269.8408203125
 20
88.5722579956054688
 10
270.0322265625
 20
89.0566329956054688
  0
SPLINE
  5
CF
100
AcDbEntity
  8
mainlayer
 62
1
370
-1
 48
1.0
  6
BYLAYER
100
AcDbSpline
 70
8
 71
3
 72
8
 73
4
 74
0
 10
270.0322265625
 20
89.0566329956054688
 30
0.0
 10
270.3046875
 20
89.682609558105483
 30
0.0
 10
270.67236328125
 20
90.2597579956054545
 30
0.0
 10
271.125
 20
90.7714767456054688
 30
0.0
 40
0.0
 40
0.0
 40
0.0
 40
0.0
 40
4.0
 40
4.0
 40
4.0
 40
4.0
  0
SPLINE
  5
D0
100
AcDbEntity
  8
mainlayer
 62
1
370
-1
 48
1.0
  6
BYLAYER
100
AcDbSpline
 70
8
 71
3
 72
8
 73
4
 74
0
 10
271.125
 20
90.7714767456054688
 30
0.0
 10
271.5390625000000568
 20
91.239250183105483
 30
0.0
 10
272.015625
 20
91.6425704956054688
 30
0.0
 10
272.54541015625
 20
91.9736251831054688
 30
0.0
 40
0.0
 40
0.0
 40
0.0
 40
0.0
 40
4.0
 40
4.0
 40
4.0
 40
4.0
  0
LWPOLYLINE
  5
D1
100
AcDbEntity
  8
mainlayer
 62
1
370
-1
 48
1.0
  6
BYLAYER
100
AcDbPolyline
 90
4
 70
0
 10
272.54541015625
 20
91.9736251831054688
 10
274.7275390625
 20
92.8798751831054688
 10
274.7275390625
 20
92.8798751831054688
 10
276.09521484375
 20
93.0283126831054688
  0
SPLINE
  5
D2
100
AcDbEntity
  8
mainlayer
 62
1
370
-1
 48
1.0
  6
BYLAYER
100
AcDbSpline
 70
8
 71
3
 72
8
 73
4
 74
0
 10
276.09521484375
 20
93.0283126831054688
 30
0.0
 10
276.7480468750001137
 20
93.025382995605483
 30
0.0
 10
277.392578125
 20
92.9199142456054688
 30
0.0
 10
278.0126953125
 20
92.7148361206054688
 30
0.0
 40
0.0
 40
0.0
 40
0.0
 40
0.0
 40
4.0
 40
4.0
 40
4.0
 40
4.0
  0
SPLINE
  5
D3
100
AcDbEntity
  8
mainlayer
 62
1
370
-1
 48
1.0
  6
BYLAYER
100
AcDbSpline
 70
8
 71
3
 72
8
 73
4
 74
0
 10
278.0126953125
 20
92.7148361206054688
 30
0.0
 10
278.4794921875000568
 20
92.5605392456054972
 30
0.0
 10
278.9248046875
 20
92.3525314331054688
 30
0.0
 10
279.34228515625
 20
92.0927658081054688
 30
0.0
 40
0.0
 40
0.0
 40
0.0
 40
0.0
 40
4.0
 40
4.0
 40
4.0
 40
4.0
  0
LWPOLYLINE
  5
D4
100
AcDbEntity
  8
mainlayer
 62
1
370
-1
 48
1.0
  6
BYLAYER
100
AcDbPolyline
 90
12
 70
0
 10
279.34228515625
 20
92.0927658081054688
 10
280.71826171875
 20
90.9189376831054688
 10
280.71826171875
 20
90.9189376831054688
 10
281.80029296875
 20
89.2675704956054688
 10
281.80029296875
 20
89.2675704956054688
 10
282.76806640625
 20
91.4247970581054688
 10
282.76806640625
 20
91.4247970581054688
 10
284.24072265625
 20
93.0185470581054688
 10
284.24072265625
 20
93.0185470581054688
 10
286.12060546875
 20
94.0029220581054688
 10
286.12060546875
 20
94.0029220581054688
 10
288.31298828125
 20
94.3310470581054688
  0
SPLINE
  5
D5
100
AcDbEntity
  8
mainlayer
 62
1
370
-1
 48
1.0
  6
BYLAYER
100
AcDbSpline
 70
8
 71
3
 72
8
 73
4
 74
0
 10
288.31298828125
 20
94.3310470581054688
 30
0.0
 10
289.1494140625000568
 20
94.3349533081054972
 30
0.0
 10
289.97607421875
 20
94.2080001831054545
 30
0.0
 10
290.77294921875
 20
93.9531173706054688
 30
0.0
 40
0.0
 40
0.0
 40
0.0
 40
0.0
 40
4.0
 40
4.0
 40
4.0
 40
4.0
  0
SPLINE
  5
D6
100
AcDbEntity
  8
mainlayer
 62
1
370
-1
 48
1.0
  6
BYLAYER
100
AcDbSpline
 70
8
 71
3
 72
8
 73
4
 74
0
 10
290.77294921875
 20
93.9531173706054688
 30
0.0
 10
291.1337890625000568
 20
93.837882995605483
 30
0.0
 10
291.4853515625
 20
93.6972579956054688
 30
0.0
 10
291.826171875
 20
93.5322189331054688
 30
0.0
 40
0.0
 40
0.0
 40
0.0
 40
0.0
 40
4.0
 40
4.0
 40
4.0
 40
4.0
  0
LWPOLYLINE
  5
D7
100
AcDbEntity
  8
mainlayer
 62
1
370
-1
 48
1.0
  6
BYLAYER
100
AcDbPolyline
 90
10
 70
0
 10
291.826171875
 20
93.5322189331054688
 10
293.5654296875
 20
92.3886642456054688
 10
293.5654296875
 20
92.3886642456054688
 10
294.74365234375
 20
90.9365158081054688
 10
294.74365234375
 20
90.9365158081054688
 10
295.66064453125
 20
88.6162033081054688
 10
295.66064453125
 20
88.6162033081054688
 10
296.08154296875
 20
85.5117111206054688
 10
296.08154296875
 20
85.5117111206054688
 10
296.10986328125
 20
84.2773361206054688
  0
SPLINE
  5
D8
100
AcDbEntity
  8
mainlayer
 62
1
370
-1
 48
1.0
  6
BYLAYER
100
AcDbSpline
 70
8
 71
3
 72
8
 73
4
 74
0
 10
1090.63037109375
 20
65.4033126831054688
 30
0.0
 10
1089.986328125
 20
65.804679870605483
 30
0.0
 10
1089.38818359375
 20
66.2714767456054688
 30
0.0
 10
1088.841796875
 20
66.7978439331054688
 30
0.0
 40
0.0
 40
0.0
 40
0.0
 40
0.0
 40
4.0
 40
4.0
 40
4.0
 40
4.0
  0
LWPOLYLINE
  5
D9
100
AcDbEntity
  8
mainlayer
 62
1
370
-1
 48
1.0
  6
BYLAYER
100
AcDbPolyline
 90
6
 70
0
 10
1088.841796875
 20
66.7978439331054688
 10
1081.66650390625
 20
74.8115158081054688
 10
1081.66650390625
 20
74.8115158081054688
 10
1079.041015625
 20
77.0185470581054688
 10
1079.041015625
 20
77.0185470581054688
 10
1077.4404296875
 20
77.8964767456054688
  0
SPLINE
  5
DA
100
AcDbEntity
  8
mainlayer
 62
1
370
-1
 48
1.0
  6
BYLAYER
100
AcDbSpline
 70
8
 71
3
 72
8
 73
4
 74
0
 10
1077.4404296875
 20
77.8964767456054688
 30
0.0
 10
1076.4340820312502274
 20
78.328117370605483
 30
0.0
 10
1075.36181640625
 20
78.5517501831054688
 30
0.0
 10
1074.2666015625
 20
78.5566329956054688
 30
0.0
 40
0.0
 40
0.0
 40
0.0
 40
0.0
 40
4.0
 40
4.0
 40
4.0
 40
4.0
  0
LWPOLYLINE
  5
DB
100
AcDbEntity
  8
mainlayer
 62
1
370
-1
 48
1.0
  6
BYLAYER
100
AcDbPolyline
 90
38
 70
0
 10
1074.2666015625
 20
78.5566329956054688
 10
1072.03076171875
 20
78.2402267456054688
 10
1072.03076171875
 20
78.2402267456054688
 10
1070.083984375
 20
77.2880783081054688
 10
1070.083984375
 20
77.2880783081054688
 10
1068.44384765625
 20
75.7109298706054688
 10
1068.44384765625
 20
75.7109298706054688
 10
1067.3369140625
 20
73.6406173706054688
 10
1067.3369140625
 20
73.6406173706054688
 10
1066.833984375
 20
71.1162033081054688
 10
1066.833984375
 20
71.1162033081054688
 10
1066.9248046875
 20
68.3535079956054688
 10
1066.9248046875
 20
68.3535079956054688
 10
1067.57763671875
 20
65.9902267456054688
 10
1067.57763671875
 20
65.9902267456054688
 10
1068.79052734375
 20
64.0644454956054688
 10
1068.79052734375
 20
64.0644454956054688
 10
1070.53759765625
 20
62.6288986206054688
 10
1070.53759765625
 20
62.6288986206054688
 10
1072.79296875
 20
61.7353439331054688
 10
1072.79296875
 20
61.7353439331054688
 10
1074.57861328125
 20
61.4413986206054688
 10
1074.57861328125
 20
61.4413986206054688
 10
1074.92724609375
 20
64.8349533081054688
 10
1074.92724609375
 20
64.8349533081054688
 10
1072.67041015625
 20
65.2060470581054688
 10
1072.67041015625
 20
65.2060470581054688
 10
1071.33984375
 20
65.9482345581054688
 10
1071.33984375
 20
65.9482345581054688
 10
1070.3388671875
 20
67.0595626831054688
 10
1070.3388671875
 20
67.0595626831054688
 10
1069.73486328125
 20
68.4453048706054688
 10
1069.73486328125
 20
68.4453048706054688
 10
1069.5546875
 20
70.6503829956054688
 10
1069.5546875
 20
70.6503829956054688
 10
1070.060546875
 20
72.5869064331054688
 10
1070.060546875
 20
72.5869064331054688
 10
1070.8818359375
 20
73.7597579956054688
  0
SPLINE
  5
DC
100
AcDbEntity
  8
mainlayer
 62
1
370
-1
 48
1.0
  6
BYLAYER
100
AcDbSpline
 70
8
 71
3
 72
8
 73
4
 74
0
 10
1070.8818359375
 20
73.7597579956054688
 30
0.0
 10
1071.2167968750004547
 20
74.1074142456054972
 30
0.0
 10
1071.60205078125
 20
74.3974533081054688
 30
0.0
 10
1072.02783203125
 20
74.6249923706054688
 30
0.0
 40
0.0
 40
0.0
 40
0.0
 40
0.0
 40
4.0
 40
4.0
 40
4.0
 40
4.0
  0
SPLINE
  5
DD
100
AcDbEntity
  8
mainlayer
 62
1
370
-1
 48
1.0
  6
BYLAYER
100
AcDbSpline
 70
8
 71
3
 72
8
 73
4
 74
0
 10
1072.02783203125
 20
74.6249923706054688
 30
0.0
 10
1072.45361328125
 20
74.851554870605483
 30
0.0
 10
1072.90966796875
 20
75.0087814331054688
 30
0.0
 10
1073.384765625
 20
75.0927658081054688
 30
0.0
 40
0.0
 40
0.0
 40
0.0
 40
0.0
 40
4.0
 40
4.0
 40
4.0
 40
4.0
  0
SPLINE
  5
DE
100
AcDbEntity
  8
mainlayer
 62
1
370
-1
 48
1.0
  6
BYLAYER
100
AcDbSpline
 70
8
 71
3
 72
8
 73
4
 74
0
 10
1073.384765625
 20
75.0927658081054688
 30
0.0
 10
1073.65185546875
 20
75.1396408081054688
 30
0.0
 10
1073.92236328125
 20
75.1640548706054688
 30
0.0
 10
1074.193359375
 20
75.1630783081054688
 30
0.0
 40
0.0
 40
0.0
 40
0.0
 40
0.0
 40
4.0
 40
4.0
 40
4.0
 40
4.0
  0
LWPOLYLINE
  5
DF
100
AcDbEntity
  8
mainlayer
 62
1
370
-1
 48
1.0
  6
BYLAYER
100
AcDbPolyline
 90
12
 70
0
 10
1074.193359375
 20
75.1630783081054688
 10
1076.1220703125
 20
74.7783126831054688
 10
1076.1220703125
 20
74.7783126831054688
 10
1078.43359375
 20
73.4189376831054688
 10
1078.43359375
 20
73.4189376831054688
 10
1081.759765625
 20
70.1591720581054688
 10
1081.759765625
 20
70.1591720581054688
 10
1087.01904296875
 20
64.2070236206054688
 10
1087.01904296875
 20
64.2070236206054688
 10
1089.70849609375
 20
62.0859298706054688
 10
1089.70849609375
 20
62.0859298706054688
 10
1091.51123046875
 20
61.2031173706054688
  0
SPLINE
  5
E0
100
AcDbEntity
  8
mainlayer
 62
1
370
-1
 48
1.0
  6
BYLAYER
100
AcDbSpline
 70
8
 71
3
 72
8
 73
4
 74
0
 10
1091.51123046875
 20
61.2031173706054688
 30
0.0
 10
1092.2446289062504547
 20
60.922843933105483
 30
0.0
 10
1093.01953125
 20
60.7919845581054688
 30
0.0
 10
1093.80419921875
 20
60.8173751831054688
 30
0.0
 40
0.0
 40
0.0
 40
0.0
 40
0.0
 40
4.0
 40
4.0
 40
4.0
 40
4.0
  0
LWPOLYLINE
  5
E1
100
AcDbEntity
  8
mainlayer
 62
1
370
-1
 48
1.0
  6
BYLAYER
100
AcDbPolyline
 90
6
 70
0
 10
1093.80419921875
 20
60.8173751831054688
 10
1093.80419921875
 20
78.5937423706054688
 10
1093.80419921875
 20
78.5937423706054688
 10
1090.63037109375
 20
78.5937423706054688
 10
1090.63037109375
 20
78.5937423706054688
 10
1090.63037109375
 20
65.4033126831054688
  0
LWPOLYLINE
  5
E2
100
AcDbEntity
  8
mainlayer
 62
1
370
-1
 48
1.0
  6
BYLAYER
100
AcDbPolyline
 90
8
 70
0
 10
868.3212890625
 20
64.5849533081054688
 10
876.2099609375
 20
61.6318283081054688
 10
876.2099609375
 20
61.6318283081054688
 10
876.2099609375
 20
70.7490158081054688
 10
876.2099609375
 20
70.7490158081054688
 10
863.74951171875
 20
66.2001876831054688
 10
863.74951171875
 20
66.2001876831054688
 10
863.18505859375
 20
66.0341720581054688
  0
SPLINE
  5
E3
100
AcDbEntity
  8
mainlayer
 62
1
370
-1
 48
1.0
  6
BYLAYER
100
AcDbSpline
 70
8
 71
3
 72
8
 73
4
 74
0
 10
863.18505859375
 20
66.0341720581054688
 30
0.0
 10
864.9331054687501137
 20
65.685539245605483
 30
0.0
 10
866.6484375
 20
65.2011642456054688
 30
0.0
 10
868.3212890625
 20
64.5849533081054688
 30
0.0
 40
0.0
 40
0.0
 40
0.0
 40
0.0
 40
4.0
 40
4.0
 40
4.0
 40
4.0
  0
SPLINE
  5
E4
100
AcDbEntity
  8
mainlayer
 62
1
370
-1
 48
1.0
  6
BYLAYER
100
AcDbSpline
 70
8
 71
3
 72
8
 73
4
 74
0
 10
884.07958984375
 20
17.8603496551513672
 30
0.0
 10
883.4355468750002274
 20
18.2617168426513672
 30
0.0
 10
882.83740234375
 20
18.7285137176513672
 30
0.0
 10
882.291015625
 20
19.2548809051513672
 30
0.0
 40
0.0
 40
0.0
 40
0.0
 40
0.0
 40
4.0
 40
4.0
 40
4.0
 40
4.0
  0
LWPOLYLINE
  5
E5
100
AcDbEntity
  8
mainlayer
 62
1
370
-1
 48
1.0
  6
BYLAYER
100
AcDbPolyline
 90
6
 70
0
 10
882.291015625
 20
19.2548809051513672
 10
875.1162109375
 20
27.2685527801513672
 10
875.1162109375
 20
27.2685527801513672
 10
872.490234375
 20
29.4746074676513672
 10
872.490234375
 20
29.4746074676513672
 10
870.8896484375
 20
30.3535137176513672
  0
SPLINE
  5
E6
100
AcDbEntity
  8
mainlayer
 62
1
370
-1
 48
1.0
  6
BYLAYER
100
AcDbSpline
 70
8
 71
3
 72
8
 73
4
 74
0
 10
870.8896484375
 20
30.3535137176513672
 30
0.0
 10
869.8833007812501137
 20
30.7851543426513778
 30
0.0
 10
868.81103515625
 20
31.0087871551513672
 30
0.0
 10
867.7158203125
 20
31.0136699676513672
 30
0.0
 40
0.0
 40
0.0
 40
0.0
 40
0.0
 40
4.0
 40
4.0
 40
4.0
 40
4.0
  0
LWPOLYLINE
  5
E7
100
AcDbEntity
  8
mainlayer
 62
1
370
-1
 48
1.0
  6
BYLAYER
100
AcDbPolyline
 90
22
 70
0
 10
867.7158203125
 20
31.0136699676513672
 10
865.47998046875
 20
30.6962871551513672
 10
865.47998046875
 20
30.6962871551513672
 10
863.53369140625
 20
29.7441387176513672
 10
863.53369140625
 20
29.7441387176513672
 10
861.89306640625
 20
28.1679668426513672
 10
861.89306640625
 20
28.1679668426513672
 10
860.7861328125
 20
26.0976543426513672
 10
860.7861328125
 20
26.0976543426513672
 10
860.283203125
 20
23.5722637176513672
 10
860.283203125
 20
23.5722637176513672
 10
860.3740234375
 20
20.8105449676513672
 10
860.3740234375
 20
20.8105449676513672
 10
861.02734375
 20
18.4462871551513672
 10
861.02734375
 20
18.4462871551513672
 10
862.240234375
 20
16.5214824676513672
 10
862.240234375
 20
16.5214824676513672
 10
863.98681640625
 20
15.0859355926513672
 10
863.98681640625
 20
15.0859355926513672
 10
866.2421875
 20
14.1923809051513672
 10
866.2421875
 20
14.1923809051513672
 10
868.02783203125
 20
13.8974590301513672
  0
SPLINE
  5
E8
100
AcDbEntity
  8
mainlayer
 62
1
370
-1
 48
1.0
  6
BYLAYER
100
AcDbSpline
 70
8
 71
3
 72
8
 73
4
 74
0
 10
868.02783203125
 20
13.8974590301513672
 30
0.0
 10
868.0478515625001137
 20
14.0859355926513707
 30
0.0
 10
868.06689453125
 20
14.2753887176513672
 30
0.0
 10
868.0859375
 20
14.4638652801513672
 30
0.0
 40
0.0
 40
0.0
 40
0.0
 40
0.0
 40
4.0
 40
4.0
 40
4.0
 40
4.0
  0
SPLINE
  5
E9
100
AcDbEntity
  8
mainlayer
 62
1
370
-1
 48
1.0
  6
BYLAYER
100
AcDbSpline
 70
8
 71
3
 72
8
 73
4
 74
0
 10
868.0859375
 20
14.4638652801513672
 30
0.0
 10
868.1059570312501137
 20
14.652341842651369
 30
0.0
 10
868.1249999999998863
 20
14.8408184051513654
 30
0.0
 10
868.14404296875
 20
15.0292949676513672
 30
0.0
 40
0.0
 40
0.0
 40
0.0
 40
0.0
 40
4.0
 40
4.0
 40
4.0
 40
4.0
  0
SPLINE
  5
EA
100
AcDbEntity
  8
mainlayer
 62
1
370
-1
 48
1.0
  6
BYLAYER
100
AcDbSpline
 70
8
 71
3
 72
8
 73
4
 74
0
 10
868.14404296875
 20
15.0292949676513672
 30
0.0
 10
868.1640625000001137
 20
15.217771530151369
 30
0.0
 10
868.1831054687498863
 20
15.4062480926513672
 30
0.0
 10
868.2021484375
 20
15.5947246551513672
 30
0.0
 40
0.0
 40
0.0
 40
0.0
 40
0.0
 40
4.0
 40
4.0
 40
4.0
 40
4.0
  0
SPLINE
  5
EB
100
AcDbEntity
  8
mainlayer
 62
1
370
-1
 48
1.0
  6
BYLAYER
100
AcDbSpline
 70
8
 71
3
 72
8
 73
4
 74
0
 10
868.2021484375
 20
15.5947246551513672
 30
0.0
 10
868.2221679687501137
 20
15.783201217651369
 30
0.0
 10
868.2412109374998863
 20
15.9716777801513654
 30
0.0
 10
868.26025390625
 20
16.1601543426513672
 30
0.0
 40
0.0
 40
0.0
 40
0.0
 40
0.0
 40
4.0
 40
4.0
 40
4.0
 40
4.0
  0
SPLINE
  5
EC
100
AcDbEntity
  8
mainlayer
 62
1
370
-1
 48
1.0
  6
BYLAYER
100
AcDbSpline
 70
8
 71
3
 72
8
 73
4
 74
0
 10
868.26025390625
 20
16.1601543426513672
 30
0.0
 10
868.2797851562502274
 20
16.3486309051513672
 30
0.0
 10
868.29931640625
 20
16.5371074676513672
 30
0.0
 10
868.318359375
 20
16.7255840301513672
 30
0.0
 40
0.0
 40
0.0
 40
0.0
 40
0.0
 40
4.0
 40
4.0
 40
4.0
 40
4.0
  0
SPLINE
  5
ED
100
AcDbEntity
  8
mainlayer
 62
1
370
-1
 48
1.0
  6
BYLAYER
100
AcDbSpline
 70
8
 71
3
 72
8
 73
4
 74
0
 10
868.318359375
 20
16.7255840301513672
 30
0.0
 10
868.3383789062503411
 20
16.9140605926513707
 30
0.0
 10
868.357421875
 20
17.1035137176513672
 30
0.0
 10
868.37646484375
 20
17.2919902801513672
 30
0.0
 40
0.0
 40
0.0
 40
0.0
 40
0.0
 40
4.0
 40
4.0
 40
4.0
 40
4.0
  0
LWPOLYLINE
  5
EE
100
AcDbEntity
  8
mainlayer
 62
1
370
-1
 48
1.0
  6
BYLAYER
100
AcDbPolyline
 90
14
 70
0
 10
868.37646484375
 20
17.2919902801513672
 10
866.1201171875
 20
17.6630840301513672
 10
866.1201171875
 20
17.6630840301513672
 10
864.7890625
 20
18.4052715301513672
 10
864.7890625
 20
18.4052715301513672
 10
863.7880859375
 20
19.5156230926513672
 10
863.7880859375
 20
19.5156230926513672
 10
863.18408203125
 20
20.9023418426513672
 10
863.18408203125
 20
20.9023418426513672
 10
863.00390625
 20
23.1074199676513672
 10
863.00390625
 20
23.1074199676513672
 10
863.509765625
 20
25.0439434051513672
 10
863.509765625
 20
25.0439434051513672
 10
864.33154296875
 20
26.2167949676513672
  0
SPLINE
  5
EF
100
AcDbEntity
  8
mainlayer
 62
1
370
-1
 48
1.0
  6
BYLAYER
100
AcDbSpline
 70
8
 71
3
 72
8
 73
4
 74
0
 10
864.33154296875
 20
26.2167949676513672
 30
0.0
 10
864.6665039062502274
 20
26.5634746551513707
 30
0.0
 10
865.05126953125
 20
26.8544902801513672
 30
0.0
 10
865.4775390625
 20
27.0810527801513672
 30
0.0
 40
0.0
 40
0.0
 40
0.0
 40
0.0
 40
4.0
 40
4.0
 40
4.0
 40
4.0
  0
SPLINE
  5
F0
100
AcDbEntity
  8
mainlayer
 62
1
370
-1
 48
1.0
  6
BYLAYER
100
AcDbSpline
 70
8
 71
3
 72
8
 73
4
 74
0
 10
865.4775390625
 20
27.0810527801513672
 30
0.0
 10
865.9033203125002274
 20
27.3085918426513743
 30
0.0
 10
866.359375
 20
27.4658184051513672
 30
0.0
 10
866.83447265625
 20
27.5498027801513672
 30
0.0
 40
0.0
 40
0.0
 40
0.0
 40
0.0
 40
4.0
 40
4.0
 40
4.0
 40
4.0
  0
SPLINE
  5
F1
100
AcDbEntity
  8
mainlayer
 62
1
370
-1
 48
1.0
  6
BYLAYER
100
AcDbSpline
 70
8
 71
3
 72
8
 73
4
 74
0
 10
866.83447265625
 20
27.5498027801513672
 30
0.0
 10
867.1010742187502274
 20
27.5966777801513743
 30
0.0
 10
867.3715820312497726
 20
27.6210918426513672
 30
0.0
 10
867.642578125
 20
27.6201152801513672
 30
0.0
 40
0.0
 40
0.0
 40
0.0
 40
0.0
 40
4.0
 40
4.0
 40
4.0
 40
4.0
  0
LWPOLYLINE
  5
F2
100
AcDbEntity
  8
mainlayer
 62
1
370
-1
 48
1.0
  6
BYLAYER
100
AcDbPolyline
 90
12
 70
0
 10
867.642578125
 20
27.6201152801513672
 10
869.5712890625
 20
27.2343730926513672
 10
869.5712890625
 20
27.2343730926513672
 10
871.8828125
 20
25.8749980926513672
 10
871.8828125
 20
25.8749980926513672
 10
875.20947265625
 20
22.6162090301513672
 10
875.20947265625
 20
22.6162090301513672
 10
880.46826171875
 20
16.6640605926513672
 10
880.46826171875
 20
16.6640605926513672
 10
883.158203125
 20
14.5419902801513672
 10
883.158203125
 20
14.5419902801513672
 10
884.96044921875
 20
13.6591777801513672
  0
SPLINE
  5
F3
100
AcDbEntity
  8
mainlayer
 62
1
370
-1
 48
1.0
  6
BYLAYER
100
AcDbSpline
 70
8
 71
3
 72
8
 73
4
 74
0
 10
884.96044921875
 20
13.6591777801513672
 30
0.0
 10
885.6938476562502274
 20
13.3789043426513707
 30
0.0
 10
886.46875
 20
13.2490215301513672
 30
0.0
 10
887.25341796875
 20
13.2744121551513672
 30
0.0
 40
0.0
 40
0.0
 40
0.0
 40
0.0
 40
4.0
 40
4.0
 40
4.0
 40
4.0
  0
LWPOLYLINE
  5
F4
100
AcDbEntity
  8
mainlayer
 62
1
370
-1
 48
1.0
  6
BYLAYER
100
AcDbPolyline
 90
6
 70
0
 10
887.25341796875
 20
13.2744121551513672
 10
887.25341796875
 20
31.0507793426513672
 10
887.25341796875
 20
31.0507793426513672
 10
884.07958984375
 20
31.0507793426513672
 10
884.07958984375
 20
31.0507793426513672
 10
884.07958984375
 20
17.8603496551513672
  0
LWPOLYLINE
  5
F5
100
AcDbEntity
  8
mainlayer
 62
1
370
-1
 48
1.0
  6
BYLAYER
100
AcDbPolyline
 90
10
 70
0
 10
1093.80419921875
 20
93.5820236206054688
 10
1093.80419921875
 20
83.3271408081054688
 10
1093.80419921875
 20
83.3271408081054688
 10
1066.91015625
 20
83.3271408081054688
 10
1066.91015625
 20
83.3271408081054688
 10
1067.02490234375
 20
95.5566329956054688
 10
1067.02490234375
 20
95.5566329956054688
 10
1067.53515625
 20
97.8759689331054688
 10
1067.53515625
 20
97.8759689331054688
 10
1067.7265625
 20
98.3603439331054688
  0
SPLINE
  5
F6
100
AcDbEntity
  8
mainlayer
 62
1
370
-1
 48
1.0
  6
BYLAYER
100
AcDbSpline
 70
8
 71
3
 72
8
 73
4
 74
0
 10
1067.7265625
 20
98.3603439331054688
 30
0.0
 10
1067.99951171875
 20
98.9872970581054972
 30
0.0
 10
1068.3671875
 20
99.5634689331054688
 30
0.0
 10
1068.8203125
 20
100.0751876831054688
 30
0.0
 40
0.0
 40
0.0
 40
0.0
 40
0.0
 40
4.0
 40
4.0
 40
4.0
 40
4.0
  0
SPLINE
  5
F7
100
AcDbEntity
  8
mainlayer
 62
1
370
-1
 48
1.0
  6
BYLAYER
100
AcDbSpline
 70
8
 71
3
 72
8
 73
4
 74
0
 10
1068.8203125
 20
100.0751876831054688
 30
0.0
 10
1069.234375
 20
100.542961120605483
 30
0.0
 10
1069.7109375
 20
100.9462814331054688
 30
0.0
 10
1070.240234375
 20
101.2773361206054688
 30
0.0
 40
0.0
 40
0.0
 40
0.0
 40
0.0
 40
4.0
 40
4.0
 40
4.0
 40
4.0
  0
LWPOLYLINE
  5
F8
100
AcDbEntity
  8
mainlayer
 62
1
370
-1
 48
1.0
  6
BYLAYER
100
AcDbPolyline
 90
4
 70
0
 10
1070.240234375
 20
101.2773361206054688
 10
1072.421875
 20
102.1835861206054688
 10
1072.421875
 20
102.1835861206054688
 10
1073.78955078125
 20
102.3320236206054688
  0
SPLINE
  5
F9
100
AcDbEntity
  8
mainlayer
 62
1
370
-1
 48
1.0
  6
BYLAYER
100
AcDbSpline
 70
8
 71
3
 72
8
 73
4
 74
0
 10
1073.78955078125
 20
102.3320236206054688
 30
0.0
 10
1074.4423828125002274
 20
102.329093933105483
 30
0.0
 10
1075.0869140625
 20
102.2236251831054545
 30
0.0
 10
1075.70654296875
 20
102.0185470581054688
 30
0.0
 40
0.0
 40
0.0
 40
0.0
 40
0.0
 40
4.0
 40
4.0
 40
4.0
 40
4.0
  0
SPLINE
  5
FA
100
AcDbEntity
  8
mainlayer
 62
1
370
-1
 48
1.0
  6
BYLAYER
100
AcDbSpline
 70
8
 71
3
 72
8
 73
4
 74
0
 10
1075.70654296875
 20
102.0185470581054688
 30
0.0
 10
1076.173828125
 20
101.864250183105483
 30
0.0
 10
1076.6191406249997726
 20
101.6562423706054688
 30
0.0
 10
1077.03662109375
 20
101.3964767456054688
 30
0.0
 40
0.0
 40
0.0
 40
0.0
 40
0.0
 40
4.0
 40
4.0
 40
4.0
 40
4.0
  0
LWPOLYLINE
  5
FB
100
AcDbEntity
  8
mainlayer
 62
1
370
-1
 48
1.0
  6
BYLAYER
100
AcDbPolyline
 90
12
 70
0
 10
1077.03662109375
 20
101.3964767456054688
 10
1078.41259765625
 20
100.2226486206054688
 10
1078.41259765625
 20
100.2226486206054688
 10
1079.4951171875
 20
98.5712814331054688
 10
1079.4951171875
 20
98.5712814331054688
 10
1080.462890625
 20
100.7294845581054688
 10
1080.462890625
 20
100.7294845581054688
 10
1081.93505859375
 20
102.3232345581054688
 10
1081.93505859375
 20
102.3232345581054688
 10
1083.8154296875
 20
103.3066329956054688
 10
1083.8154296875
 20
103.3066329956054688
 10
1086.00732421875
 20
103.6347579956054688
  0
SPLINE
  5
FC
100
AcDbEntity
  8
mainlayer
 62
1
370
-1
 48
1.0
  6
BYLAYER
100
AcDbSpline
 70
8
 71
3
 72
8
 73
4
 74
0
 10
1086.00732421875
 20
103.6347579956054688
 30
0.0
 10
1086.8437500000002274
 20
103.638664245605483
 30
0.0
 10
1087.67041015625
 20
103.5126876831054545
 30
0.0
 10
1088.466796875
 20
103.2578048706054688
 30
0.0
 40
0.0
 40
0.0
 40
0.0
 40
0.0
 40
4.0
 40
4.0
 40
4.0
 40
4.0
  0
SPLINE
  5
FD
100
AcDbEntity
  8
mainlayer
 62
1
370
-1
 48
1.0
  6
BYLAYER
100
AcDbSpline
 70
8
 71
3
 72
8
 73
4
 74
0
 10
1088.466796875
 20
103.2578048706054688
 30
0.0
 10
1088.82763671875
 20
103.1425704956054972
 30
0.0
 10
1089.1796875
 20
103.0019454956054688
 30
0.0
 10
1089.5205078125
 20
102.8369064331054688
 30
0.0
 40
0.0
 40
0.0
 40
0.0
 40
0.0
 40
4.0
 40
4.0
 40
4.0
 40
4.0
  0
LWPOLYLINE
  5
FE
100
AcDbEntity
  8
mainlayer
 62
1
370
-1
 48
1.0
  6
BYLAYER
100
AcDbPolyline
 90
10
 70
0
 10
1089.5205078125
 20
102.8369064331054688
 10
1091.259765625
 20
101.6923751831054688
 10
1091.259765625
 20
101.6923751831054688
 10
1092.43798828125
 20
100.2402267456054688
 10
1092.43798828125
 20
100.2402267456054688
 10
1093.35498046875
 20
97.9199142456054688
 10
1093.35498046875
 20
97.9199142456054688
 10
1093.77587890625
 20
94.8154220581054688
 10
1093.77587890625
 20
94.8154220581054688
 10
1093.80419921875
 20
93.5820236206054688
  0
LWPOLYLINE
  5
FF
100
AcDbEntity
  8
mainlayer
 62
1
370
-1
 48
1.0
  6
BYLAYER
100
AcDbPolyline
 90
24
 70
0
 10
870.19287109375
 20
37.1230430603027344
 10
867.00048828125
 20
37.1230430603027344
 10
867.00048828125
 20
37.1230430603027344
 10
865.15771484375
 20
40.3124961853027344
 10
865.15771484375
 20
40.3124961853027344
 10
862.92578125
 20
42.9267539978027344
 10
862.92578125
 20
42.9267539978027344
 10
860.68701171875
 20
44.6660079956054688
 10
860.68701171875
 20
44.6660079956054688
 10
860.24951171875
 20
44.9013595581054688
 10
860.24951171875
 20
44.9013595581054688
 10
860.24951171875
 20
47.0292892456054688
 10
860.24951171875
 20
47.0292892456054688
 10
887.25341796875
 20
47.0292892456054688
 10
887.25341796875
 20
47.0292892456054688
 10
887.25341796875
 20
43.7265548706054688
 10
887.25341796875
 20
43.7265548706054688
 10
866.2119140625
 20
43.7265548706054688
 10
866.2119140625
 20
43.7265548706054688
 10
867.91796875
 20
41.5205039978027344
 10
867.91796875
 20
41.5205039978027344
 10
869.873046875
 20
37.9179649353027344
 10
869.873046875
 20
37.9179649353027344
 10
870.19287109375
 20
37.1230430603027344
  0
SPLINE
  5
100
100
AcDbEntity
  8
mainlayer
 62
1
370
-1
 48
1.0
  6
BYLAYER
100
AcDbSpline
 70
8
 71
3
 72
8
 73
4
 74
0
 10
687.26416015625
 20
44.6699142456054688
 30
0.0
 10
686.6206054687502274
 20
45.0712814331054759
 30
0.0
 10
686.02197265625
 20
45.5371017456054688
 30
0.0
 10
685.4755859375
 20
46.0634689331054688
 30
0.0
 40
0.0
 40
0.0
 40
0.0
 40
0.0
 40
4.0
 40
4.0
 40
4.0
 40
4.0
  0
LWPOLYLINE
  5
101
100
AcDbEntity
  8
mainlayer
 62
1
370
-1
 48
1.0
  6
BYLAYER
100
AcDbPolyline
 90
6
 70
0
 10
685.4755859375
 20
46.0634689331054688
 10
678.30029296875
 20
54.0781173706054688
 10
678.30029296875
 20
54.0781173706054688
 10
675.6748046875
 20
56.2841720581054688
 10
675.6748046875
 20
56.2841720581054688
 10
674.07421875
 20
57.1630783081054688
  0
SPLINE
  5
102
100
AcDbEntity
  8
mainlayer
 62
1
370
-1
 48
1.0
  6
BYLAYER
100
AcDbSpline
 70
8
 71
3
 72
8
 73
4
 74
0
 10
674.07421875
 20
57.1630783081054688
 30
0.0
 10
673.0678710937501137
 20
57.5947189331054759
 30
0.0
 10
671.99560546875
 20
57.8183517456054545
 30
0.0
 10
670.900390625
 20
57.8232345581054688
 30
0.0
 40
0.0
 40
0.0
 40
0.0
 40
0.0
 40
4.0
 40
4.0
 40
4.0
 40
4.0
  0
LWPOLYLINE
  5
103
100
AcDbEntity
  8
mainlayer
 62
1
370
-1
 48
1.0
  6
BYLAYER
100
AcDbPolyline
 90
38
 70
0
 10
670.900390625
 20
57.8232345581054688
 10
668.66455078125
 20
57.5058517456054688
 10
668.66455078125
 20
57.5058517456054688
 10
666.7177734375
 20
56.5537033081054688
 10
666.7177734375
 20
56.5537033081054688
 10
665.07763671875
 20
54.9775314331054688
 10
665.07763671875
 20
54.9775314331054688
 10
663.970703125
 20
52.9062423706054688
 10
663.970703125
 20
52.9062423706054688
 10
663.4677734375
 20
50.3818283081054688
 10
663.4677734375
 20
50.3818283081054688
 10
663.55859375
 20
47.6201095581054688
 10
663.55859375
 20
47.6201095581054688
 10
664.21142578125
 20
45.2558517456054688
 10
664.21142578125
 20
45.2558517456054688
 10
665.42431640625
 20
43.3300743103027344
 10
665.42431640625
 20
43.3300743103027344
 10
667.17138671875
 20
41.8955039978027344
 10
667.17138671875
 20
41.8955039978027344
 10
669.4267578125
 20
41.0019493103027344
 10
669.4267578125
 20
41.0019493103027344
 10
671.21240234375
 20
40.7070274353027344
 10
671.21240234375
 20
40.7070274353027344
 10
671.56103515625
 20
44.1005783081054688
 10
671.56103515625
 20
44.1005783081054688
 10
669.30419921875
 20
44.4726486206054688
 10
669.30419921875
 20
44.4726486206054688
 10
667.9736328125
 20
45.2148361206054688
 10
667.9736328125
 20
45.2148361206054688
 10
666.97265625
 20
46.3251876831054688
 10
666.97265625
 20
46.3251876831054688
 10
666.36865234375
 20
47.7119064331054688
 10
666.36865234375
 20
47.7119064331054688
 10
666.1884765625
 20
49.9169845581054688
 10
666.1884765625
 20
49.9169845581054688
 10
666.69384765625
 20
51.8535079956054688
 10
666.69384765625
 20
51.8535079956054688
 10
667.515625
 20
53.0253829956054688
  0
SPLINE
  5
104
100
AcDbEntity
  8
mainlayer
 62
1
370
-1
 48
1.0
  6
BYLAYER
100
AcDbSpline
 70
8
 71
3
 72
8
 73
4
 74
0
 10
667.515625
 20
53.0253829956054688
 30
0.0
 10
667.8505859375001137
 20
53.373039245605483
 30
0.0
 10
668.2358398437498863
 20
53.6640548706054688
 30
0.0
 10
668.66162109375
 20
53.8906173706054688
 30
0.0
 40
0.0
 40
0.0
 40
0.0
 40
0.0
 40
4.0
 40
4.0
 40
4.0
 40
4.0
  0
SPLINE
  5
105
100
AcDbEntity
  8
mainlayer
 62
1
370
-1
 48
1.0
  6
BYLAYER
100
AcDbSpline
 70
8
 71
3
 72
8
 73
4
 74
0
 10
668.66162109375
 20
53.8906173706054688
 30
0.0
 10
669.0874023437501137
 20
54.118156433105483
 30
0.0
 10
669.54345703125
 20
54.2753829956054688
 30
0.0
 10
670.0185546875
 20
54.3593673706054688
 30
0.0
 40
0.0
 40
0.0
 40
0.0
 40
0.0
 40
4.0
 40
4.0
 40
4.0
 40
4.0
  0
SPLINE
  5
106
100
AcDbEntity
  8
mainlayer
 62
1
370
-1
 48
1.0
  6
BYLAYER
100
AcDbSpline
 70
8
 71
3
 72
8
 73
4
 74
0
 10
670.0185546875
 20
54.3593673706054688
 30
0.0
 10
670.2856445312501137
 20
54.4062423706054759
 30
0.0
 10
670.5556640625
 20
54.4296798706054616
 30
0.0
 10
670.8271484375
 20
54.4296798706054688
 30
0.0
 40
0.0
 40
0.0
 40
0.0
 40
0.0
 40
4.0
 40
4.0
 40
4.0
 40
4.0
  0
LWPOLYLINE
  5
107
100
AcDbEntity
  8
mainlayer
 62
1
370
-1
 48
1.0
  6
BYLAYER
100
AcDbPolyline
 90
12
 70
0
 10
670.8271484375
 20
54.4296798706054688
 10
672.755859375
 20
54.0439376831054688
 10
672.755859375
 20
54.0439376831054688
 10
675.0673828125
 20
52.6845626831054688
 10
675.0673828125
 20
52.6845626831054688
 10
678.3935546875
 20
49.4257736206054688
 10
678.3935546875
 20
49.4257736206054688
 10
683.65283203125
 20
43.4736289978027344
 10
683.65283203125
 20
43.4736289978027344
 10
686.34228515625
 20
41.3515586853027344
 10
686.34228515625
 20
41.3515586853027344
 10
688.14501953125
 20
40.4687461853027344
  0
SPLINE
  5
108
100
AcDbEntity
  8
mainlayer
 62
1
370
-1
 48
1.0
  6
BYLAYER
100
AcDbSpline
 70
8
 71
3
 72
8
 73
4
 74
0
 10
688.14501953125
 20
40.4687461853027344
 30
0.0
 10
688.8784179687502274
 20
40.1884727478027415
 30
0.0
 10
689.65283203125
 20
40.0576133728027344
 30
0.0
 10
690.43798828125
 20
40.0830039978027344
 30
0.0
 40
0.0
 40
0.0
 40
0.0
 40
0.0
 40
4.0
 40
4.0
 40
4.0
 40
4.0
  0
LWPOLYLINE
  5
109
100
AcDbEntity
  8
mainlayer
 62
1
370
-1
 48
1.0
  6
BYLAYER
100
AcDbPolyline
 90
6
 70
0
 10
690.43798828125
 20
40.0830039978027344
 10
690.43798828125
 20
57.8593673706054688
 10
690.43798828125
 20
57.8593673706054688
 10
687.26416015625
 20
57.8593673706054688
 10
687.26416015625
 20
57.8593673706054688
 10
687.26416015625
 20
44.6699142456054688
  0
LWPOLYLINE
  5
10A
100
AcDbEntity
  8
mainlayer
 62
1
370
-1
 48
1.0
  6
BYLAYER
100
AcDbPolyline
 90
22
 70
0
 10
678.0185546875
 20
87.0468673706054688
 10
678.130859375
 20
95.5331954956054688
 10
678.130859375
 20
95.5331954956054688
 10
678.59033203125
 20
97.5331954956054688
 10
678.59033203125
 20
97.5331954956054688
 10
679.513671875
 20
98.9150314331054688
 10
679.513671875
 20
98.9150314331054688
 10
680.9150390625
 20
99.8076095581054688
 10
680.9150390625
 20
99.8076095581054688
 10
682.64111328125
 20
100.1083908081054688
 10
682.64111328125
 20
100.1083908081054688
 10
684.39697265625
 20
99.8095626831054688
 10
684.39697265625
 20
99.8095626831054688
 10
685.771484375
 20
98.9706954956054688
 10
685.771484375
 20
98.9706954956054688
 10
686.640625
 20
97.7812423706054688
 10
686.640625
 20
97.7812423706054688
 10
687.19189453125
 20
95.7519454956054688
 10
687.19189453125
 20
95.7519454956054688
 10
687.26416015625
 20
87.0468673706054688
 10
687.26416015625
 20
87.0468673706054688
 10
678.0185546875
 20
87.0468673706054688
  0
SPLINE
  5
10B
100
AcDbEntity
  8
mainlayer
 62
1
370
-1
 48
1.0
  6
BYLAYER
100
AcDbSpline
 70
8
 71
3
 72
8
 73
4
 74
0
 10
1090.63037109375
 20
44.5087814331054688
 30
0.0
 10
1089.986328125
 20
44.9101486206054759
 30
0.0
 10
1089.38818359375
 20
45.3769454956054688
 30
0.0
 10
1088.841796875
 20
45.9033126831054688
 30
0.0
 40
0.0
 40
0.0
 40
0.0
 40
0.0
 40
4.0
 40
4.0
 40
4.0
 40
4.0
  0
LWPOLYLINE
  5
10C
100
AcDbEntity
  8
mainlayer
 62
1
370
-1
 48
1.0
  6
BYLAYER
100
AcDbPolyline
 90
6
 70
0
 10
1088.841796875
 20
45.9033126831054688
 10
1081.66650390625
 20
53.9169845581054688
 10
1081.66650390625
 20
53.9169845581054688
 10
1079.041015625
 20
56.1230392456054688
 10
1079.041015625
 20
56.1230392456054688
 10
1077.4404296875
 20
57.0019454956054688
  0
SPLINE
  5
10D
100
AcDbEntity
  8
mainlayer
 62
1
370
-1
 48
1.0
  6
BYLAYER
100
AcDbSpline
 70
8
 71
3
 72
8
 73
4
 74
0
 10
1077.4404296875
 20
57.0019454956054688
 30
0.0
 10
1076.4340820312502274
 20
57.4335861206054759
 30
0.0
 10
1075.36181640625
 20
57.6572189331054688
 30
0.0
 10
1074.2666015625
 20
57.6621017456054688
 30
0.0
 40
0.0
 40
0.0
 40
0.0
 40
0.0
 40
4.0
 40
4.0
 40
4.0
 40
4.0
  0
LWPOLYLINE
  5
10E
100
AcDbEntity
  8
mainlayer
 62
1
370
-1
 48
1.0
  6
BYLAYER
100
AcDbPolyline
 90
38
 70
0
 10
1074.2666015625
 20
57.6621017456054688
 10
1072.03076171875
 20
57.3447189331054688
 10
1072.03076171875
 20
57.3447189331054688
 10
1070.083984375
 20
56.3925704956054688
 10
1070.083984375
 20
56.3925704956054688
 10
1068.44384765625
 20
54.8163986206054688
 10
1068.44384765625
 20
54.8163986206054688
 10
1067.3369140625
 20
52.7451095581054688
 10
1067.3369140625
 20
52.7451095581054688
 10
1066.833984375
 20
50.2206954956054688
 10
1066.833984375
 20
50.2206954956054688
 10
1066.9248046875
 20
47.4589767456054688
 10
1066.9248046875
 20
47.4589767456054688
 10
1067.57763671875
 20
45.0947189331054688
 10
1067.57763671875
 20
45.0947189331054688
 10
1068.79052734375
 20
43.1699180603027344
 10
1068.79052734375
 20
43.1699180603027344
 10
1070.53759765625
 20
41.7343711853027344
 10
1070.53759765625
 20
41.7343711853027344
 10
1072.79296875
 20
40.8408164978027344
 10
1072.79296875
 20
40.8408164978027344
 10
1074.57861328125
 20
40.5458946228027344
 10
1074.57861328125
 20
40.5458946228027344
 10
1074.92724609375
 20
43.9404220581054688
 10
1074.92724609375
 20
43.9404220581054688
 10
1072.67041015625
 20
44.3115158081054688
 10
1072.67041015625
 20
44.3115158081054688
 10
1071.33984375
 20
45.0537033081054688
 10
1071.33984375
 20
45.0537033081054688
 10
1070.3388671875
 20
46.1640548706054688
 10
1070.3388671875
 20
46.1640548706054688
 10
1069.73486328125
 20
47.5507736206054688
 10
1069.73486328125
 20
47.5507736206054688
 10
1069.5546875
 20
49.7558517456054688
 10
1069.5546875
 20
49.7558517456054688
 10
1070.060546875
 20
51.6923751831054688
 10
1070.060546875
 20
51.6923751831054688
 10
1070.8818359375
 20
52.8652267456054688
  0
SPLINE
  5
10F
100
AcDbEntity
  8
mainlayer
 62
1
370
-1
 48
1.0
  6
BYLAYER
100
AcDbSpline
 70
8
 71
3
 72
8
 73
4
 74
0
 10
1070.8818359375
 20
52.8652267456054688
 30
0.0
 10
1071.2167968750004547
 20
53.2119064331054759
 30
0.0
 10
1071.60205078125
 20
53.5029220581054616
 30
0.0
 10
1072.02783203125
 20
53.7294845581054688
 30
0.0
 40
0.0
 40
0.0
 40
0.0
 40
0.0
 40
4.0
 40
4.0
 40
4.0
 40
4.0
  0
SPLINE
  5
110
100
AcDbEntity
  8
mainlayer
 62
1
370
-1
 48
1.0
  6
BYLAYER
100
AcDbSpline
 70
8
 71
3
 72
8
 73
4
 74
0
 10
1072.02783203125
 20
53.7294845581054688
 30
0.0
 10
1072.45361328125
 20
53.9570236206054759
 30
0.0
 10
1072.90966796875
 20
54.1142501831054616
 30
0.0
 10
1073.384765625
 20
54.1982345581054688
 30
0.0
 40
0.0
 40
0.0
 40
0.0
 40
0.0
 40
4.0
 40
4.0
 40
4.0
 40
4.0
  0
SPLINE
  5
111
100
AcDbEntity
  8
mainlayer
 62
1
370
-1
 48
1.0
  6
BYLAYER
100
AcDbSpline
 70
8
 71
3
 72
8
 73
4
 74
0
 10
1073.384765625
 20
54.1982345581054688
 30
0.0
 10
1073.65185546875
 20
54.245109558105483
 30
0.0
 10
1073.92236328125
 20
54.2695236206054688
 30
0.0
 10
1074.193359375
 20
54.2685470581054688
 30
0.0
 40
0.0
 40
0.0
 40
0.0
 40
0.0
 40
4.0
 40
4.0
 40
4.0
 40
4.0
  0
LWPOLYLINE
  5
112
100
AcDbEntity
  8
mainlayer
 62
1
370
-1
 48
1.0
  6
BYLAYER
100
AcDbPolyline
 90
12
 70
0
 10
1074.193359375
 20
54.2685470581054688
 10
1076.1220703125
 20
53.8828048706054688
 10
1076.1220703125
 20
53.8828048706054688
 10
1078.43359375
 20
52.5234298706054688
 10
1078.43359375
 20
52.5234298706054688
 10
1081.759765625
 20
49.2646408081054688
 10
1081.759765625
 20
49.2646408081054688
 10
1087.01904296875
 20
43.3124961853027344
 10
1087.01904296875
 20
43.3124961853027344
 10
1089.70849609375
 20
41.1904258728027344
 10
1089.70849609375
 20
41.1904258728027344
 10
1091.51123046875
 20
40.3076133728027344
  0
SPLINE
  5
113
100
AcDbEntity
  8
mainlayer
 62
1
370
-1
 48
1.0
  6
BYLAYER
100
AcDbSpline
 70
8
 71
3
 72
8
 73
4
 74
0
 10
1091.51123046875
 20
40.3076133728027344
 30
0.0
 10
1092.2446289062504547
 20
40.0273399353027415
 30
0.0
 10
1093.01953125
 20
39.8974571228027273
 30
0.0
 10
1093.80419921875
 20
39.9228477478027344
 30
0.0
 40
0.0
 40
0.0
 40
0.0
 40
0.0
 40
4.0
 40
4.0
 40
4.0
 40
4.0
  0
LWPOLYLINE
  5
114
100
AcDbEntity
  8
mainlayer
 62
1
370
-1
 48
1.0
  6
BYLAYER
100
AcDbPolyline
 90
6
 70
0
 10
1093.80419921875
 20
39.9228477478027344
 10
1093.80419921875
 20
57.6992111206054688
 10
1093.80419921875
 20
57.6992111206054688
 10
1090.63037109375
 20
57.6992111206054688
 10
1090.63037109375
 20
57.6992111206054688
 10
1090.63037109375
 20
44.5087814331054688
  0
LWPOLYLINE
  5
115
100
AcDbEntity
  8
mainlayer
 62
1
370
-1
 48
1.0
  6
BYLAYER
100
AcDbPolyline
 90
22
 70
0
 10
1081.384765625
 20
86.8857345581054688
 10
1081.4970703125
 20
95.3730392456054688
 10
1081.4970703125
 20
95.3730392456054688
 10
1081.95654296875
 20
97.3720626831054688
 10
1081.95654296875
 20
97.3720626831054688
 10
1082.8798828125
 20
98.7538986206054688
 10
1082.8798828125
 20
98.7538986206054688
 10
1084.28125
 20
99.6464767456054688
 10
1084.28125
 20
99.6464767456054688
 10
1086.00732421875
 20
99.9472579956054688
 10
1086.00732421875
 20
99.9472579956054688
 10
1087.76318359375
 20
99.6484298706054688
 10
1087.76318359375
 20
99.6484298706054688
 10
1089.1376953125
 20
98.8095626831054688
 10
1089.1376953125
 20
98.8095626831054688
 10
1090.0068359375
 20
97.6201095581054688
 10
1090.0068359375
 20
97.6201095581054688
 10
1090.55810546875
 20
95.5908126831054688
 10
1090.55810546875
 20
95.5908126831054688
 10
1090.63037109375
 20
86.8857345581054688
 10
1090.63037109375
 20
86.8857345581054688
 10
1081.384765625
 20
86.8857345581054688
  0
LWPOLYLINE
  5
116
100
AcDbEntity
  8
mainlayer
 62
1
370
-1
 48
1.0
  6
BYLAYER
100
AcDbPolyline
 90
16
 70
0
 10
887.25341796875
 20
74.9863204956054688
 10
879.1083984375
 20
71.8496017456054688
 10
879.1083984375
 20
71.8496017456054688
 10
879.1083984375
 20
60.6044845581054688
 10
879.1083984375
 20
60.6044845581054688
 10
887.25341796875
 20
57.6503829956054688
 10
887.25341796875
 20
57.6503829956054688
 10
887.25341796875
 20
53.8720626831054688
 10
887.25341796875
 20
53.8720626831054688
 10
860.35986328125
 20
64.2001876831054688
 10
860.35986328125
 20
64.2001876831054688
 10
860.35986328125
 20
68.0341720581054688
 10
860.35986328125
 20
68.0341720581054688
 10
887.25341796875
 20
79.0410079956054688
 10
887.25341796875
 20
79.0410079956054688
 10
887.25341796875
 20
74.9863204956054688
  0
LWPOLYLINE
  5
117
100
AcDbEntity
  8
mainlayer
 62
1
370
-1
 48
1.0
  6
BYLAYER
100
AcDbPolyline
 90
4
 70
0
 10
1070.083984375
 20
86.8857345581054688
 10
1070.17822265625
 20
94.7324142456054688
 10
1070.17822265625
 20
94.7324142456054688
 10
1070.4599609375
 20
96.3515548706054688
  0
SPLINE
  5
118
100
AcDbEntity
  8
mainlayer
 62
1
370
-1
 48
1.0
  6
BYLAYER
100
AcDbSpline
 70
8
 71
3
 72
8
 73
4
 74
0
 10
1070.4599609375
 20
96.3515548706054688
 30
0.0
 10
1070.5634765625002274
 20
96.6884689331054972
 30
0.0
 10
1070.71875
 20
97.0048751831054688
 30
0.0
 10
1070.92138671875
 20
97.2929611206054688
 30
0.0
 40
0.0
 40
0.0
 40
0.0
 40
0.0
 40
4.0
 40
4.0
 40
4.0
 40
4.0
  0
SPLINE
  5
119
100
AcDbEntity
  8
mainlayer
 62
1
370
-1
 48
1.0
  6
BYLAYER
100
AcDbSpline
 70
8
 71
3
 72
8
 73
4
 74
0
 10
1070.92138671875
 20
97.2929611206054688
 30
0.0
 10
1071.17236328125
 20
97.6494064331054972
 30
0.0
 10
1071.4873046875
 20
97.9511642456054545
 30
0.0
 10
1071.8544921875
 20
98.1865158081054688
 30
0.0
 40
0.0
 40
0.0
 40
0.0
 40
0.0
 40
4.0
 40
4.0
 40
4.0
 40
4.0
  0
LWPOLYLINE
  5
11A
100
AcDbEntity
  8
mainlayer
 62
1
370
-1
 48
1.0
  6
BYLAYER
100
AcDbPolyline
 90
14
 70
0
 10
1071.8544921875
 20
98.1865158081054688
 10
1073.56201171875
 20
98.7880783081054688
 10
1073.56201171875
 20
98.7880783081054688
 10
1075.5048828125
 20
98.6562423706054688
 10
1075.5048828125
 20
98.6562423706054688
 10
1076.78564453125
 20
97.9580001831054688
 10
1076.78564453125
 20
97.9580001831054688
 10
1077.6640625
 20
96.7314376831054688
 10
1077.6640625
 20
96.7314376831054688
 10
1078.1328125
 20
94.7324142456054688
 10
1078.1328125
 20
94.7324142456054688
 10
1078.2109375
 20
86.8857345581054688
 10
1078.2109375
 20
86.8857345581054688
 10
1070.083984375
 20
86.8857345581054688
  0
LWPOLYLINE
  5
11B
100
AcDbEntity
  8
mainlayer
 62
1
370
-1
 48
1.0
  6
BYLAYER
100
AcDbPolyline
 90
24
 70
0
 10
472.97607421875
 20
12.1171855926513672
 10
469.7841796875
 20
12.1171855926513672
 10
469.7841796875
 20
12.1171855926513672
 10
467.94091796875
 20
15.3076152801513672
 10
467.94091796875
 20
15.3076152801513672
 10
465.70947265625
 20
17.9218730926513672
 10
465.70947265625
 20
17.9218730926513672
 10
463.470703125
 20
19.6611309051513672
 10
463.470703125
 20
19.6611309051513672
 10
463.033203125
 20
19.8955059051513672
 10
463.033203125
 20
19.8955059051513672
 10
463.033203125
 20
22.0244121551513672
 10
463.033203125
 20
22.0244121551513672
 10
490.037109375
 20
22.0244121551513672
 10
490.037109375
 20
22.0244121551513672
 10
490.037109375
 20
18.7216777801513672
 10
490.037109375
 20
18.7216777801513672
 10
468.9951171875
 20
18.7216777801513672
 10
468.9951171875
 20
18.7216777801513672
 10
470.701171875
 20
16.5156230926513672
 10
470.701171875
 20
16.5156230926513672
 10
472.65625
 20
12.9130840301513672
 10
472.65625
 20
12.9130840301513672
 10
472.97607421875
 20
12.1171855926513672
  0
LWPOLYLINE
  5
11C
100
AcDbEntity
  8
mainlayer
 62
1
370
-1
 48
1.0
  6
BYLAYER
100
AcDbPolyline
 90
8
 70
0
 10
471.10498046875
 20
60.4755783081054688
 10
478.9931640625
 20
57.5214767456054688
 10
478.9931640625
 20
57.5214767456054688
 10
478.9931640625
 20
66.6386642456054688
 10
478.9931640625
 20
66.6386642456054688
 10
466.533203125
 20
62.0908126831054688
 10
466.533203125
 20
62.0908126831054688
 10
465.96826171875
 20
61.9247970581054688
  0
SPLINE
  5
11D
100
AcDbEntity
  8
mainlayer
 62
1
370
-1
 48
1.0
  6
BYLAYER
100
AcDbSpline
 70
8
 71
3
 72
8
 73
4
 74
0
 10
465.96826171875
 20
61.9247970581054688
 30
0.0
 10
467.7163085937500568
 20
61.5751876831054901
 30
0.0
 10
469.43212890625
 20
61.0917892456054688
 30
0.0
 10
471.10498046875
 20
60.4755783081054688
 30
0.0
 40
0.0
 40
0.0
 40
0.0
 40
0.0
 40
4.0
 40
4.0
 40
4.0
 40
4.0
  0
LWPOLYLINE
  5
11E
100
AcDbEntity
  8
mainlayer
 62
1
370
-1
 48
1.0
  6
BYLAYER
100
AcDbPolyline
 90
36
 70
0
 10
483.5244140625
 20
34.1503868103027344
 10
483.81787109375
 20
30.9765605926513672
 10
483.81787109375
 20
30.9765605926513672
 10
485.99853515625
 20
31.5039043426513672
 10
485.99853515625
 20
31.5039043426513672
 10
487.77880859375
 20
32.4794883728027344
 10
487.77880859375
 20
32.4794883728027344
 10
489.154296875
 20
33.8974571228027344
 10
489.154296875
 20
33.8974571228027344
 10
490.0576171875
 20
35.6679649353027344
 10
490.0576171875
 20
35.6679649353027344
 10
490.46826171875
 20
37.7636680603027344
 10
490.46826171875
 20
37.7636680603027344
 10
490.39599609375
 20
39.9726524353027344
 10
490.39599609375
 20
39.9726524353027344
 10
489.8720703125
 20
41.9521446228027344
 10
489.8720703125
 20
41.9521446228027344
 10
488.8994140625
 20
43.7167892456054688
 10
488.8994140625
 20
43.7167892456054688
 10
487.49755859375
 20
45.2216720581054688
 10
487.49755859375
 20
45.2216720581054688
 10
485.68505859375
 20
46.4189376831054688
 10
485.68505859375
 20
46.4189376831054688
 10
483.45263671875
 20
47.3085861206054688
 10
483.45263671875
 20
47.3085861206054688
 10
479.61083984375
 20
48.0078048706054688
 10
479.61083984375
 20
48.0078048706054688
 10
474.837890625
 20
48.1484298706054688
 10
474.837890625
 20
48.1484298706054688
 10
470.76220703125
 20
47.7246017456054688
 10
470.76220703125
 20
47.7246017456054688
 10
468.47265625
 20
47.0371017456054688
 10
468.47265625
 20
47.0371017456054688
 10
466.15869140625
 20
45.6474533081054688
 10
466.15869140625
 20
45.6474533081054688
 10
464.44580078125
 20
43.7353439331054688
  0
SPLINE
  5
11F
100
AcDbEntity
  8
mainlayer
 62
1
370
-1
 48
1.0
  6
BYLAYER
100
AcDbSpline
 70
8
 71
3
 72
8
 73
4
 74
0
 10
464.44580078125
 20
43.7353439331054688
 30
0.0
 10
463.9428710937500568
 20
42.9589805603027486
 30
0.0
 10
463.5678710937500568
 20
42.1132774353027344
 30
0.0
 10
463.32958984375
 20
41.2187461853027344
 30
0.0
 40
0.0
 40
0.0
 40
0.0
 40
0.0
 40
4.0
 40
4.0
 40
4.0
 40
4.0
  0
SPLINE
  5
120
100
AcDbEntity
  8
mainlayer
 62
1
370
-1
 48
1.0
  6
BYLAYER
100
AcDbSpline
 70
8
 71
3
 72
8
 73
4
 74
0
 10
463.32958984375
 20
41.2187461853027344
 30
0.0
 10
463.13134765625
 20
40.4736289978027415
 30
0.0
 10
463.03173828125
 20
39.7099571228027344
 30
0.0
 10
463.033203125
 20
38.9384727478027344
 30
0.0
 40
0.0
 40
0.0
 40
0.0
 40
0.0
 40
4.0
 40
4.0
 40
4.0
 40
4.0
  0
LWPOLYLINE
  5
121
100
AcDbEntity
  8
mainlayer
 62
1
370
-1
 48
1.0
  6
BYLAYER
100
AcDbPolyline
 90
22
 70
0
 10
463.033203125
 20
38.9384727478027344
 10
463.3837890625
 20
36.3857383728027344
 10
463.3837890625
 20
36.3857383728027344
 10
464.4365234375
 20
34.1757774353027344
 10
464.4365234375
 20
34.1757774353027344
 10
466.1767578125
 20
32.3281211853027344
 10
466.1767578125
 20
32.3281211853027344
 10
468.421875
 20
31.0839824676513672
 10
468.421875
 20
31.0839824676513672
 10
471.1162109375
 20
30.5185527801513672
 10
471.1162109375
 20
30.5185527801513672
 10
473.99853515625
 20
30.6249980926513672
 10
473.99853515625
 20
30.6249980926513672
 10
476.46533203125
 20
31.3837871551513672
 10
476.46533203125
 20
31.3837871551513672
 10
478.498046875
 20
32.7919883728027344
 10
478.498046875
 20
32.7919883728027344
 10
479.9736328125
 20
34.6708946228027344
 10
479.9736328125
 20
34.6708946228027344
 10
480.76806640625
 20
36.8378868103027344
 10
480.76806640625
 20
36.8378868103027344
 10
480.91943359375
 20
38.4423789978027344
  0
SPLINE
  5
122
100
AcDbEntity
  8
mainlayer
 62
1
370
-1
 48
1.0
  6
BYLAYER
100
AcDbSpline
 70
8
 71
3
 72
8
 73
4
 74
0
 10
480.91943359375
 20
38.4423789978027344
 30
0.0
 10
480.9204101562501137
 20
39.2285118103027415
 30
0.0
 10
480.798828125
 20
40.0058555603027344
 30
0.0
 10
480.55712890625
 20
40.7539024353027344
 30
0.0
 40
0.0
 40
0.0
 40
0.0
 40
0.0
 40
4.0
 40
4.0
 40
4.0
 40
4.0
  0
SPLINE
  5
123
100
AcDbEntity
  8
mainlayer
 62
1
370
-1
 48
1.0
  6
BYLAYER
100
AcDbSpline
 70
8
 71
3
 72
8
 73
4
 74
0
 10
480.55712890625
 20
40.7539024353027344
 30
0.0
 10
480.3994140625001705
 20
41.2421836853027415
 30
0.0
 10
480.1923828124999432
 20
41.7119102478027344
 30
0.0
 10
479.93798828125
 20
42.1572227478027344
 30
0.0
 40
0.0
 40
0.0
 40
0.0
 40
0.0
 40
4.0
 40
4.0
 40
4.0
 40
4.0
  0
LWPOLYLINE
  5
124
100
AcDbEntity
  8
mainlayer
 62
1
370
-1
 48
1.0
  6
BYLAYER
100
AcDbPolyline
 90
4
 70
0
 10
479.93798828125
 20
42.1572227478027344
 10
478.478515625
 20
44.0185470581054688
 10
478.478515625
 20
44.0185470581054688
 10
477.37890625
 20
44.8632736206054688
  0
SPLINE
  5
125
100
AcDbEntity
  8
mainlayer
 62
1
370
-1
 48
1.0
  6
BYLAYER
100
AcDbSpline
 70
8
 71
3
 72
8
 73
4
 74
0
 10
477.37890625
 20
44.8632736206054688
 30
0.0
 10
479.1660156250001137
 20
44.9140548706054759
 30
0.0
 10
480.94140625
 20
44.7011642456054688
 30
0.0
 10
482.66552734375
 20
44.2285079956054688
 30
0.0
 40
0.0
 40
0.0
 40
0.0
 40
0.0
 40
4.0
 40
4.0
 40
4.0
 40
4.0
  0
SPLINE
  5
126
100
AcDbEntity
  8
mainlayer
 62
1
370
-1
 48
1.0
  6
BYLAYER
100
AcDbSpline
 70
8
 71
3
 72
8
 73
4
 74
0
 10
482.66552734375
 20
44.2285079956054688
 30
0.0
 10
483.6518554687501137
 20
43.973625183105483
 30
0.0
 10
484.5849609374999432
 20
43.5644493103027344
 30
0.0
 10
485.44091796875
 20
43.0126914978027344
 30
0.0
 40
0.0
 40
0.0
 40
0.0
 40
0.0
 40
4.0
 40
4.0
 40
4.0
 40
4.0
  0
SPLINE
  5
127
100
AcDbEntity
  8
mainlayer
 62
1
370
-1
 48
1.0
  6
BYLAYER
100
AcDbSpline
 70
8
 71
3
 72
8
 73
4
 74
0
 10
485.44091796875
 20
43.0126914978027344
 30
0.0
 10
485.9033203125000568
 20
42.7070274353027415
 30
0.0
 10
486.3124999999999432
 20
42.3320274353027273
 30
0.0
 10
486.65771484375
 20
41.8984336853027344
 30
0.0
 40
0.0
 40
0.0
 40
0.0
 40
0.0
 40
4.0
 40
4.0
 40
4.0
 40
4.0
  0
SPLINE
  5
128
100
AcDbEntity
  8
mainlayer
 62
1
370
-1
 48
1.0
  6
BYLAYER
100
AcDbSpline
 70
8
 71
3
 72
8
 73
4
 74
0
 10
486.65771484375
 20
41.8984336853027344
 30
0.0
 10
487.0634765625001137
 20
41.3876914978027415
 30
0.0
 10
487.369140625
 20
40.8115196228027344
 30
0.0
 10
487.56396484375
 20
40.1894493103027344
 30
0.0
 40
0.0
 40
0.0
 40
0.0
 40
0.0
 40
4.0
 40
4.0
 40
4.0
 40
4.0
  0
SPLINE
  5
129
100
AcDbEntity
  8
mainlayer
 62
1
370
-1
 48
1.0
  6
BYLAYER
100
AcDbSpline
 70
8
 71
3
 72
8
 73
4
 74
0
 10
487.56396484375
 20
40.1894493103027344
 30
0.0
 10
487.7250976562500568
 20
39.6435508728027415
 30
0.0
 10
487.7983398437499432
 20
39.0800743103027344
 30
0.0
 10
487.783203125
 20
38.5117149353027344
 30
0.0
 40
0.0
 40
0.0
 40
0.0
 40
0.0
 40
4.0
 40
4.0
 40
4.0
 40
4.0
  0
SPLINE
  5
12A
100
AcDbEntity
  8
mainlayer
 62
1
370
-1
 48
1.0
  6
BYLAYER
100
AcDbSpline
 70
8
 71
3
 72
8
 73
4
 74
0
 10
487.783203125
 20
38.5117149353027344
 30
0.0
 10
487.7666015625000568
 20
37.9042930603027344
 30
0.0
 10
487.64892578125
 20
37.3085899353027344
 30
0.0
 10
487.43359375
 20
36.7412071228027344
 30
0.0
 40
0.0
 40
0.0
 40
0.0
 40
0.0
 40
4.0
 40
4.0
 40
4.0
 40
4.0
  0
SPLINE
  5
12B
100
AcDbEntity
  8
mainlayer
 62
1
370
-1
 48
1.0
  6
BYLAYER
100
AcDbSpline
 70
8
 71
3
 72
8
 73
4
 74
0
 10
487.43359375
 20
36.7412071228027344
 30
0.0
 10
487.2700195312501137
 20
36.3623008728027415
 30
0.0
 10
487.04931640625
 20
36.0146446228027344
 30
0.0
 10
486.77685546875
 20
35.7050743103027344
 30
0.0
 40
0.0
 40
0.0
 40
0.0
 40
0.0
 40
4.0
 40
4.0
 40
4.0
 40
4.0
  0
SPLINE
  5
12C
100
AcDbEntity
  8
mainlayer
 62
1
370
-1
 48
1.0
  6
BYLAYER
100
AcDbSpline
 70
8
 71
3
 72
8
 73
4
 74
0
 10
486.77685546875
 20
35.7050743103027344
 30
0.0
 10
486.5048828125000568
 20
35.3955039978027486
 30
0.0
 10
486.18701171875
 20
35.1328086853027344
 30
0.0
 10
485.83251953125
 20
34.9218711853027344
 30
0.0
 40
0.0
 40
0.0
 40
0.0
 40
0.0
 40
4.0
 40
4.0
 40
4.0
 40
4.0
  0
SPLINE
  5
12D
100
AcDbEntity
  8
mainlayer
 62
1
370
-1
 48
1.0
  6
BYLAYER
100
AcDbSpline
 70
8
 71
3
 72
8
 73
4
 74
0
 10
485.83251953125
 20
34.9218711853027344
 30
0.0
 10
485.6098632812500568
 20
34.7900352478027415
 30
0.0
 10
485.3759765624999432
 20
34.6816368103027344
 30
0.0
 10
485.1318359375
 20
34.5956993103027344
 30
0.0
 40
0.0
 40
0.0
 40
0.0
 40
0.0
 40
4.0
 40
4.0
 40
4.0
 40
4.0
  0
SPLINE
  5
12E
100
AcDbEntity
  8
mainlayer
 62
1
370
-1
 48
1.0
  6
BYLAYER
100
AcDbSpline
 70
8
 71
3
 72
8
 73
4
 74
0
 10
485.1318359375
 20
34.5956993103027344
 30
0.0
 10
484.6123046875001137
 20
34.3925743103027415
 30
0.0
 10
484.07421875
 20
34.2441368103027344
 30
0.0
 10
483.5244140625
 20
34.1503868103027344
 30
0.0
 40
0.0
 40
0.0
 40
0.0
 40
0.0
 40
4.0
 40
4.0
 40
4.0
 40
4.0
  0
LWPOLYLINE
  5
12F
100
AcDbEntity
  8
mainlayer
 62
1
370
-1
 48
1.0
  6
BYLAYER
100
AcDbPolyline
 90
24
 70
0
 10
279.048828125
 20
33.5722618103027344
 10
275.85693359375
 20
33.5722618103027344
 10
275.85693359375
 20
33.5722618103027344
 10
274.013671875
 20
36.7626914978027344
 10
274.013671875
 20
36.7626914978027344
 10
271.78173828125
 20
39.3759727478027344
 10
271.78173828125
 20
39.3759727478027344
 10
269.54345703125
 20
41.1162071228027344
 10
269.54345703125
 20
41.1162071228027344
 10
269.10595703125
 20
41.3505821228027344
 10
269.10595703125
 20
41.3505821228027344
 10
269.10595703125
 20
43.4785118103027344
 10
269.10595703125
 20
43.4785118103027344
 10
296.10986328125
 20
43.4785118103027344
 10
296.10986328125
 20
43.4785118103027344
 10
296.10986328125
 20
40.1757774353027344
 10
296.10986328125
 20
40.1757774353027344
 10
275.06787109375
 20
40.1757774353027344
 10
275.06787109375
 20
40.1757774353027344
 10
276.77392578125
 20
37.9697227478027344
 10
276.77392578125
 20
37.9697227478027344
 10
278.72900390625
 20
34.3671836853027344
 10
278.72900390625
 20
34.3671836853027344
 10
279.048828125
 20
33.5722618103027344
  0
LWPOLYLINE
  5
130
100
AcDbEntity
  8
mainlayer
 62
1
370
-1
 48
1.0
  6
BYLAYER
100
AcDbPolyline
 90
4
 70
0
 10
666.7177734375
 20
87.0468673706054688
 10
666.81201171875
 20
94.8935470581054688
 10
666.81201171875
 20
94.8935470581054688
 10
667.09375
 20
96.5126876831054688
  0
SPLINE
  5
131
100
AcDbEntity
  8
mainlayer
 62
1
370
-1
 48
1.0
  6
BYLAYER
100
AcDbSpline
 70
8
 71
3
 72
8
 73
4
 74
0
 10
667.09375
 20
96.5126876831054688
 30
0.0
 10
667.1972656250001137
 20
96.849601745605483
 30
0.0
 10
667.3525390625
 20
97.1660079956054688
 30
0.0
 10
667.55517578125
 20
97.4540939331054688
 30
0.0
 40
0.0
 40
0.0
 40
0.0
 40
0.0
 40
4.0
 40
4.0
 40
4.0
 40
4.0
  0
SPLINE
  5
132
100
AcDbEntity
  8
mainlayer
 62
1
370
-1
 48
1.0
  6
BYLAYER
100
AcDbSpline
 70
8
 71
3
 72
8
 73
4
 74
0
 10
667.55517578125
 20
97.4540939331054688
 30
0.0
 10
667.8061523437501137
 20
97.8105392456054972
 30
0.0
 10
668.12109375
 20
98.1122970581054688
 30
0.0
 10
668.48828125
 20
98.3476486206054688
 30
0.0
 40
0.0
 40
0.0
 40
0.0
 40
0.0
 40
4.0
 40
4.0
 40
4.0
 40
4.0
  0
LWPOLYLINE
  5
133
100
AcDbEntity
  8
mainlayer
 62
1
370
-1
 48
1.0
  6
BYLAYER
100
AcDbPolyline
 90
14
 70
0
 10
668.48828125
 20
98.3476486206054688
 10
670.19580078125
 20
98.9492111206054688
 10
670.19580078125
 20
98.9492111206054688
 10
672.138671875
 20
98.8173751831054688
 10
672.138671875
 20
98.8173751831054688
 10
673.41943359375
 20
98.1191329956054688
 10
673.41943359375
 20
98.1191329956054688
 10
674.2978515625
 20
96.8925704956054688
 10
674.2978515625
 20
96.8925704956054688
 10
674.7666015625
 20
94.8935470581054688
 10
674.7666015625
 20
94.8935470581054688
 10
674.8447265625
 20
87.0468673706054688
 10
674.8447265625
 20
87.0468673706054688
 10
666.7177734375
 20
87.0468673706054688
  0
LWPOLYLINE
  5
134
100
AcDbEntity
  8
mainlayer
 62
1
370
-1
 48
1.0
  6
BYLAYER
100
AcDbPolyline
 90
8
 70
0
 10
281.525390625
 20
64.5566329956054688
 10
280.337890625
 20
66.6581954956054688
 10
280.337890625
 20
66.6581954956054688
 10
279.0341796875
 20
67.7675704956054688
 10
279.0341796875
 20
67.7675704956054688
 10
277.466796875
 20
68.3808517456054688
 10
277.466796875
 20
68.3808517456054688
 10
276.13232421875
 20
68.5195236206054688
  0
SPLINE
  5
135
100
AcDbEntity
  8
mainlayer
 62
1
370
-1
 48
1.0
  6
BYLAYER
100
AcDbSpline
 70
8
 71
3
 72
8
 73
4
 74
0
 10
276.13232421875
 20
68.5195236206054688
 30
0.0
 10
275.4082031250000568
 20
68.517570495605483
 30
0.0
 10
274.69287109375
 20
68.4033126831054688
 30
0.0
 10
274.0048828125
 20
68.1777267456054688
 30
0.0
 40
0.0
 40
0.0
 40
0.0
 40
0.0
 40
4.0
 40
4.0
 40
4.0
 40
4.0
  0
SPLINE
  5
136
100
AcDbEntity
  8
mainlayer
 62
1
370
-1
 48
1.0
  6
BYLAYER
100
AcDbSpline
 70
8
 71
3
 72
8
 73
4
 74
0
 10
274.0048828125
 20
68.1777267456054688
 30
0.0
 10
273.3168945312500568
 20
67.952140808105483
 30
0.0
 10
272.67236328125
 20
67.6220626831054688
 30
0.0
 10
272.08740234375
 20
67.1953048706054688
 30
0.0
 40
0.0
 40
0.0
 40
0.0
 40
0.0
 40
4.0
 40
4.0
 40
4.0
 40
4.0
  0
SPLINE
  5
137
100
AcDbEntity
  8
mainlayer
 62
1
370
-1
 48
1.0
  6
BYLAYER
100
AcDbSpline
 70
8
 71
3
 72
8
 73
4
 74
0
 10
272.08740234375
 20
67.1953048706054688
 30
0.0
 10
271.7509765625000568
 20
66.950187683105483
 30
0.0
 10
271.43798828125
 20
66.6747970581054688
 30
0.0
 10
271.1513671875
 20
66.3730392456054688
 30
0.0
 40
0.0
 40
0.0
 40
0.0
 40
0.0
 40
4.0
 40
4.0
 40
4.0
 40
4.0
  0
LWPOLYLINE
  5
138
100
AcDbEntity
  8
mainlayer
 62
1
370
-1
 48
1.0
  6
BYLAYER
100
AcDbPolyline
 90
12
 70
0
 10
271.1513671875
 20
66.3730392456054688
 10
269.90478515625
 20
64.5693283081054688
 10
269.90478515625
 20
64.5693283081054688
 10
269.23388671875
 20
62.3788986206054688
 10
269.23388671875
 20
62.3788986206054688
 10
269.13720703125
 20
59.8496017456054688
 10
269.13720703125
 20
59.8496017456054688
 10
269.60595703125
 20
57.5488204956054688
 10
269.60595703125
 20
57.5488204956054688
 10
270.63671875
 20
55.6396408081054688
 10
270.63671875
 20
55.6396408081054688
 10
271.10546875
 20
55.0908126831054688
  0
SPLINE
  5
139
100
AcDbEntity
  8
mainlayer
 62
1
370
-1
 48
1.0
  6
BYLAYER
100
AcDbSpline
 70
8
 71
3
 72
8
 73
4
 74
0
 10
271.10546875
 20
55.0908126831054688
 30
0.0
 10
271.5981445312500568
 20
54.573234558105483
 30
0.0
 10
272.16552734375
 20
54.1386642456054688
 30
0.0
 10
272.79345703125
 20
53.7988204956054688
 30
0.0
 40
0.0
 40
0.0
 40
0.0
 40
0.0
 40
4.0
 40
4.0
 40
4.0
 40
4.0
  0
SPLINE
  5
13A
100
AcDbEntity
  8
mainlayer
 62
1
370
-1
 48
1.0
  6
BYLAYER
100
AcDbSpline
 70
8
 71
3
 72
8
 73
4
 74
0
 10
272.79345703125
 20
53.7988204956054688
 30
0.0
 10
273.4218750000000568
 20
53.4589767456054759
 30
0.0
 10
274.095703125
 20
53.2216720581054616
 30
0.0
 10
274.79833984375
 20
53.0927658081054688
 30
0.0
 40
0.0
 40
0.0
 40
0.0
 40
0.0
 40
4.0
 40
4.0
 40
4.0
 40
4.0
  0
SPLINE
  5
13B
100
AcDbEntity
  8
mainlayer
 62
1
370
-1
 48
1.0
  6
BYLAYER
100
AcDbSpline
 70
8
 71
3
 72
8
 73
4
 74
0
 10
274.79833984375
 20
53.0927658081054688
 30
0.0
 10
275.2080078125000568
 20
53.016593933105483
 30
0.0
 10
275.62353515625
 20
52.9794845581054688
 30
0.0
 10
276.04052734375
 20
52.9804611206054688
 30
0.0
 40
0.0
 40
0.0
 40
0.0
 40
0.0
 40
4.0
 40
4.0
 40
4.0
 40
4.0
  0
LWPOLYLINE
  5
13C
100
AcDbEntity
  8
mainlayer
 62
1
370
-1
 48
1.0
  6
BYLAYER
100
AcDbPolyline
 90
46
 70
0
 10
276.04052734375
 20
52.9804611206054688
 10
277.84716796875
 20
53.2285079956054688
 10
277.84716796875
 20
53.2285079956054688
 10
279.37890625
 20
53.9716720581054688
 10
279.37890625
 20
53.9716720581054688
 10
280.61279296875
 20
55.2285079956054688
 10
280.61279296875
 20
55.2285079956054688
 10
281.525390625
 20
57.0165939331054688
 10
281.525390625
 20
57.0165939331054688
 10
282.44970703125
 20
54.8408126831054688
 10
282.44970703125
 20
54.8408126831054688
 10
283.9375
 20
53.2285079956054688
 10
283.9375
 20
53.2285079956054688
 10
285.92138671875
 20
52.2314376831054688
 10
285.92138671875
 20
52.2314376831054688
 10
288.33154296875
 20
51.8984298706054688
 10
288.33154296875
 20
51.8984298706054688
 10
290.80908203125
 20
52.2412033081054688
 10
290.80908203125
 20
52.2412033081054688
 10
292.95947265625
 20
53.2714767456054688
 10
292.95947265625
 20
53.2714767456054688
 10
294.76318359375
 20
54.9726486206054688
 10
294.76318359375
 20
54.9726486206054688
 10
295.97900390625
 20
57.1640548706054688
 10
295.97900390625
 20
57.1640548706054688
 10
296.53173828125
 20
59.7880783081054688
 10
296.53173828125
 20
59.7880783081054688
 10
296.42138671875
 20
62.6533126831054688
 10
296.42138671875
 20
62.6533126831054688
 10
295.65087890625
 20
65.1337814331054688
 10
295.65087890625
 20
65.1337814331054688
 10
294.22021484375
 20
67.1796798706054688
 10
294.22021484375
 20
67.1796798706054688
 10
292.30419921875
 20
68.6669845581054688
 10
292.30419921875
 20
68.6669845581054688
 10
290.07861328125
 20
69.4677658081054688
 10
290.07861328125
 20
69.4677658081054688
 10
287.81005859375
 20
69.5996017456054688
 10
287.81005859375
 20
69.5996017456054688
 10
285.57666015625
 20
69.1142501831054688
 10
285.57666015625
 20
69.1142501831054688
 10
283.6962890625
 20
67.9843673706054688
 10
283.6962890625
 20
67.9843673706054688
 10
282.27001953125
 20
66.2480392456054688
 10
282.27001953125
 20
66.2480392456054688
 10
281.525390625
 20
64.5566329956054688
  0
LWPOLYLINE
  5
13D
100
AcDbEntity
  8
mainlayer
 62
1
370
-1
 48
1.0
  6
BYLAYER
100
AcDbPolyline
 90
10
 70
0
 10
690.43798828125
 20
93.7421798706054688
 10
690.43798828125
 20
83.4872970581054688
 10
690.43798828125
 20
83.4872970581054688
 10
663.5439453125
 20
83.4872970581054688
 10
663.5439453125
 20
83.4872970581054688
 10
663.65869140625
 20
95.7177658081054688
 10
663.65869140625
 20
95.7177658081054688
 10
664.1689453125
 20
98.0371017456054688
 10
664.1689453125
 20
98.0371017456054688
 10
664.3603515625
 20
98.5214767456054688
  0
SPLINE
  5
13E
100
AcDbEntity
  8
mainlayer
 62
1
370
-1
 48
1.0
  6
BYLAYER
100
AcDbSpline
 70
8
 71
3
 72
8
 73
4
 74
0
 10
664.3603515625
 20
98.5214767456054688
 30
0.0
 10
664.6333007812502274
 20
99.148429870605483
 30
0.0
 10
665.0009765625
 20
99.724601745605483
 30
0.0
 10
665.4541015625
 20
100.2372970581054688
 30
0.0
 40
0.0
 40
0.0
 40
0.0
 40
0.0
 40
4.0
 40
4.0
 40
4.0
 40
4.0
  0
SPLINE
  5
13F
100
AcDbEntity
  8
mainlayer
 62
1
370
-1
 48
1.0
  6
BYLAYER
100
AcDbSpline
 70
8
 71
3
 72
8
 73
4
 74
0
 10
665.4541015625
 20
100.2372970581054688
 30
0.0
 10
665.8681640625001137
 20
100.704093933105483
 30
0.0
 10
666.34423828125
 20
101.1074142456054688
 30
0.0
 10
666.87353515625
 20
101.4384689331054688
 30
0.0
 40
0.0
 40
0.0
 40
0.0
 40
0.0
 40
4.0
 40
4.0
 40
4.0
 40
4.0
  0
LWPOLYLINE
  5
140
100
AcDbEntity
  8
mainlayer
 62
1
370
-1
 48
1.0
  6
BYLAYER
100
AcDbPolyline
 90
4
 70
0
 10
666.87353515625
 20
101.4384689331054688
 10
669.0556640625
 20
102.3447189331054688
 10
669.0556640625
 20
102.3447189331054688
 10
670.42333984375
 20
102.4931564331054688
  0
SPLINE
  5
141
100
AcDbEntity
  8
mainlayer
 62
1
370
-1
 48
1.0
  6
BYLAYER
100
AcDbSpline
 70
8
 71
3
 72
8
 73
4
 74
0
 10
670.42333984375
 20
102.4931564331054688
 30
0.0
 10
671.0766601562501137
 20
102.490226745605483
 30
0.0
 10
671.72119140625
 20
102.3847579956054688
 30
0.0
 10
672.34130859375
 20
102.1796798706054688
 30
0.0
 40
0.0
 40
0.0
 40
0.0
 40
0.0
 40
4.0
 40
4.0
 40
4.0
 40
4.0
  0
SPLINE
  5
142
100
AcDbEntity
  8
mainlayer
 62
1
370
-1
 48
1.0
  6
BYLAYER
100
AcDbSpline
 70
8
 71
3
 72
8
 73
4
 74
0
 10
672.34130859375
 20
102.1796798706054688
 30
0.0
 10
672.8076171875001137
 20
102.025382995605483
 30
0.0
 10
673.2529296875
 20
101.8173751831054688
 30
0.0
 10
673.67041015625
 20
101.5576095581054688
 30
0.0
 40
0.0
 40
0.0
 40
0.0
 40
0.0
 40
4.0
 40
4.0
 40
4.0
 40
4.0
  0
LWPOLYLINE
  5
143
100
AcDbEntity
  8
mainlayer
 62
1
370
-1
 48
1.0
  6
BYLAYER
100
AcDbPolyline
 90
12
 70
0
 10
673.67041015625
 20
101.5576095581054688
 10
675.04638671875
 20
100.3837814331054688
 10
675.04638671875
 20
100.3837814331054688
 10
676.12890625
 20
98.7324142456054688
 10
676.12890625
 20
98.7324142456054688
 10
677.0966796875
 20
100.8906173706054688
 10
677.0966796875
 20
100.8906173706054688
 10
678.56884765625
 20
102.4843673706054688
 10
678.56884765625
 20
102.4843673706054688
 10
680.44921875
 20
103.4677658081054688
 10
680.44921875
 20
103.4677658081054688
 10
682.64111328125
 20
103.7958908081054688
  0
SPLINE
  5
144
100
AcDbEntity
  8
mainlayer
 62
1
370
-1
 48
1.0
  6
BYLAYER
100
AcDbSpline
 70
8
 71
3
 72
8
 73
4
 74
0
 10
682.64111328125
 20
103.7958908081054688
 30
0.0
 10
683.4775390625002274
 20
103.7997970581054972
 30
0.0
 10
684.30419921875
 20
103.6738204956054688
 30
0.0
 10
685.1005859375
 20
103.4189376831054688
 30
0.0
 40
0.0
 40
0.0
 40
0.0
 40
0.0
 40
4.0
 40
4.0
 40
4.0
 40
4.0
  0
SPLINE
  5
145
100
AcDbEntity
  8
mainlayer
 62
1
370
-1
 48
1.0
  6
BYLAYER
100
AcDbSpline
 70
8
 71
3
 72
8
 73
4
 74
0
 10
685.1005859375
 20
103.4189376831054688
 30
0.0
 10
685.4614257812501137
 20
103.303703308105483
 30
0.0
 10
685.8134765625
 20
103.1630783081054688
 30
0.0
 10
686.154296875
 20
102.9980392456054688
 30
0.0
 40
0.0
 40
0.0
 40
0.0
 40
0.0
 40
4.0
 40
4.0
 40
4.0
 40
4.0
  0
LWPOLYLINE
  5
146
100
AcDbEntity
  8
mainlayer
 62
1
370
-1
 48
1.0
  6
BYLAYER
100
AcDbPolyline
 90
10
 70
0
 10
686.154296875
 20
102.9980392456054688
 10
687.8935546875
 20
101.8535079956054688
 10
687.8935546875
 20
101.8535079956054688
 10
689.07177734375
 20
100.4013595581054688
 10
689.07177734375
 20
100.4013595581054688
 10
689.98828125
 20
98.0810470581054688
 10
689.98828125
 20
98.0810470581054688
 10
690.40966796875
 20
94.9765548706054688
 10
690.40966796875
 20
94.9765548706054688
 10
690.43798828125
 20
93.7421798706054688
  0
LWPOLYLINE
  5
147
100
AcDbEntity
  8
mainlayer
 62
1
370
-1
 48
1.0
  6
BYLAYER
100
AcDbPolyline
 90
22
 70
0
 10
283.68994140625
 20
77.5820236206054688
 10
283.802734375
 20
86.0683517456054688
 10
283.802734375
 20
86.0683517456054688
 10
284.26220703125
 20
88.0683517456054688
 10
284.26220703125
 20
88.0683517456054688
 10
285.185546875
 20
89.4501876831054688
 10
285.185546875
 20
89.4501876831054688
 10
286.5869140625
 20
90.3427658081054688
 10
286.5869140625
 20
90.3427658081054688
 10
288.31298828125
 20
90.6435470581054688
 10
288.31298828125
 20
90.6435470581054688
 10
290.06884765625
 20
90.3437423706054688
 10
290.06884765625
 20
90.3437423706054688
 10
291.443359375
 20
89.5058517456054688
 10
291.443359375
 20
89.5058517456054688
 10
292.3125
 20
88.3154220581054688
 10
292.3125
 20
88.3154220581054688
 10
292.86376953125
 20
86.2861251831054688
 10
292.86376953125
 20
86.2861251831054688
 10
292.93603515625
 20
77.5820236206054688
 10
292.93603515625
 20
77.5820236206054688
 10
283.68994140625
 20
77.5820236206054688
  0
LWPOLYLINE
  5
148
100
AcDbEntity
  8
mainlayer
 62
1
370
-1
 48
1.0
  6
BYLAYER
100
AcDbPolyline
 90
4
 70
0
 10
272.3896484375
 20
77.5820236206054688
 10
272.4833984375
 20
85.4287033081054688
 10
272.4833984375
 20
85.4287033081054688
 10
272.765625
 20
87.0478439331054688
  0
SPLINE
  5
149
100
AcDbEntity
  8
mainlayer
 62
1
370
-1
 48
1.0
  6
BYLAYER
100
AcDbSpline
 70
8
 71
3
 72
8
 73
4
 74
0
 10
272.765625
 20
87.0478439331054688
 30
0.0
 10
272.8691406250000568
 20
87.383781433105483
 30
0.0
 10
273.0239257812499432
 20
87.7001876831054688
 30
0.0
 10
273.2265625
 20
87.9882736206054688
 30
0.0
 40
0.0
 40
0.0
 40
0.0
 40
0.0
 40
4.0
 40
4.0
 40
4.0
 40
4.0
  0
SPLINE
  5
14A
100
AcDbEntity
  8
mainlayer
 62
1
370
-1
 48
1.0
  6
BYLAYER
100
AcDbSpline
 70
8
 71
3
 72
8
 73
4
 74
0
 10
273.2265625
 20
87.9882736206054688
 30
0.0
 10
273.4775390625000568
 20
88.344718933105483
 30
0.0
 10
273.79248046875
 20
88.6464767456054545
 30
0.0
 10
274.15966796875
 20
88.8818283081054688
 30
0.0
 40
0.0
 40
0.0
 40
0.0
 40
0.0
 40
4.0
 40
4.0
 40
4.0
 40
4.0
  0
LWPOLYLINE
  5
14B
100
AcDbEntity
  8
mainlayer
 62
1
370
-1
 48
1.0
  6
BYLAYER
100
AcDbPolyline
 90
14
 70
0
 10
274.15966796875
 20
88.8818283081054688
 10
275.86767578125
 20
89.4843673706054688
 10
275.86767578125
 20
89.4843673706054688
 10
277.810546875
 20
89.3525314331054688
 10
277.810546875
 20
89.3525314331054688
 10
279.09130859375
 20
88.6542892456054688
 10
279.09130859375
 20
88.6542892456054688
 10
279.9697265625
 20
87.4277267456054688
 10
279.9697265625
 20
87.4277267456054688
 10
280.4384765625
 20
85.4287033081054688
 10
280.4384765625
 20
85.4287033081054688
 10
280.51611328125
 20
77.5820236206054688
 10
280.51611328125
 20
77.5820236206054688
 10
272.3896484375
 20
77.5820236206054688
  0
LWPOLYLINE
  5
14C
100
AcDbEntity
  8
mainlayer
 62
1
370
-1
 48
1.0
  6
BYLAYER
100
AcDbPolyline
 90
22
 70
0
 10
1230.72119140625
 20
1817.919921875
 10
1224.2822265625
 20
1817.919921875
 10
1224.2822265625
 20
1817.919921875
 10
1224.2822265625
 20
1821.5517578125
 10
1224.2822265625
 20
1821.5517578125
 10
1221.25537109375
 20
1821.5517578125
 10
1221.25537109375
 20
1821.5517578125
 10
1221.25537109375
 20
1817.919921875
 10
1221.25537109375
 20
1817.919921875
 10
1203.82763671875
 20
1817.919921875
 10
1203.82763671875
 20
1817.919921875
 10
1203.82763671875
 20
1815.22265625
 10
1203.82763671875
 20
1815.22265625
 10
1221.25537109375
 20
1802.9501953125
 10
1221.25537109375
 20
1802.9501953125
 10
1224.2822265625
 20
1802.9501953125
 10
1224.2822265625
 20
1802.9501953125
 10
1224.2822265625
 20
1814.6171875
 10
1224.2822265625
 20
1814.6171875
 10
1230.72119140625
 20
1814.6171875
 10
1230.72119140625
 20
1814.6171875
 10
1230.72119140625
 20
1817.919921875
  0
LWPOLYLINE
  5
14D
100
AcDbEntity
  8
mainlayer
 62
1
370
-1
 48
1.0
  6
BYLAYER
100
AcDbPolyline
 90
8
 70
0
 10
1211.78955078125
 20
1834.0263671875
 10
1219.677734375
 20
1831.0732421875
 10
1219.677734375
 20
1831.0732421875
 10
1219.677734375
 20
1840.1904296875
 10
1219.677734375
 20
1840.1904296875
 10
1207.21728515625
 20
1835.6416015625
 10
1207.21728515625
 20
1835.6416015625
 10
1206.65283203125
 20
1835.4755859375
  0
SPLINE
  5
14E
100
AcDbEntity
  8
mainlayer
 62
1
370
-1
 48
1.0
  6
BYLAYER
100
AcDbSpline
 70
8
 71
3
 72
8
 73
4
 74
0
 10
1206.65283203125
 20
1835.4755859375
 30
0.0
 10
1208.4008789062502274
 20
1835.1269531250004547
 30
0.0
 10
1210.11669921875
 20
1834.642578125
 30
0.0
 10
1211.78955078125
 20
1834.0263671875
 30
0.0
 40
0.0
 40
0.0
 40
0.0
 40
0.0
 40
4.0
 40
4.0
 40
4.0
 40
4.0
  0
LWPOLYLINE
  5
14F
100
AcDbEntity
  8
mainlayer
 62
1
370
-1
 48
1.0
  6
BYLAYER
100
AcDbPolyline
 90
16
 70
0
 10
1230.72119140625
 20
1844.4287109375
 10
1222.576171875
 20
1841.291015625
 10
1222.576171875
 20
1841.291015625
 10
1222.576171875
 20
1830.0458984375
 10
1222.576171875
 20
1830.0458984375
 10
1230.72119140625
 20
1827.091796875
 10
1230.72119140625
 20
1827.091796875
 10
1230.72119140625
 20
1823.3134765625
 10
1230.72119140625
 20
1823.3134765625
 10
1203.82763671875
 20
1833.6416015625
 10
1203.82763671875
 20
1833.6416015625
 10
1203.82763671875
 20
1837.4755859375
 10
1203.82763671875
 20
1837.4755859375
 10
1230.72119140625
 20
1848.482421875
 10
1230.72119140625
 20
1848.482421875
 10
1230.72119140625
 20
1844.4287109375
  0
LWPOLYLINE
  5
150
100
AcDbEntity
  8
mainlayer
 62
1
370
-1
 48
1.0
  6
BYLAYER
100
AcDbPolyline
 90
6
 70
0
 10
1221.25537109375
 20
1806.1982421875
 10
1221.25537109375
 20
1814.6171875
 10
1221.25537109375
 20
1814.6171875
 10
1209.12939453125
 20
1814.6171875
 10
1209.12939453125
 20
1814.6171875
 10
1221.25537109375
 20
1806.1982421875
  0
SPLINE
  5
151
100
AcDbEntity
  8
mainlayer
 62
1
370
-1
 48
1.0
  6
BYLAYER
100
AcDbSpline
 70
8
 71
3
 72
8
 73
4
 74
0
 10
1227.5478515625
 20
1787.3017578125
 30
0.0
 10
1226.9038085937502274
 20
1787.7031250000004547
 30
0.0
 10
1226.3056640625
 20
1788.169921875
 30
0.0
 10
1225.75927734375
 20
1788.6962890625
 30
0.0
 40
0.0
 40
0.0
 40
0.0
 40
0.0
 40
4.0
 40
4.0
 40
4.0
 40
4.0
  0
LWPOLYLINE
  5
152
100
AcDbEntity
  8
mainlayer
 62
1
370
-1
 48
1.0
  6
BYLAYER
100
AcDbPolyline
 90
6
 70
0
 10
1225.75927734375
 20
1788.6962890625
 10
1218.583984375
 20
1796.7099609375
 10
1218.583984375
 20
1796.7099609375
 10
1215.9580078125
 20
1798.9169921875
 10
1215.9580078125
 20
1798.9169921875
 10
1214.357421875
 20
1799.794921875
  0
SPLINE
  5
153
100
AcDbEntity
  8
mainlayer
 62
1
370
-1
 48
1.0
  6
BYLAYER
100
AcDbSpline
 70
8
 71
3
 72
8
 73
4
 74
0
 10
1214.357421875
 20
1799.794921875
 30
0.0
 10
1213.3510742187502274
 20
1800.2265625000004547
 30
0.0
 10
1212.279296875
 20
1800.44921875
 30
0.0
 10
1211.18408203125
 20
1800.455078125
 30
0.0
 40
0.0
 40
0.0
 40
0.0
 40
0.0
 40
4.0
 40
4.0
 40
4.0
 40
4.0
  0
LWPOLYLINE
  5
154
100
AcDbEntity
  8
mainlayer
 62
1
370
-1
 48
1.0
  6
BYLAYER
100
AcDbPolyline
 90
22
 70
0
 10
1211.18408203125
 20
1800.455078125
 10
1208.9482421875
 20
1800.1376953125
 10
1208.9482421875
 20
1800.1376953125
 10
1207.00146484375
 20
1799.185546875
 10
1207.00146484375
 20
1799.185546875
 10
1205.36083984375
 20
1797.609375
 10
1205.36083984375
 20
1797.609375
 10
1204.25390625
 20
1795.5390625
 10
1204.25390625
 20
1795.5390625
 10
1203.7509765625
 20
1793.013671875
 10
1203.7509765625
 20
1793.013671875
 10
1203.841796875
 20
1790.251953125
 10
1203.841796875
 20
1790.251953125
 10
1204.4951171875
 20
1787.8876953125
 10
1204.4951171875
 20
1787.8876953125
 10
1205.7080078125
 20
1785.962890625
 10
1205.7080078125
 20
1785.962890625
 10
1207.45458984375
 20
1784.52734375
 10
1207.45458984375
 20
1784.52734375
 10
1209.7099609375
 20
1783.6337890625
 10
1209.7099609375
 20
1783.6337890625
 10
1211.49560546875
 20
1783.33984375
  0
SPLINE
  5
155
100
AcDbEntity
  8
mainlayer
 62
1
370
-1
 48
1.0
  6
BYLAYER
100
AcDbSpline
 70
8
 71
3
 72
8
 73
4
 74
0
 10
1211.49560546875
 20
1783.33984375
 30
0.0
 10
1211.5151367187502274
 20
1783.5283203125004547
 30
0.0
 10
1211.53466796875
 20
1783.716796875
 30
0.0
 10
1211.5537109375
 20
1783.90625
 30
0.0
 40
0.0
 40
0.0
 40
0.0
 40
0.0
 40
4.0
 40
4.0
 40
4.0
 40
4.0
  0
SPLINE
  5
156
100
AcDbEntity
  8
mainlayer
 62
1
370
-1
 48
1.0
  6
BYLAYER
100
AcDbSpline
 70
8
 71
3
 72
8
 73
4
 74
0
 10
1211.5537109375
 20
1783.90625
 30
0.0
 10
1211.5732421875002274
 20
1784.0937500000004547
 30
0.0
 10
1211.59228515625
 20
1784.2822265625
 30
0.0
 10
1211.61181640625
 20
1784.470703125
 30
0.0
 40
0.0
 40
0.0
 40
0.0
 40
0.0
 40
4.0
 40
4.0
 40
4.0
 40
4.0
  0
LWPOLYLINE
  5
157
100
AcDbEntity
  8
mainlayer
 62
1
370
-1
 48
1.0
  6
BYLAYER
100
AcDbPolyline
 90
2
 70
0
 10
1211.61181640625
 20
1784.470703125
 10
1211.69921875
 20
1785.318359375
  0
SPLINE
  5
158
100
AcDbEntity
  8
mainlayer
 62
1
370
-1
 48
1.0
  6
BYLAYER
100
AcDbSpline
 70
8
 71
3
 72
8
 73
4
 74
0
 10
1211.69921875
 20
1785.318359375
 30
0.0
 10
1211.7280273437502274
 20
1785.6015625000002274
 30
0.0
 10
1211.75732421875
 20
1785.8847656249997726
 30
0.0
 10
1211.7861328125
 20
1786.16796875
 30
0.0
 40
0.0
 40
0.0
 40
0.0
 40
0.0
 40
4.0
 40
4.0
 40
4.0
 40
4.0
  0
LWPOLYLINE
  5
159
100
AcDbEntity
  8
mainlayer
 62
1
370
-1
 48
1.0
  6
BYLAYER
100
AcDbPolyline
 90
16
 70
0
 10
1211.7861328125
 20
1786.16796875
 10
1211.84423828125
 20
1786.7333984375
 10
1211.84423828125
 20
1786.7333984375
 10
1209.587890625
 20
1787.1044921875
 10
1209.587890625
 20
1787.1044921875
 10
1208.2568359375
 20
1787.8466796875
 10
1208.2568359375
 20
1787.8466796875
 10
1207.255859375
 20
1788.9580078125
 10
1207.255859375
 20
1788.9580078125
 10
1206.65185546875
 20
1790.34375
 10
1206.65185546875
 20
1790.34375
 10
1206.4716796875
 20
1792.548828125
 10
1206.4716796875
 20
1792.548828125
 10
1206.9775390625
 20
1794.4853515625
 10
1206.9775390625
 20
1794.4853515625
 10
1207.79931640625
 20
1795.658203125
  0
SPLINE
  5
15A
100
AcDbEntity
  8
mainlayer
 62
1
370
-1
 48
1.0
  6
BYLAYER
100
AcDbSpline
 70
8
 71
3
 72
8
 73
4
 74
0
 10
1207.79931640625
 20
1795.658203125
 30
0.0
 10
1208.1342773437502274
 20
1796.0048828125002274
 30
0.0
 10
1208.51904296875
 20
1796.2958984375
 30
0.0
 10
1208.9453125
 20
1796.5224609375
 30
0.0
 40
0.0
 40
0.0
 40
0.0
 40
0.0
 40
4.0
 40
4.0
 40
4.0
 40
4.0
  0
SPLINE
  5
15B
100
AcDbEntity
  8
mainlayer
 62
1
370
-1
 48
1.0
  6
BYLAYER
100
AcDbSpline
 70
8
 71
3
 72
8
 73
4
 74
0
 10
1208.9453125
 20
1796.5224609375
 30
0.0
 10
1209.3710937500002274
 20
1796.7500000000004547
 30
0.0
 10
1209.8271484375
 20
1796.9072265625
 30
0.0
 10
1210.30224609375
 20
1796.9912109375
 30
0.0
 40
0.0
 40
0.0
 40
0.0
 40
0.0
 40
4.0
 40
4.0
 40
4.0
 40
4.0
  0
SPLINE
  5
15C
100
AcDbEntity
  8
mainlayer
 62
1
370
-1
 48
1.0
  6
BYLAYER
100
AcDbSpline
 70
8
 71
3
 72
8
 73
4
 74
0
 10
1210.30224609375
 20
1796.9912109375
 30
0.0
 10
1210.5688476562504547
 20
1797.0390625000004547
 30
0.0
 10
1210.8393554687497726
 20
1797.0625
 30
0.0
 10
1211.1103515625
 20
1797.0615234375
 30
0.0
 40
0.0
 40
0.0
 40
0.0
 40
0.0
 40
4.0
 40
4.0
 40
4.0
 40
4.0
  0
LWPOLYLINE
  5
15D
100
AcDbEntity
  8
mainlayer
 62
1
370
-1
 48
1.0
  6
BYLAYER
100
AcDbPolyline
 90
12
 70
0
 10
1211.1103515625
 20
1797.0615234375
 10
1213.0390625
 20
1796.67578125
 10
1213.0390625
 20
1796.67578125
 10
1215.3505859375
 20
1795.31640625
 10
1215.3505859375
 20
1795.31640625
 10
1218.67724609375
 20
1792.0576171875
 10
1218.67724609375
 20
1792.0576171875
 10
1223.93603515625
 20
1786.10546875
 10
1223.93603515625
 20
1786.10546875
 10
1226.62548828125
 20
1783.9833984375
 10
1226.62548828125
 20
1783.9833984375
 10
1228.42822265625
 20
1783.1005859375
  0
SPLINE
  5
15E
100
AcDbEntity
  8
mainlayer
 62
1
370
-1
 48
1.0
  6
BYLAYER
100
AcDbSpline
 70
8
 71
3
 72
8
 73
4
 74
0
 10
1228.42822265625
 20
1783.1005859375
 30
0.0
 10
1229.1616210937502274
 20
1782.8203125000004547
 30
0.0
 10
1229.9365234375
 20
1782.6904296875
 30
0.0
 10
1230.72119140625
 20
1782.7158203125
 30
0.0
 40
0.0
 40
0.0
 40
0.0
 40
0.0
 40
4.0
 40
4.0
 40
4.0
 40
4.0
  0
LWPOLYLINE
  5
15F
100
AcDbEntity
  8
mainlayer
 62
1
370
-1
 48
1.0
  6
BYLAYER
100
AcDbPolyline
 90
6
 70
0
 10
1230.72119140625
 20
1782.7158203125
 10
1230.72119140625
 20
1800.4921875
 10
1230.72119140625
 20
1800.4921875
 10
1227.5478515625
 20
1800.4921875
 10
1227.5478515625
 20
1800.4921875
 10
1227.5478515625
 20
1787.3017578125
  0
SPLINE
  5
160
100
AcDbEntity
  8
mainlayer
 62
1
370
-1
 48
1.0
  6
BYLAYER
100
AcDbSpline
 70
8
 71
3
 72
8
 73
4
 74
0
 10
1358.71044921875
 20
1719.2744140625
 30
0.0
 10
1358.0668945312502274
 20
1719.6757812500004547
 30
0.0
 10
1357.46826171875
 20
1720.1416015625
 30
0.0
 10
1356.921875
 20
1720.66796875
 30
0.0
 40
0.0
 40
0.0
 40
0.0
 40
0.0
 40
4.0
 40
4.0
 40
4.0
 40
4.0
  0
LWPOLYLINE
  5
161
100
AcDbEntity
  8
mainlayer
 62
1
370
-1
 48
1.0
  6
BYLAYER
100
AcDbPolyline
 90
6
 70
0
 10
1356.921875
 20
1720.66796875
 10
1349.74658203125
 20
1728.681640625
 10
1349.74658203125
 20
1728.681640625
 10
1347.12109375
 20
1730.888671875
 10
1347.12109375
 20
1730.888671875
 10
1345.5205078125
 20
1731.7666015625
  0
SPLINE
  5
162
100
AcDbEntity
  8
mainlayer
 62
1
370
-1
 48
1.0
  6
BYLAYER
100
AcDbSpline
 70
8
 71
3
 72
8
 73
4
 74
0
 10
1345.5205078125
 20
1731.7666015625
 30
0.0
 10
1344.5141601562502274
 20
1732.1992187500004547
 30
0.0
 10
1343.4418945312497726
 20
1732.421875
 30
0.0
 10
1342.3466796875
 20
1732.427734375
 30
0.0
 40
0.0
 40
0.0
 40
0.0
 40
0.0
 40
4.0
 40
4.0
 40
4.0
 40
4.0
  0
LWPOLYLINE
  5
163
100
AcDbEntity
  8
mainlayer
 62
1
370
-1
 48
1.0
  6
BYLAYER
100
AcDbPolyline
 90
24
 70
0
 10
1342.3466796875
 20
1732.427734375
 10
1340.11083984375
 20
1732.109375
 10
1340.11083984375
 20
1732.109375
 10
1338.1640625
 20
1731.158203125
 10
1338.1640625
 20
1731.158203125
 10
1336.5234375
 20
1729.58203125
 10
1336.5234375
 20
1729.58203125
 10
1335.4169921875
 20
1727.5107421875
 10
1335.4169921875
 20
1727.5107421875
 10
1334.9140625
 20
1724.9853515625
 10
1334.9140625
 20
1724.9853515625
 10
1335.0048828125
 20
1722.2236328125
 10
1335.0048828125
 20
1722.2236328125
 10
1335.65771484375
 20
1719.859375
 10
1335.65771484375
 20
1719.859375
 10
1336.87060546875
 20
1717.9345703125
 10
1336.87060546875
 20
1717.9345703125
 10
1338.61767578125
 20
1716.5
 10
1338.61767578125
 20
1716.5
 10
1340.873046875
 20
1715.60546875
 10
1340.873046875
 20
1715.60546875
 10
1342.65869140625
 20
1715.3115234375
 10
1342.65869140625
 20
1715.3115234375
 10
1342.77490234375
 20
1716.4423828125
  0
SPLINE
  5
164
100
AcDbEntity
  8
mainlayer
 62
1
370
-1
 48
1.0
  6
BYLAYER
100
AcDbSpline
 70
8
 71
3
 72
8
 73
4
 74
0
 10
1342.77490234375
 20
1716.4423828125
 30
0.0
 10
1342.7944335937502274
 20
1716.6318359375002274
 30
0.0
 10
1342.8134765625
 20
1716.8203125
 30
0.0
 10
1342.8330078125
 20
1717.0087890625
 30
0.0
 40
0.0
 40
0.0
 40
0.0
 40
0.0
 40
4.0
 40
4.0
 40
4.0
 40
4.0
  0
LWPOLYLINE
  5
165
100
AcDbEntity
  8
mainlayer
 62
1
370
-1
 48
1.0
  6
BYLAYER
100
AcDbPolyline
 90
2
 70
0
 10
1342.8330078125
 20
1717.0087890625
 10
1342.86181640625
 20
1717.291015625
  0
SPLINE
  5
166
100
AcDbEntity
  8
mainlayer
 62
1
370
-1
 48
1.0
  6
BYLAYER
100
AcDbSpline
 70
8
 71
3
 72
8
 73
4
 74
0
 10
1342.86181640625
 20
1717.291015625
 30
0.0
 10
1342.9106445312504547
 20
1717.7617187500002274
 30
0.0
 10
1342.958984375
 20
1718.2333984374997726
 30
0.0
 10
1343.0068359375
 20
1718.705078125
 30
0.0
 40
0.0
 40
0.0
 40
0.0
 40
0.0
 40
4.0
 40
4.0
 40
4.0
 40
4.0
  0
LWPOLYLINE
  5
167
100
AcDbEntity
  8
mainlayer
 62
1
370
-1
 48
1.0
  6
BYLAYER
100
AcDbPolyline
 90
14
 70
0
 10
1343.0068359375
 20
1718.705078125
 10
1340.75048828125
 20
1719.0771484375
 10
1340.75048828125
 20
1719.0771484375
 10
1339.41943359375
 20
1719.818359375
 10
1339.41943359375
 20
1719.818359375
 10
1338.41845703125
 20
1720.9296875
 10
1338.41845703125
 20
1720.9296875
 10
1337.81494140625
 20
1722.3154296875
 10
1337.81494140625
 20
1722.3154296875
 10
1337.634765625
 20
1724.5205078125
 10
1337.634765625
 20
1724.5205078125
 10
1338.14013671875
 20
1726.4580078125
 10
1338.14013671875
 20
1726.4580078125
 10
1338.9619140625
 20
1727.6298828125
  0
SPLINE
  5
168
100
AcDbEntity
  8
mainlayer
 62
1
370
-1
 48
1.0
  6
BYLAYER
100
AcDbSpline
 70
8
 71
3
 72
8
 73
4
 74
0
 10
1338.9619140625
 20
1727.6298828125
 30
0.0
 10
1339.2968750000002274
 20
1727.9765625000004547
 30
0.0
 10
1339.6821289062497726
 20
1728.2675781249997726
 30
0.0
 10
1340.10791015625
 20
1728.494140625
 30
0.0
 40
0.0
 40
0.0
 40
0.0
 40
0.0
 40
4.0
 40
4.0
 40
4.0
 40
4.0
  0
SPLINE
  5
169
100
AcDbEntity
  8
mainlayer
 62
1
370
-1
 48
1.0
  6
BYLAYER
100
AcDbSpline
 70
8
 71
3
 72
8
 73
4
 74
0
 10
1340.10791015625
 20
1728.494140625
 30
0.0
 10
1340.5336914062504547
 20
1728.7207031250004547
 30
0.0
 10
1340.990234375
 20
1728.87890625
 30
0.0
 10
1341.46533203125
 20
1728.962890625
 30
0.0
 40
0.0
 40
0.0
 40
0.0
 40
0.0
 40
4.0
 40
4.0
 40
4.0
 40
4.0
  0
SPLINE
  5
16A
100
AcDbEntity
  8
mainlayer
 62
1
370
-1
 48
1.0
  6
BYLAYER
100
AcDbSpline
 70
8
 71
3
 72
8
 73
4
 74
0
 10
1341.46533203125
 20
1728.962890625
 30
0.0
 10
1341.7319335937502274
 20
1729.0097656250004547
 30
0.0
 10
1342.00244140625
 20
1729.033203125
 30
0.0
 10
1342.2734375
 20
1729.033203125
 30
0.0
 40
0.0
 40
0.0
 40
0.0
 40
0.0
 40
4.0
 40
4.0
 40
4.0
 40
4.0
  0
LWPOLYLINE
  5
16B
100
AcDbEntity
  8
mainlayer
 62
1
370
-1
 48
1.0
  6
BYLAYER
100
AcDbPolyline
 90
12
 70
0
 10
1342.2734375
 20
1729.033203125
 10
1344.20166015625
 20
1728.6484375
 10
1344.20166015625
 20
1728.6484375
 10
1346.513671875
 20
1727.2890625
 10
1346.513671875
 20
1727.2890625
 10
1349.83984375
 20
1724.029296875
 10
1349.83984375
 20
1724.029296875
 10
1355.0986328125
 20
1718.078125
 10
1355.0986328125
 20
1718.078125
 10
1357.78857421875
 20
1715.9560546875
 10
1357.78857421875
 20
1715.9560546875
 10
1359.5908203125
 20
1715.0732421875
  0
SPLINE
  5
16C
100
AcDbEntity
  8
mainlayer
 62
1
370
-1
 48
1.0
  6
BYLAYER
100
AcDbSpline
 70
8
 71
3
 72
8
 73
4
 74
0
 10
1359.5908203125
 20
1715.0732421875
 30
0.0
 10
1360.3247070312502274
 20
1714.7929687500002274
 30
0.0
 10
1361.0991210937497726
 20
1714.6630859375
 30
0.0
 10
1361.88427734375
 20
1714.6875
 30
0.0
 40
0.0
 40
0.0
 40
0.0
 40
0.0
 40
4.0
 40
4.0
 40
4.0
 40
4.0
  0
LWPOLYLINE
  5
16D
100
AcDbEntity
  8
mainlayer
 62
1
370
-1
 48
1.0
  6
BYLAYER
100
AcDbPolyline
 90
6
 70
0
 10
1361.88427734375
 20
1714.6875
 10
1361.88427734375
 20
1732.4638671875
 10
1361.88427734375
 20
1732.4638671875
 10
1358.71044921875
 20
1732.4638671875
 10
1358.71044921875
 20
1732.4638671875
 10
1358.71044921875
 20
1719.2744140625
  0
LWPOLYLINE
  5
16E
100
AcDbEntity
  8
mainlayer
 62
1
370
-1
 48
1.0
  6
BYLAYER
100
AcDbPolyline
 90
22
 70
0
 10
1349.46435546875
 20
1761.6513671875
 10
1349.57666015625
 20
1770.1376953125
 10
1349.57666015625
 20
1770.1376953125
 10
1350.03662109375
 20
1772.1376953125
 10
1350.03662109375
 20
1772.1376953125
 10
1350.95947265625
 20
1773.51953125
 10
1350.95947265625
 20
1773.51953125
 10
1352.361328125
 20
1774.412109375
 10
1352.361328125
 20
1774.412109375
 10
1354.08740234375
 20
1774.712890625
 10
1354.08740234375
 20
1774.712890625
 10
1355.84326171875
 20
1774.4140625
 10
1355.84326171875
 20
1774.4140625
 10
1357.2177734375
 20
1773.576171875
 10
1357.2177734375
 20
1773.576171875
 10
1358.08642578125
 20
1772.384765625
 10
1358.08642578125
 20
1772.384765625
 10
1358.63818359375
 20
1770.35546875
 10
1358.63818359375
 20
1770.35546875
 10
1358.71044921875
 20
1761.6513671875
 10
1358.71044921875
 20
1761.6513671875
 10
1349.46435546875
 20
1761.6513671875
  0
LWPOLYLINE
  5
16F
100
AcDbEntity
  8
mainlayer
 62
1
370
-1
 48
1.0
  6
BYLAYER
100
AcDbPolyline
 90
16
 70
0
 10
1335.0517578125
 20
723.8369140625
 10
1326.90673828125
 20
720.69921875
 10
1326.90673828125
 20
720.69921875
 10
1326.90673828125
 20
709.4541015625
 10
1326.90673828125
 20
709.4541015625
 10
1335.0517578125
 20
706.5009765625
 10
1335.0517578125
 20
706.5009765625
 10
1335.0517578125
 20
702.7216796875
 10
1335.0517578125
 20
702.7216796875
 10
1308.158203125
 20
713.0498046875
 10
1308.158203125
 20
713.0498046875
 10
1308.158203125
 20
716.8837890625
 10
1308.158203125
 20
716.8837890625
 10
1335.0517578125
 20
727.890625
 10
1335.0517578125
 20
727.890625
 10
1335.0517578125
 20
723.8369140625
  0
LWPOLYLINE
  5
170
100
AcDbEntity
  8
mainlayer
 62
1
370
-1
 48
1.0
  6
BYLAYER
100
AcDbPolyline
 90
8
 70
0
 10
1316.11962890625
 20
713.4345703125
 10
1324.00830078125
 20
710.4814453125
 10
1324.00830078125
 20
710.4814453125
 10
1324.00830078125
 20
719.5986328125
 10
1324.00830078125
 20
719.5986328125
 10
1311.5478515625
 20
715.05078125
 10
1311.5478515625
 20
715.05078125
 10
1310.9833984375
 20
714.8837890625
  0
SPLINE
  5
171
100
AcDbEntity
  8
mainlayer
 62
1
370
-1
 48
1.0
  6
BYLAYER
100
AcDbSpline
 70
8
 71
3
 72
8
 73
4
 74
0
 10
1310.9833984375
 20
714.8837890625
 30
0.0
 10
1312.7314453125
 20
714.5351562500001137
 30
0.0
 10
1314.44677734375
 20
714.0507812499998863
 30
0.0
 10
1316.11962890625
 20
713.4345703125
 30
0.0
 40
0.0
 40
0.0
 40
0.0
 40
0.0
 40
4.0
 40
4.0
 40
4.0
 40
4.0
  0
LWPOLYLINE
  5
172
100
AcDbEntity
  8
mainlayer
 62
1
370
-1
 48
1.0
  6
BYLAYER
100
AcDbPolyline
 90
8
 70
0
 10
1338.5126953125
 20
1741.837890625
 10
1338.5126953125
 20
1752.5703125
 10
1338.5126953125
 20
1752.5703125
 10
1335.357421875
 20
1752.5703125
 10
1335.357421875
 20
1752.5703125
 10
1335.357421875
 20
1739.1982421875
 10
1335.357421875
 20
1739.1982421875
 10
1349.1708984375
 20
1736.591796875
  0
SPLINE
  5
173
100
AcDbEntity
  8
mainlayer
 62
1
370
-1
 48
1.0
  6
BYLAYER
100
AcDbSpline
 70
8
 71
3
 72
8
 73
4
 74
0
 10
1349.1708984375
 20
1736.591796875
 30
0.0
 10
1349.2495117187502274
 20
1737.1943359375004547
 30
0.0
 10
1349.3281249999997726
 20
1737.7978515625
 30
0.0
 10
1349.40625
 20
1738.400390625
 30
0.0
 40
0.0
 40
0.0
 40
0.0
 40
0.0
 40
4.0
 40
4.0
 40
4.0
 40
4.0
  0
LWPOLYLINE
  5
174
100
AcDbEntity
  8
mainlayer
 62
1
370
-1
 48
1.0
  6
BYLAYER
100
AcDbPolyline
 90
82
 70
0
 10
1349.40625
 20
1738.400390625
 10
1349.57470703125
 20
1739.6923828125
 10
1349.57470703125
 20
1739.6923828125
 10
1348.08349609375
 20
1741.1025390625
 10
1348.08349609375
 20
1741.1025390625
 10
1347.15087890625
 20
1743.0712890625
 10
1347.15087890625
 20
1743.0712890625
 10
1346.9951171875
 20
1745.216796875
 10
1346.9951171875
 20
1745.216796875
 10
1347.3779296875
 20
1746.9130859375
 10
1347.3779296875
 20
1746.9130859375
 10
1348.2197265625
 20
1748.333984375
 10
1348.2197265625
 20
1748.333984375
 10
1349.4931640625
 20
1749.439453125
 10
1349.4931640625
 20
1749.439453125
 10
1351.10888671875
 20
1750.1083984375
 10
1351.10888671875
 20
1750.1083984375
 10
1353.06005859375
 20
1750.33203125
 10
1353.06005859375
 20
1750.33203125
 10
1355.1240234375
 20
1750.099609375
 10
1355.1240234375
 20
1750.099609375
 10
1356.85791015625
 20
1749.4033203125
 10
1356.85791015625
 20
1749.4033203125
 10
1358.25146484375
 20
1748.2568359375
 10
1358.25146484375
 20
1748.2568359375
 10
1359.17822265625
 20
1746.8466796875
 10
1359.17822265625
 20
1746.8466796875
 10
1359.599609375
 20
1745.2294921875
 10
1359.599609375
 20
1745.2294921875
 10
1359.4482421875
 20
1743.2412109375
 10
1359.4482421875
 20
1743.2412109375
 10
1358.6513671875
 20
1741.62109375
 10
1358.6513671875
 20
1741.62109375
 10
1357.2197265625
 20
1740.3505859375
 10
1357.2197265625
 20
1740.3505859375
 10
1355.1591796875
 20
1739.583984375
 10
1355.1591796875
 20
1739.583984375
 10
1354.5458984375
 20
1739.4716796875
 10
1354.5458984375
 20
1739.4716796875
 10
1354.83984375
 20
1736.0048828125
 10
1354.83984375
 20
1736.0048828125
 10
1357.19677734375
 20
1736.533203125
 10
1357.19677734375
 20
1736.533203125
 10
1359.17724609375
 20
1737.6201171875
 10
1359.17724609375
 20
1737.6201171875
 10
1360.76953125
 20
1739.2568359375
 10
1360.76953125
 20
1739.2568359375
 10
1361.8291015625
 20
1741.3134765625
 10
1361.8291015625
 20
1741.3134765625
 10
1362.310546875
 20
1743.7490234375
 10
1362.310546875
 20
1743.7490234375
 10
1362.22802734375
 20
1746.2578125
 10
1362.22802734375
 20
1746.2578125
 10
1361.5263671875
 20
1748.6484375
 10
1361.5263671875
 20
1748.6484375
 10
1360.18701171875
 20
1750.671875
 10
1360.18701171875
 20
1750.671875
 10
1358.39697265625
 20
1752.20703125
 10
1358.39697265625
 20
1752.20703125
 10
1356.16943359375
 20
1753.3037109375
 10
1356.16943359375
 20
1753.3037109375
 10
1353.66357421875
 20
1753.802734375
 10
1353.66357421875
 20
1753.802734375
 10
1350.9365234375
 20
1753.6845703125
 10
1350.9365234375
 20
1753.6845703125
 10
1348.5185546875
 20
1752.8896484375
 10
1348.5185546875
 20
1752.8896484375
 10
1346.49267578125
 20
1751.4150390625
 10
1346.49267578125
 20
1751.4150390625
 10
1345.005859375
 20
1749.443359375
 10
1345.005859375
 20
1749.443359375
 10
1344.205078125
 20
1747.1630859375
 10
1344.205078125
 20
1747.1630859375
 10
1344.0791015625
 20
1744.8095703125
 10
1344.0791015625
 20
1744.8095703125
 10
1344.474609375
 20
1742.87109375
 10
1344.474609375
 20
1742.87109375
 10
1345.34521484375
 20
1740.9990234375
 10
1345.34521484375
 20
1740.9990234375
 10
1345.74072265625
 20
1740.388671875
 10
1345.74072265625
 20
1740.388671875
 10
1338.5126953125
 20
1741.837890625
  0
LWPOLYLINE
  5
175
100
AcDbEntity
  8
mainlayer
 62
1
370
-1
 48
1.0
  6
BYLAYER
100
AcDbPolyline
 90
12
 70
0
 10
1214.427734375
 20
72.8798751831054688
 10
1214.427734375
 20
59.7080001831054688
 10
1214.427734375
 20
59.7080001831054688
 10
1211.25390625
 20
59.7080001831054688
 10
1211.25390625
 20
59.7080001831054688
 10
1211.25390625
 20
77.1181564331054688
 10
1211.25390625
 20
77.1181564331054688
 10
1213.822265625
 20
77.1181564331054688
 10
1213.822265625
 20
77.1181564331054688
 10
1217.0048828125
 20
74.5605392456054688
 10
1217.0048828125
 20
74.5605392456054688
 10
1221.0869140625
 20
72.0273361206054688
  0
SPLINE
  5
176
100
AcDbEntity
  8
mainlayer
 62
1
370
-1
 48
1.0
  6
BYLAYER
100
AcDbSpline
 70
8
 71
3
 72
8
 73
4
 74
0
 10
1221.0869140625
 20
72.0273361206054688
 30
0.0
 10
1224.0380859375004547
 20
70.374992370605483
 30
0.0
 10
1227.15771484375
 20
69.0703048706054688
 30
0.0
 10
1230.40625
 20
68.1288986206054688
 30
0.0
 40
0.0
 40
0.0
 40
0.0
 40
0.0
 40
4.0
 40
4.0
 40
4.0
 40
4.0
  0
LWPOLYLINE
  5
177
100
AcDbEntity
  8
mainlayer
 62
1
370
-1
 48
1.0
  6
BYLAYER
100
AcDbPolyline
 90
10
 70
0
 10
1230.40625
 20
68.1288986206054688
 10
1234.8759765625
 20
67.1699142456054688
 10
1234.8759765625
 20
67.1699142456054688
 10
1237.79931640625
 20
66.8632736206054688
 10
1237.79931640625
 20
66.8632736206054688
 10
1237.79931640625
 20
63.4687423706054688
 10
1237.79931640625
 20
63.4687423706054688
 10
1233.31591796875
 20
63.9824142456054688
 10
1233.31591796875
 20
63.9824142456054688
 10
1230.130859375
 20
64.7167892456054688
  0
SPLINE
  5
178
100
AcDbEntity
  8
mainlayer
 62
1
370
-1
 48
1.0
  6
BYLAYER
100
AcDbSpline
 70
8
 71
3
 72
8
 73
4
 74
0
 10
1230.130859375
 20
64.7167892456054688
 30
0.0
 10
1227.1157226562502274
 20
65.519523620605483
 30
0.0
 10
1224.2138671875
 20
66.6650314331054688
 30
0.0
 10
1221.462890625
 20
68.1376876831054688
 30
0.0
 40
0.0
 40
0.0
 40
0.0
 40
0.0
 40
4.0
 40
4.0
 40
4.0
 40
4.0
  0
LWPOLYLINE
  5
179
100
AcDbEntity
  8
mainlayer
 62
1
370
-1
 48
1.0
  6
BYLAYER
100
AcDbPolyline
 90
4
 70
0
 10
1221.462890625
 20
68.1376876831054688
 10
1216.75830078125
 20
71.0351486206054688
 10
1216.75830078125
 20
71.0351486206054688
 10
1214.427734375
 20
72.8798751831054688
  0
LWPOLYLINE
  5
17A
100
AcDbEntity
  8
mainlayer
 62
1
370
-1
 48
1.0
  6
BYLAYER
100
AcDbPolyline
 90
10
 70
0
 10
1237.79931640625
 20
91.8300704956054688
 10
1237.79931640625
 20
81.5751876831054688
 10
1237.79931640625
 20
81.5751876831054688
 10
1210.9052734375
 20
81.5751876831054688
 10
1210.9052734375
 20
81.5751876831054688
 10
1211.02001953125
 20
93.8056564331054688
 10
1211.02001953125
 20
93.8056564331054688
 10
1211.5302734375
 20
96.1249923706054688
 10
1211.5302734375
 20
96.1249923706054688
 10
1211.7216796875
 20
96.6093673706054688
  0
SPLINE
  5
17B
100
AcDbEntity
  8
mainlayer
 62
1
370
-1
 48
1.0
  6
BYLAYER
100
AcDbSpline
 70
8
 71
3
 72
8
 73
4
 74
0
 10
1211.7216796875
 20
96.6093673706054688
 30
0.0
 10
1211.9941406250002274
 20
97.2353439331055114
 30
0.0
 10
1212.361328125
 20
97.8115158081054688
 30
0.0
 10
1212.81396484375
 20
98.3232345581054688
 30
0.0
 40
0.0
 40
0.0
 40
0.0
 40
0.0
 40
4.0
 40
4.0
 40
4.0
 40
4.0
  0
SPLINE
  5
17C
100
AcDbEntity
  8
mainlayer
 62
1
370
-1
 48
1.0
  6
BYLAYER
100
AcDbSpline
 70
8
 71
3
 72
8
 73
4
 74
0
 10
1212.81396484375
 20
98.3232345581054688
 30
0.0
 10
1213.2285156250004547
 20
98.791007995605483
 30
0.0
 10
1213.7050781249997726
 20
99.1953048706054688
 30
0.0
 10
1214.23486328125
 20
99.5263595581054688
 30
0.0
 40
0.0
 40
0.0
 40
0.0
 40
0.0
 40
4.0
 40
4.0
 40
4.0
 40
4.0
  0
LWPOLYLINE
  5
17D
100
AcDbEntity
  8
mainlayer
 62
1
370
-1
 48
1.0
  6
BYLAYER
100
AcDbPolyline
 90
4
 70
0
 10
1214.23486328125
 20
99.5263595581054688
 10
1216.4169921875
 20
100.4326095581054688
 10
1216.4169921875
 20
100.4326095581054688
 10
1217.78466796875
 20
100.5810470581054688
  0
SPLINE
  5
17E
100
AcDbEntity
  8
mainlayer
 62
1
370
-1
 48
1.0
  6
BYLAYER
100
AcDbSpline
 70
8
 71
3
 72
8
 73
4
 74
0
 10
1217.78466796875
 20
100.5810470581054688
 30
0.0
 10
1218.4379882812502274
 20
100.5781173706054972
 30
0.0
 10
1219.08251953125
 20
100.4726486206054688
 30
0.0
 10
1219.70263671875
 20
100.2675704956054688
 30
0.0
 40
0.0
 40
0.0
 40
0.0
 40
0.0
 40
4.0
 40
4.0
 40
4.0
 40
4.0
  0
SPLINE
  5
17F
100
AcDbEntity
  8
mainlayer
 62
1
370
-1
 48
1.0
  6
BYLAYER
100
AcDbSpline
 70
8
 71
3
 72
8
 73
4
 74
0
 10
1219.70263671875
 20
100.2675704956054688
 30
0.0
 10
1220.1689453125002274
 20
100.113273620605483
 30
0.0
 10
1220.6142578124997726
 20
99.9052658081054688
 30
0.0
 10
1221.03173828125
 20
99.6455001831054688
 30
0.0
 40
0.0
 40
0.0
 40
0.0
 40
0.0
 40
4.0
 40
4.0
 40
4.0
 40
4.0
  0
LWPOLYLINE
  5
180
100
AcDbEntity
  8
mainlayer
 62
1
370
-1
 48
1.0
  6
BYLAYER
100
AcDbPolyline
 90
12
 70
0
 10
1221.03173828125
 20
99.6455001831054688
 10
1222.40771484375
 20
98.4716720581054688
 10
1222.40771484375
 20
98.4716720581054688
 10
1223.48974609375
 20
96.8203048706054688
 10
1223.48974609375
 20
96.8203048706054688
 10
1224.45751953125
 20
98.9785079956054688
 10
1224.45751953125
 20
98.9785079956054688
 10
1225.9296875
 20
100.5722579956054688
 10
1225.9296875
 20
100.5722579956054688
 10
1227.81005859375
 20
101.5556564331054688
 10
1227.81005859375
 20
101.5556564331054688
 10
1230.00244140625
 20
101.8837814331054688
  0
SPLINE
  5
181
100
AcDbEntity
  8
mainlayer
 62
1
370
-1
 48
1.0
  6
BYLAYER
100
AcDbSpline
 70
8
 71
3
 72
8
 73
4
 74
0
 10
1230.00244140625
 20
101.8837814331054688
 30
0.0
 10
1230.8388671875002274
 20
101.887687683105483
 30
0.0
 10
1231.666015625
 20
101.7617111206054545
 30
0.0
 10
1232.462890625
 20
101.5068283081054688
 30
0.0
 40
0.0
 40
0.0
 40
0.0
 40
0.0
 40
4.0
 40
4.0
 40
4.0
 40
4.0
  0
SPLINE
  5
182
100
AcDbEntity
  8
mainlayer
 62
1
370
-1
 48
1.0
  6
BYLAYER
100
AcDbSpline
 70
8
 71
3
 72
8
 73
4
 74
0
 10
1232.462890625
 20
101.5068283081054688
 30
0.0
 10
1232.8237304687504547
 20
101.391593933105483
 30
0.0
 10
1233.1748046875
 20
101.2509689331054688
 30
0.0
 10
1233.515625
 20
101.0859298706054688
 30
0.0
 40
0.0
 40
0.0
 40
0.0
 40
0.0
 40
4.0
 40
4.0
 40
4.0
 40
4.0
  0
LWPOLYLINE
  5
183
100
AcDbEntity
  8
mainlayer
 62
1
370
-1
 48
1.0
  6
BYLAYER
100
AcDbPolyline
 90
10
 70
0
 10
1233.515625
 20
101.0859298706054688
 10
1235.2548828125
 20
99.9413986206054688
 10
1235.2548828125
 20
99.9413986206054688
 10
1236.4326171875
 20
98.4892501831054688
 10
1236.4326171875
 20
98.4892501831054688
 10
1237.349609375
 20
96.1689376831054688
 10
1237.349609375
 20
96.1689376831054688
 10
1237.77099609375
 20
93.0644454956054688
 10
1237.77099609375
 20
93.0644454956054688
 10
1237.79931640625
 20
91.8300704956054688
  0
LWPOLYLINE
  5
184
100
AcDbEntity
  8
mainlayer
 62
1
370
-1
 48
1.0
  6
BYLAYER
100
AcDbPolyline
 90
48
 70
0
 10
1315.0009765625
 20
697.291015625
 10
1314.744140625
 20
700.5751953125
 10
1314.744140625
 20
700.5751953125
 10
1312.58203125
 20
700.0439453125
 10
1312.58203125
 20
700.0439453125
 10
1310.80224609375
 20
699.056640625
 10
1310.80224609375
 20
699.056640625
 10
1309.41064453125
 20
697.6201171875
 10
1309.41064453125
 20
697.6201171875
 10
1308.49267578125
 20
695.8310546875
 10
1308.49267578125
 20
695.8310546875
 10
1308.07568359375
 20
693.71875
 10
1308.07568359375
 20
693.71875
 10
1308.24072265625
 20
690.9248046875
 10
1308.24072265625
 20
690.9248046875
 10
1309.02294921875
 20
688.70703125
 10
1309.02294921875
 20
688.70703125
 10
1310.40771484375
 20
686.830078125
 10
1310.40771484375
 20
686.830078125
 10
1312.08154296875
 20
685.4990234375
 10
1312.08154296875
 20
685.4990234375
 10
1314.3837890625
 20
684.4189453125
 10
1314.3837890625
 20
684.4189453125
 10
1318.009765625
 20
683.5751953125
 10
1318.009765625
 20
683.5751953125
 10
1322.46728515625
 20
683.2939453125
 10
1322.46728515625
 20
683.2939453125
 10
1326.43994140625
 20
683.548828125
 10
1326.43994140625
 20
683.548828125
 10
1329.64404296875
 20
684.3115234375
 10
1329.64404296875
 20
684.3115234375
 10
1332.07958984375
 20
685.583984375
 10
1332.07958984375
 20
685.583984375
 10
1333.802734375
 20
687.296875
 10
1333.802734375
 20
687.296875
 10
1334.9296875
 20
689.3115234375
 10
1334.9296875
 20
689.3115234375
 10
1335.46337890625
 20
691.6240234375
 10
1335.46337890625
 20
691.6240234375
 10
1335.34814453125
 20
694.3759765625
 10
1335.34814453125
 20
694.3759765625
 10
1334.6259765625
 20
696.4765625
 10
1334.6259765625
 20
696.4765625
 10
1333.34521484375
 20
698.27734375
 10
1333.34521484375
 20
698.27734375
 10
1331.552734375
 20
699.6748046875
 10
1331.552734375
 20
699.6748046875
 10
1331.025390625
 20
699.9609375
  0
SPLINE
  5
185
100
AcDbEntity
  8
mainlayer
 62
1
370
-1
 48
1.0
  6
BYLAYER
100
AcDbSpline
 70
8
 71
3
 72
8
 73
4
 74
0
 10
1331.025390625
 20
699.9609375
 30
0.0
 10
1330.0385742187502274
 20
700.4501953125001137
 30
0.0
 10
1328.98681640625
 20
700.779296875
 30
0.0
 10
1327.89697265625
 20
700.9404296875
 30
0.0
 40
0.0
 40
0.0
 40
0.0
 40
0.0
 40
4.0
 40
4.0
 40
4.0
 40
4.0
  0
SPLINE
  5
186
100
AcDbEntity
  8
mainlayer
 62
1
370
-1
 48
1.0
  6
BYLAYER
100
AcDbSpline
 70
8
 71
3
 72
8
 73
4
 74
0
 10
1327.89697265625
 20
700.9404296875
 30
0.0
 10
1327.3745117187502274
 20
701.0166015625001137
 30
0.0
 10
1326.84765625
 20
701.0546875
 30
0.0
 10
1326.31982421875
 20
701.0517578125
 30
0.0
 40
0.0
 40
0.0
 40
0.0
 40
0.0
 40
4.0
 40
4.0
 40
4.0
 40
4.0
  0
LWPOLYLINE
  5
187
100
AcDbEntity
  8
mainlayer
 62
1
370
-1
 48
1.0
  6
BYLAYER
100
AcDbPolyline
 90
12
 70
0
 10
1326.31982421875
 20
701.0517578125
 10
1323.63037109375
 20
700.7255859375
 10
1323.63037109375
 20
700.7255859375
 10
1321.3408203125
 20
699.7470703125
 10
1321.3408203125
 20
699.7470703125
 10
1319.466796875
 20
698.1357421875
 10
1319.466796875
 20
698.1357421875
 10
1318.21337890625
 20
696.1650390625
 10
1318.21337890625
 20
696.1650390625
 10
1317.64404296875
 20
693.9189453125
 10
1317.64404296875
 20
693.9189453125
 10
1317.60595703125
 20
693.1083984375
  0
SPLINE
  5
188
100
AcDbEntity
  8
mainlayer
 62
1
370
-1
 48
1.0
  6
BYLAYER
100
AcDbSpline
 70
8
 71
3
 72
8
 73
4
 74
0
 10
1317.60595703125
 20
693.1083984375
 30
0.0
 10
1317.6083984375002274
 20
692.2724609375001137
 30
0.0
 10
1317.74169921875
 20
691.447265625
 30
0.0
 10
1318.00244140625
 20
690.65234375
 30
0.0
 40
0.0
 40
0.0
 40
0.0
 40
0.0
 40
4.0
 40
4.0
 40
4.0
 40
4.0
  0
SPLINE
  5
189
100
AcDbEntity
  8
mainlayer
 62
1
370
-1
 48
1.0
  6
BYLAYER
100
AcDbSpline
 70
8
 71
3
 72
8
 73
4
 74
0
 10
1318.00244140625
 20
690.65234375
 30
0.0
 10
1318.1333007812502274
 20
690.2539062500001137
 30
0.0
 10
1318.294921875
 20
689.8681640625
 30
0.0
 10
1318.486328125
 20
689.4951171875
 30
0.0
 40
0.0
 40
0.0
 40
0.0
 40
0.0
 40
4.0
 40
4.0
 40
4.0
 40
4.0
  0
LWPOLYLINE
  5
18A
100
AcDbEntity
  8
mainlayer
 62
1
370
-1
 48
1.0
  6
BYLAYER
100
AcDbPolyline
 90
16
 70
0
 10
1318.486328125
 20
689.4951171875
 10
1319.6005859375
 20
687.9033203125
 10
1319.6005859375
 20
687.9033203125
 10
1321.18310546875
 20
686.578125
 10
1321.18310546875
 20
686.578125
 10
1316.86181640625
 20
686.9609375
 10
1316.86181640625
 20
686.9609375
 10
1314.4345703125
 20
687.748046875
 10
1314.4345703125
 20
687.748046875
 10
1312.6435546875
 20
688.8955078125
 10
1312.6435546875
 20
688.8955078125
 10
1311.43701171875
 20
690.275390625
 10
1311.43701171875
 20
690.275390625
 10
1310.818359375
 20
691.9765625
 10
1310.818359375
 20
691.9765625
 10
1310.76318359375
 20
692.7421875
  0
SPLINE
  5
18B
100
AcDbEntity
  8
mainlayer
 62
1
370
-1
 48
1.0
  6
BYLAYER
100
AcDbSpline
 70
8
 71
3
 72
8
 73
4
 74
0
 10
1310.76318359375
 20
692.7421875
 30
0.0
 10
1310.76220703125
 20
693.2197265625001137
 30
0.0
 10
1310.83642578125
 20
693.6923828125
 30
0.0
 10
1310.98291015625
 20
694.1474609375
 30
0.0
 40
0.0
 40
0.0
 40
0.0
 40
0.0
 40
4.0
 40
4.0
 40
4.0
 40
4.0
  0
SPLINE
  5
18C
100
AcDbEntity
  8
mainlayer
 62
1
370
-1
 48
1.0
  6
BYLAYER
100
AcDbSpline
 70
8
 71
3
 72
8
 73
4
 74
0
 10
1310.98291015625
 20
694.1474609375
 30
0.0
 10
1311.1298828125002274
 20
694.6015625000001137
 30
0.0
 10
1311.34619140625
 20
695.0283203125
 30
0.0
 10
1311.62646484375
 20
695.416015625
 30
0.0
 40
0.0
 40
0.0
 40
0.0
 40
0.0
 40
4.0
 40
4.0
 40
4.0
 40
4.0
  0
SPLINE
  5
18D
100
AcDbEntity
  8
mainlayer
 62
1
370
-1
 48
1.0
  6
BYLAYER
100
AcDbSpline
 70
8
 71
3
 72
8
 73
4
 74
0
 10
1311.62646484375
 20
695.416015625
 30
0.0
 10
1311.7900390625002274
 20
695.6416015625002274
 30
0.0
 10
1311.9736328125
 20
695.8515625
 30
0.0
 10
1312.17578125
 20
696.0439453125
 30
0.0
 40
0.0
 40
0.0
 40
0.0
 40
0.0
 40
4.0
 40
4.0
 40
4.0
 40
4.0
  0
LWPOLYLINE
  5
18E
100
AcDbEntity
  8
mainlayer
 62
1
370
-1
 48
1.0
  6
BYLAYER
100
AcDbPolyline
 90
4
 70
0
 10
1312.17578125
 20
696.0439453125
 10
1313.69189453125
 20
696.9091796875
 10
1313.69189453125
 20
696.9091796875
 10
1315.0009765625
 20
697.291015625
  0
LWPOLYLINE
  5
18F
100
AcDbEntity
  8
mainlayer
 62
1
370
-1
 48
1.0
  6
BYLAYER
100
AcDbPolyline
 90
10
 70
0
 10
1361.88427734375
 20
1768.3466796875
 10
1361.88427734375
 20
1758.091796875
 10
1361.88427734375
 20
1758.091796875
 10
1334.990234375
 20
1758.091796875
 10
1334.990234375
 20
1758.091796875
 10
1335.10498046875
 20
1770.3212890625
 10
1335.10498046875
 20
1770.3212890625
 10
1335.615234375
 20
1772.6416015625
 10
1335.615234375
 20
1772.6416015625
 10
1335.806640625
 20
1773.1259765625
  0
SPLINE
  5
190
100
AcDbEntity
  8
mainlayer
 62
1
370
-1
 48
1.0
  6
BYLAYER
100
AcDbSpline
 70
8
 71
3
 72
8
 73
4
 74
0
 10
1335.806640625
 20
1773.1259765625
 30
0.0
 10
1336.0795898437504547
 20
1773.7529296875004547
 30
0.0
 10
1336.44677734375
 20
1774.3291015624997726
 30
0.0
 10
1336.89990234375
 20
1774.8408203125
 30
0.0
 40
0.0
 40
0.0
 40
0.0
 40
0.0
 40
4.0
 40
4.0
 40
4.0
 40
4.0
  0
SPLINE
  5
191
100
AcDbEntity
  8
mainlayer
 62
1
370
-1
 48
1.0
  6
BYLAYER
100
AcDbSpline
 70
8
 71
3
 72
8
 73
4
 74
0
 10
1336.89990234375
 20
1774.8408203125
 30
0.0
 10
1337.3139648437504547
 20
1775.3085937500006821
 30
0.0
 10
1337.79052734375
 20
1775.7119140625
 30
0.0
 10
1338.31982421875
 20
1776.04296875
 30
0.0
 40
0.0
 40
0.0
 40
0.0
 40
0.0
 40
4.0
 40
4.0
 40
4.0
 40
4.0
  0
LWPOLYLINE
  5
192
100
AcDbEntity
  8
mainlayer
 62
1
370
-1
 48
1.0
  6
BYLAYER
100
AcDbPolyline
 90
4
 70
0
 10
1338.31982421875
 20
1776.04296875
 10
1340.501953125
 20
1776.9501953125
 10
1340.501953125
 20
1776.9501953125
 10
1341.86962890625
 20
1777.09765625
  0
SPLINE
  5
193
100
AcDbEntity
  8
mainlayer
 62
1
370
-1
 48
1.0
  6
BYLAYER
100
AcDbSpline
 70
8
 71
3
 72
8
 73
4
 74
0
 10
1341.86962890625
 20
1777.09765625
 30
0.0
 10
1342.5229492187502274
 20
1777.0947265625002274
 30
0.0
 10
1343.1674804687497726
 20
1776.9892578125002274
 30
0.0
 10
1343.78759765625
 20
1776.7841796875
 30
0.0
 40
0.0
 40
0.0
 40
0.0
 40
0.0
 40
4.0
 40
4.0
 40
4.0
 40
4.0
  0
SPLINE
  5
194
100
AcDbEntity
  8
mainlayer
 62
1
370
-1
 48
1.0
  6
BYLAYER
100
AcDbSpline
 70
8
 71
3
 72
8
 73
4
 74
0
 10
1343.78759765625
 20
1776.7841796875
 30
0.0
 10
1344.2539062500002274
 20
1776.6298828125002274
 30
0.0
 10
1344.69921875
 20
1776.4208984375
 30
0.0
 10
1345.11669921875
 20
1776.162109375
 30
0.0
 40
0.0
 40
0.0
 40
0.0
 40
0.0
 40
4.0
 40
4.0
 40
4.0
 40
4.0
  0
LWPOLYLINE
  5
195
100
AcDbEntity
  8
mainlayer
 62
1
370
-1
 48
1.0
  6
BYLAYER
100
AcDbPolyline
 90
12
 70
0
 10
1345.11669921875
 20
1776.162109375
 10
1346.49267578125
 20
1774.9873046875
 10
1346.49267578125
 20
1774.9873046875
 10
1347.5751953125
 20
1773.3369140625
 10
1347.5751953125
 20
1773.3369140625
 10
1348.54248046875
 20
1775.4951171875
 10
1348.54248046875
 20
1775.4951171875
 10
1350.0146484375
 20
1777.0888671875
 10
1350.0146484375
 20
1777.0888671875
 10
1351.89501953125
 20
1778.0712890625
 10
1351.89501953125
 20
1778.0712890625
 10
1354.08740234375
 20
1778.3994140625
  0
SPLINE
  5
196
100
AcDbEntity
  8
mainlayer
 62
1
370
-1
 48
1.0
  6
BYLAYER
100
AcDbSpline
 70
8
 71
3
 72
8
 73
4
 74
0
 10
1354.08740234375
 20
1778.3994140625
 30
0.0
 10
1354.9238281250002274
 20
1778.4042968750004547
 30
0.0
 10
1355.7509765625
 20
1778.2773437499997726
 30
0.0
 10
1356.5478515625
 20
1778.0224609375
 30
0.0
 40
0.0
 40
0.0
 40
0.0
 40
0.0
 40
4.0
 40
4.0
 40
4.0
 40
4.0
  0
SPLINE
  5
197
100
AcDbEntity
  8
mainlayer
 62
1
370
-1
 48
1.0
  6
BYLAYER
100
AcDbSpline
 70
8
 71
3
 72
8
 73
4
 74
0
 10
1356.5478515625
 20
1778.0224609375
 30
0.0
 10
1356.9086914062502274
 20
1777.9072265625004547
 30
0.0
 10
1357.2602539062497726
 20
1777.7666015624997726
 30
0.0
 10
1357.6005859375
 20
1777.6015625
 30
0.0
 40
0.0
 40
0.0
 40
0.0
 40
0.0
 40
4.0
 40
4.0
 40
4.0
 40
4.0
  0
LWPOLYLINE
  5
198
100
AcDbEntity
  8
mainlayer
 62
1
370
-1
 48
1.0
  6
BYLAYER
100
AcDbPolyline
 90
10
 70
0
 10
1357.6005859375
 20
1777.6015625
 10
1359.33984375
 20
1776.4580078125
 10
1359.33984375
 20
1776.4580078125
 10
1360.51806640625
 20
1775.005859375
 10
1360.51806640625
 20
1775.005859375
 10
1361.4345703125
 20
1772.685546875
 10
1361.4345703125
 20
1772.685546875
 10
1361.8564453125
 20
1769.58203125
 10
1361.8564453125
 20
1769.58203125
 10
1361.88427734375
 20
1768.3466796875
  0
SPLINE
  5
199
100
AcDbEntity
  8
mainlayer
 62
1
370
-1
 48
1.0
  6
BYLAYER
100
AcDbSpline
 70
8
 71
3
 72
8
 73
4
 74
0
 10
1331.87841796875
 20
666.7099609375
 30
0.0
 10
1331.2343750000002274
 20
667.1113281250001137
 30
0.0
 10
1330.6357421874997726
 20
667.578125
 30
0.0
 10
1330.08935546875
 20
668.1044921875
 30
0.0
 40
0.0
 40
0.0
 40
0.0
 40
0.0
 40
4.0
 40
4.0
 40
4.0
 40
4.0
  0
LWPOLYLINE
  5
19A
100
AcDbEntity
  8
mainlayer
 62
1
370
-1
 48
1.0
  6
BYLAYER
100
AcDbPolyline
 90
6
 70
0
 10
1330.08935546875
 20
668.1044921875
 10
1322.9140625
 20
676.1181640625
 10
1322.9140625
 20
676.1181640625
 10
1320.28857421875
 20
678.3251953125
 10
1320.28857421875
 20
678.3251953125
 10
1318.68798828125
 20
679.203125
  0
SPLINE
  5
19B
100
AcDbEntity
  8
mainlayer
 62
1
370
-1
 48
1.0
  6
BYLAYER
100
AcDbSpline
 70
8
 71
3
 72
8
 73
4
 74
0
 10
1318.68798828125
 20
679.203125
 30
0.0
 10
1317.6816406250004547
 20
679.6347656250001137
 30
0.0
 10
1316.60986328125
 20
679.8583984375
 30
0.0
 10
1315.5146484375
 20
679.86328125
 30
0.0
 40
0.0
 40
0.0
 40
0.0
 40
0.0
 40
4.0
 40
4.0
 40
4.0
 40
4.0
  0
LWPOLYLINE
  5
19C
100
AcDbEntity
  8
mainlayer
 62
1
370
-1
 48
1.0
  6
BYLAYER
100
AcDbPolyline
 90
22
 70
0
 10
1315.5146484375
 20
679.86328125
 10
1313.27880859375
 20
679.5458984375
 10
1313.27880859375
 20
679.5458984375
 10
1311.33203125
 20
678.5947265625
 10
1311.33203125
 20
678.5947265625
 10
1309.69140625
 20
677.017578125
 10
1309.69140625
 20
677.017578125
 10
1308.58447265625
 20
674.947265625
 10
1308.58447265625
 20
674.947265625
 10
1308.08154296875
 20
672.4228515625
 10
1308.08154296875
 20
672.4228515625
 10
1308.17236328125
 20
669.66015625
 10
1308.17236328125
 20
669.66015625
 10
1308.82568359375
 20
667.2958984375
 10
1308.82568359375
 20
667.2958984375
 10
1310.03857421875
 20
665.37109375
 10
1310.03857421875
 20
665.37109375
 10
1311.78564453125
 20
663.935546875
 10
1311.78564453125
 20
663.935546875
 10
1314.04052734375
 20
663.0419921875
 10
1314.04052734375
 20
663.0419921875
 10
1315.826171875
 20
662.748046875
  0
SPLINE
  5
19D
100
AcDbEntity
  8
mainlayer
 62
1
370
-1
 48
1.0
  6
BYLAYER
100
AcDbSpline
 70
8
 71
3
 72
8
 73
4
 74
0
 10
1315.826171875
 20
662.748046875
 30
0.0
 10
1315.8457031250004547
 20
662.9365234375001137
 30
0.0
 10
1315.865234375
 20
663.1249999999998863
 30
0.0
 10
1315.88427734375
 20
663.3134765625
 30
0.0
 40
0.0
 40
0.0
 40
0.0
 40
0.0
 40
4.0
 40
4.0
 40
4.0
 40
4.0
  0
SPLINE
  5
19E
100
AcDbEntity
  8
mainlayer
 62
1
370
-1
 48
1.0
  6
BYLAYER
100
AcDbSpline
 70
8
 71
3
 72
8
 73
4
 74
0
 10
1315.88427734375
 20
663.3134765625
 30
0.0
 10
1315.90380859375
 20
663.5019531250002274
 30
0.0
 10
1315.92333984375
 20
663.6904296874998863
 30
0.0
 10
1315.9423828125
 20
663.87890625
 30
0.0
 40
0.0
 40
0.0
 40
0.0
 40
0.0
 40
4.0
 40
4.0
 40
4.0
 40
4.0
  0
LWPOLYLINE
  5
19F
100
AcDbEntity
  8
mainlayer
 62
1
370
-1
 48
1.0
  6
BYLAYER
100
AcDbPolyline
 90
2
 70
0
 10
1315.9423828125
 20
663.87890625
 10
1315.9716796875
 20
664.162109375
  0
SPLINE
  5
1A0
100
AcDbEntity
  8
mainlayer
 62
1
370
-1
 48
1.0
  6
BYLAYER
100
AcDbSpline
 70
8
 71
3
 72
8
 73
4
 74
0
 10
1315.9716796875
 20
664.162109375
 30
0.0
 10
1315.9907226562504547
 20
664.3505859375002274
 30
0.0
 10
1316.01025390625
 20
664.5390624999998863
 30
0.0
 10
1316.02978515625
 20
664.7275390625
 30
0.0
 40
0.0
 40
0.0
 40
0.0
 40
0.0
 40
4.0
 40
4.0
 40
4.0
 40
4.0
  0
SPLINE
  5
1A1
100
AcDbEntity
  8
mainlayer
 62
1
370
-1
 48
1.0
  6
BYLAYER
100
AcDbSpline
 70
8
 71
3
 72
8
 73
4
 74
0
 10
1316.02978515625
 20
664.7275390625
 30
0.0
 10
1316.0488281250004547
 20
664.9160156250001137
 30
0.0
 10
1316.0678710937502274
 20
665.1044921875
 30
0.0
 10
1316.087890625
 20
665.29296875
 30
0.0
 40
0.0
 40
0.0
 40
0.0
 40
0.0
 40
4.0
 40
4.0
 40
4.0
 40
4.0
  0
SPLINE
  5
1A2
100
AcDbEntity
  8
mainlayer
 62
1
370
-1
 48
1.0
  6
BYLAYER
100
AcDbSpline
 70
8
 71
3
 72
8
 73
4
 74
0
 10
1316.087890625
 20
665.29296875
 30
0.0
 10
1316.1069335937502274
 20
665.4814453125001137
 30
0.0
 10
1316.1259765625
 20
665.669921875
 30
0.0
 10
1316.14599609375
 20
665.8583984375
 30
0.0
 40
0.0
 40
0.0
 40
0.0
 40
0.0
 40
4.0
 40
4.0
 40
4.0
 40
4.0
  0
LWPOLYLINE
  5
1A3
100
AcDbEntity
  8
mainlayer
 62
1
370
-1
 48
1.0
  6
BYLAYER
100
AcDbPolyline
 90
16
 70
0
 10
1316.14599609375
 20
665.8583984375
 10
1316.1748046875
 20
666.1416015625
 10
1316.1748046875
 20
666.1416015625
 10
1313.91845703125
 20
666.5126953125
 10
1313.91845703125
 20
666.5126953125
 10
1312.58740234375
 20
667.2548828125
 10
1312.58740234375
 20
667.2548828125
 10
1311.58642578125
 20
668.3662109375
 10
1311.58642578125
 20
668.3662109375
 10
1310.982421875
 20
669.751953125
 10
1310.982421875
 20
669.751953125
 10
1310.80224609375
 20
671.95703125
 10
1310.80224609375
 20
671.95703125
 10
1311.30810546875
 20
673.8935546875
 10
1311.30810546875
 20
673.8935546875
 10
1312.1298828125
 20
675.06640625
  0
SPLINE
  5
1A4
100
AcDbEntity
  8
mainlayer
 62
1
370
-1
 48
1.0
  6
BYLAYER
100
AcDbSpline
 70
8
 71
3
 72
8
 73
4
 74
0
 10
1312.1298828125
 20
675.06640625
 30
0.0
 10
1312.4648437500002274
 20
675.4140625000001137
 30
0.0
 10
1312.85009765625
 20
675.7041015625
 30
0.0
 10
1313.27587890625
 20
675.9306640625
 30
0.0
 40
0.0
 40
0.0
 40
0.0
 40
0.0
 40
4.0
 40
4.0
 40
4.0
 40
4.0
  0
SPLINE
  5
1A5
100
AcDbEntity
  8
mainlayer
 62
1
370
-1
 48
1.0
  6
BYLAYER
100
AcDbSpline
 70
8
 71
3
 72
8
 73
4
 74
0
 10
1313.27587890625
 20
675.9306640625
 30
0.0
 10
1313.7016601562502274
 20
676.1582031250002274
 30
0.0
 10
1314.15771484375
 20
676.3154296875
 30
0.0
 10
1314.6328125
 20
676.3994140625
 30
0.0
 40
0.0
 40
0.0
 40
0.0
 40
0.0
 40
4.0
 40
4.0
 40
4.0
 40
4.0
  0
SPLINE
  5
1A6
100
AcDbEntity
  8
mainlayer
 62
1
370
-1
 48
1.0
  6
BYLAYER
100
AcDbSpline
 70
8
 71
3
 72
8
 73
4
 74
0
 10
1314.6328125
 20
676.3994140625
 30
0.0
 10
1314.8994140625002274
 20
676.4462890625001137
 30
0.0
 10
1315.169921875
 20
676.470703125
 30
0.0
 10
1315.44091796875
 20
676.4697265625
 30
0.0
 40
0.0
 40
0.0
 40
0.0
 40
0.0
 40
4.0
 40
4.0
 40
4.0
 40
4.0
  0
LWPOLYLINE
  5
1A7
100
AcDbEntity
  8
mainlayer
 62
1
370
-1
 48
1.0
  6
BYLAYER
100
AcDbPolyline
 90
12
 70
0
 10
1315.44091796875
 20
676.4697265625
 10
1317.36962890625
 20
676.083984375
 10
1317.36962890625
 20
676.083984375
 10
1319.68115234375
 20
674.724609375
 10
1319.68115234375
 20
674.724609375
 10
1323.0078125
 20
671.4658203125
 10
1323.0078125
 20
671.4658203125
 10
1328.2666015625
 20
665.513671875
 10
1328.2666015625
 20
665.513671875
 10
1330.95654296875
 20
663.3916015625
 10
1330.95654296875
 20
663.3916015625
 10
1332.7587890625
 20
662.5087890625
  0
SPLINE
  5
1A8
100
AcDbEntity
  8
mainlayer
 62
1
370
-1
 48
1.0
  6
BYLAYER
100
AcDbSpline
 70
8
 71
3
 72
8
 73
4
 74
0
 10
1332.7587890625
 20
662.5087890625
 30
0.0
 10
1333.4926757812504547
 20
662.2285156250001137
 30
0.0
 10
1334.2670898437502274
 20
662.0986328125
 30
0.0
 10
1335.0517578125
 20
662.1240234375
 30
0.0
 40
0.0
 40
0.0
 40
0.0
 40
0.0
 40
4.0
 40
4.0
 40
4.0
 40
4.0
  0
LWPOLYLINE
  5
1A9
100
AcDbEntity
  8
mainlayer
 62
1
370
-1
 48
1.0
  6
BYLAYER
100
AcDbPolyline
 90
6
 70
0
 10
1335.0517578125
 20
662.1240234375
 10
1335.0517578125
 20
679.900390625
 10
1335.0517578125
 20
679.900390625
 10
1331.87841796875
 20
679.900390625
 10
1331.87841796875
 20
679.900390625
 10
1331.87841796875
 20
666.7099609375
  0
LWPOLYLINE
  5
1AA
100
AcDbEntity
  8
mainlayer
 62
1
370
-1
 48
1.0
  6
BYLAYER
100
AcDbPolyline
 90
4
 70
0
 10
1338.1640625
 20
1761.6513671875
 10
1338.25830078125
 20
1769.498046875
 10
1338.25830078125
 20
1769.498046875
 10
1338.5400390625
 20
1771.1171875
  0
SPLINE
  5
1AB
100
AcDbEntity
  8
mainlayer
 62
1
370
-1
 48
1.0
  6
BYLAYER
100
AcDbSpline
 70
8
 71
3
 72
8
 73
4
 74
0
 10
1338.5400390625
 20
1771.1171875
 30
0.0
 10
1338.6435546875004547
 20
1771.4531250000004547
 30
0.0
 10
1338.798828125
 20
1771.76953125
 30
0.0
 10
1339.00146484375
 20
1772.0576171875
 30
0.0
 40
0.0
 40
0.0
 40
0.0
 40
0.0
 40
4.0
 40
4.0
 40
4.0
 40
4.0
  0
SPLINE
  5
1AC
100
AcDbEntity
  8
mainlayer
 62
1
370
-1
 48
1.0
  6
BYLAYER
100
AcDbSpline
 70
8
 71
3
 72
8
 73
4
 74
0
 10
1339.00146484375
 20
1772.0576171875
 30
0.0
 10
1339.2519531250004547
 20
1772.4140625000002274
 30
0.0
 10
1339.5668945312502274
 20
1772.7158203124997726
 30
0.0
 10
1339.93408203125
 20
1772.951171875
 30
0.0
 40
0.0
 40
0.0
 40
0.0
 40
0.0
 40
4.0
 40
4.0
 40
4.0
 40
4.0
  0
LWPOLYLINE
  5
1AD
100
AcDbEntity
  8
mainlayer
 62
1
370
-1
 48
1.0
  6
BYLAYER
100
AcDbPolyline
 90
14
 70
0
 10
1339.93408203125
 20
1772.951171875
 10
1341.64208984375
 20
1773.5537109375
 10
1341.64208984375
 20
1773.5537109375
 10
1343.5849609375
 20
1773.421875
 10
1343.5849609375
 20
1773.421875
 10
1344.865234375
 20
1772.7236328125
 10
1344.865234375
 20
1772.7236328125
 10
1345.744140625
 20
1771.4970703125
 10
1345.744140625
 20
1771.4970703125
 10
1346.212890625
 20
1769.498046875
 10
1346.212890625
 20
1769.498046875
 10
1346.291015625
 20
1761.6513671875
 10
1346.291015625
 20
1761.6513671875
 10
1338.1640625
 20
1761.6513671875
  0
LWPOLYLINE
  5
1AE
100
AcDbEntity
  8
mainlayer
 62
1
370
-1
 48
1.0
  6
BYLAYER
100
AcDbPolyline
 90
4
 70
0
 10
1214.0791015625
 20
85.1347579956054688
 10
1214.1728515625
 20
92.9814376831054688
 10
1214.1728515625
 20
92.9814376831054688
 10
1214.455078125
 20
94.6005783081054688
  0
SPLINE
  5
1AF
100
AcDbEntity
  8
mainlayer
 62
1
370
-1
 48
1.0
  6
BYLAYER
100
AcDbSpline
 70
8
 71
3
 72
8
 73
4
 74
0
 10
1214.455078125
 20
94.6005783081054688
 30
0.0
 10
1214.5585937500002274
 20
94.937492370605483
 30
0.0
 10
1214.71337890625
 20
95.2529220581054688
 30
0.0
 10
1214.91552734375
 20
95.5410079956054688
 30
0.0
 40
0.0
 40
0.0
 40
0.0
 40
0.0
 40
4.0
 40
4.0
 40
4.0
 40
4.0
  0
SPLINE
  5
1B0
100
AcDbEntity
  8
mainlayer
 62
1
370
-1
 48
1.0
  6
BYLAYER
100
AcDbSpline
 70
8
 71
3
 72
8
 73
4
 74
0
 10
1214.91552734375
 20
95.5410079956054688
 30
0.0
 10
1215.1665039062504547
 20
95.898429870605483
 30
0.0
 10
1215.4814453125
 20
96.2001876831054688
 30
0.0
 10
1215.84912109375
 20
96.4355392456054688
 30
0.0
 40
0.0
 40
0.0
 40
0.0
 40
0.0
 40
4.0
 40
4.0
 40
4.0
 40
4.0
  0
LWPOLYLINE
  5
1B1
100
AcDbEntity
  8
mainlayer
 62
1
370
-1
 48
1.0
  6
BYLAYER
100
AcDbPolyline
 90
14
 70
0
 10
1215.84912109375
 20
96.4355392456054688
 10
1217.55712890625
 20
97.0371017456054688
 10
1217.55712890625
 20
97.0371017456054688
 10
1219.5
 20
96.9052658081054688
 10
1219.5
 20
96.9052658081054688
 10
1220.7802734375
 20
96.2070236206054688
 10
1220.7802734375
 20
96.2070236206054688
 10
1221.6591796875
 20
94.9804611206054688
 10
1221.6591796875
 20
94.9804611206054688
 10
1222.1279296875
 20
92.9814376831054688
 10
1222.1279296875
 20
92.9814376831054688
 10
1222.2060546875
 20
85.1347579956054688
 10
1222.2060546875
 20
85.1347579956054688
 10
1214.0791015625
 20
85.1347579956054688
  0
SPLINE
  5
1B2
100
AcDbEntity
  8
mainlayer
 62
1
370
-1
 48
1.0
  6
BYLAYER
100
AcDbSpline
 70
8
 71
3
 72
8
 73
4
 74
0
 10
1234.62548828125
 20
42.7578086853027344
 30
0.0
 10
1233.9814453125002274
 20
43.1591758728027486
 30
0.0
 10
1233.3833007812497726
 20
43.6249923706054688
 30
0.0
 10
1232.8369140625
 20
44.1513595581054688
 30
0.0
 40
0.0
 40
0.0
 40
0.0
 40
0.0
 40
4.0
 40
4.0
 40
4.0
 40
4.0
  0
LWPOLYLINE
  5
1B3
100
AcDbEntity
  8
mainlayer
 62
1
370
-1
 48
1.0
  6
BYLAYER
100
AcDbPolyline
 90
6
 70
0
 10
1232.8369140625
 20
44.1513595581054688
 10
1225.66162109375
 20
52.1660079956054688
 10
1225.66162109375
 20
52.1660079956054688
 10
1223.0361328125
 20
54.3720626831054688
 10
1223.0361328125
 20
54.3720626831054688
 10
1221.435546875
 20
55.2499923706054688
  0
SPLINE
  5
1B4
100
AcDbEntity
  8
mainlayer
 62
1
370
-1
 48
1.0
  6
BYLAYER
100
AcDbSpline
 70
8
 71
3
 72
8
 73
4
 74
0
 10
1221.435546875
 20
55.2499923706054688
 30
0.0
 10
1220.4291992187502274
 20
55.6826095581054759
 30
0.0
 10
1219.35693359375
 20
55.9062423706054688
 30
0.0
 10
1218.26171875
 20
55.9111251831054688
 30
0.0
 40
0.0
 40
0.0
 40
0.0
 40
0.0
 40
4.0
 40
4.0
 40
4.0
 40
4.0
  0
LWPOLYLINE
  5
1B5
100
AcDbEntity
  8
mainlayer
 62
1
370
-1
 48
1.0
  6
BYLAYER
100
AcDbPolyline
 90
38
 70
0
 10
1218.26171875
 20
55.9111251831054688
 10
1216.02587890625
 20
55.5937423706054688
 10
1216.02587890625
 20
55.5937423706054688
 10
1214.0791015625
 20
54.6415939331054688
 10
1214.0791015625
 20
54.6415939331054688
 10
1212.4384765625
 20
53.0654220581054688
 10
1212.4384765625
 20
53.0654220581054688
 10
1211.33203125
 20
50.9941329956054688
 10
1211.33203125
 20
50.9941329956054688
 10
1210.8291015625
 20
48.4697189331054688
 10
1210.8291015625
 20
48.4697189331054688
 10
1210.919921875
 20
45.7080001831054688
 10
1210.919921875
 20
45.7080001831054688
 10
1211.57275390625
 20
43.3437461853027344
 10
1211.57275390625
 20
43.3437461853027344
 10
1212.78564453125
 20
41.4179649353027344
 10
1212.78564453125
 20
41.4179649353027344
 10
1214.53271484375
 20
39.9833946228027344
 10
1214.53271484375
 20
39.9833946228027344
 10
1216.7880859375
 20
39.0898399353027344
 10
1216.7880859375
 20
39.0898399353027344
 10
1218.57373046875
 20
38.7949180603027344
 10
1218.57373046875
 20
38.7949180603027344
 10
1218.921875
 20
42.1884727478027344
 10
1218.921875
 20
42.1884727478027344
 10
1216.66552734375
 20
42.5605430603027344
 10
1216.66552734375
 20
42.5605430603027344
 10
1215.33447265625
 20
43.3027305603027344
 10
1215.33447265625
 20
43.3027305603027344
 10
1214.33349609375
 20
44.4130783081054688
 10
1214.33349609375
 20
44.4130783081054688
 10
1213.72998046875
 20
45.7997970581054688
 10
1213.72998046875
 20
45.7997970581054688
 10
1213.5498046875
 20
48.0048751831054688
 10
1213.5498046875
 20
48.0048751831054688
 10
1214.05517578125
 20
49.9413986206054688
 10
1214.05517578125
 20
49.9413986206054688
 10
1214.876953125
 20
51.1132736206054688
  0
SPLINE
  5
1B6
100
AcDbEntity
  8
mainlayer
 62
1
370
-1
 48
1.0
  6
BYLAYER
100
AcDbSpline
 70
8
 71
3
 72
8
 73
4
 74
0
 10
1214.876953125
 20
51.1132736206054688
 30
0.0
 10
1215.2119140625002274
 20
51.460929870605483
 30
0.0
 10
1215.59716796875
 20
51.7519454956054688
 30
0.0
 10
1216.02294921875
 20
51.9785079956054688
 30
0.0
 40
0.0
 40
0.0
 40
0.0
 40
0.0
 40
4.0
 40
4.0
 40
4.0
 40
4.0
  0
SPLINE
  5
1B7
100
AcDbEntity
  8
mainlayer
 62
1
370
-1
 48
1.0
  6
BYLAYER
100
AcDbSpline
 70
8
 71
3
 72
8
 73
4
 74
0
 10
1216.02294921875
 20
51.9785079956054688
 30
0.0
 10
1216.4487304687502274
 20
52.205070495605483
 30
0.0
 10
1216.90478515625
 20
52.3632736206054688
 30
0.0
 10
1217.3798828125
 20
52.4472579956054688
 30
0.0
 40
0.0
 40
0.0
 40
0.0
 40
0.0
 40
4.0
 40
4.0
 40
4.0
 40
4.0
  0
SPLINE
  5
1B8
100
AcDbEntity
  8
mainlayer
 62
1
370
-1
 48
1.0
  6
BYLAYER
100
AcDbSpline
 70
8
 71
3
 72
8
 73
4
 74
0
 10
1217.3798828125
 20
52.4472579956054688
 30
0.0
 10
1217.6469726562502274
 20
52.494132995605483
 30
0.0
 10
1217.91748046875
 20
52.5175704956054688
 30
0.0
 10
1218.1884765625
 20
52.5175704956054688
 30
0.0
 40
0.0
 40
0.0
 40
0.0
 40
0.0
 40
4.0
 40
4.0
 40
4.0
 40
4.0
  0
LWPOLYLINE
  5
1B9
100
AcDbEntity
  8
mainlayer
 62
1
370
-1
 48
1.0
  6
BYLAYER
100
AcDbPolyline
 90
12
 70
0
 10
1218.1884765625
 20
52.5175704956054688
 10
1220.11669921875
 20
52.1318283081054688
 10
1220.11669921875
 20
52.1318283081054688
 10
1222.4287109375
 20
50.7724533081054688
 10
1222.4287109375
 20
50.7724533081054688
 10
1225.7548828125
 20
47.5136642456054688
 10
1225.7548828125
 20
47.5136642456054688
 10
1231.013671875
 20
41.5615196228027344
 10
1231.013671875
 20
41.5615196228027344
 10
1233.70361328125
 20
39.4394493103027344
 10
1233.70361328125
 20
39.4394493103027344
 10
1235.505859375
 20
38.5566368103027344
  0
SPLINE
  5
1BA
100
AcDbEntity
  8
mainlayer
 62
1
370
-1
 48
1.0
  6
BYLAYER
100
AcDbSpline
 70
8
 71
3
 72
8
 73
4
 74
0
 10
1235.505859375
 20
38.5566368103027344
 30
0.0
 10
1236.2397460937504547
 20
38.2763633728027486
 30
0.0
 10
1237.01416015625
 20
38.1455039978027273
 30
0.0
 10
1237.79931640625
 20
38.1708946228027344
 30
0.0
 40
0.0
 40
0.0
 40
0.0
 40
0.0
 40
4.0
 40
4.0
 40
4.0
 40
4.0
  0
LWPOLYLINE
  5
1BB
100
AcDbEntity
  8
mainlayer
 62
1
370
-1
 48
1.0
  6
BYLAYER
100
AcDbPolyline
 90
6
 70
0
 10
1237.79931640625
 20
38.1708946228027344
 10
1237.79931640625
 20
55.9472579956054688
 10
1237.79931640625
 20
55.9472579956054688
 10
1234.62548828125
 20
55.9472579956054688
 10
1234.62548828125
 20
55.9472579956054688
 10
1234.62548828125
 20
42.7578086853027344
  0
LWPOLYLINE
  5
1BC
100
AcDbEntity
  8
mainlayer
 62
1
370
-1
 48
1.0
  6
BYLAYER
100
AcDbPolyline
 90
22
 70
0
 10
1225.37939453125
 20
85.1347579956054688
 10
1225.49169921875
 20
93.6210861206054688
 10
1225.49169921875
 20
93.6210861206054688
 10
1225.95166015625
 20
95.6210861206054688
 10
1225.95166015625
 20
95.6210861206054688
 10
1226.87451171875
 20
97.0029220581054688
 10
1226.87451171875
 20
97.0029220581054688
 10
1228.2763671875
 20
97.8955001831054688
 10
1228.2763671875
 20
97.8955001831054688
 10
1230.00244140625
 20
98.1962814331054688
 10
1230.00244140625
 20
98.1962814331054688
 10
1231.75830078125
 20
97.8964767456054688
 10
1231.75830078125
 20
97.8964767456054688
 10
1233.1328125
 20
97.0585861206054688
 10
1233.1328125
 20
97.0585861206054688
 10
1234.00146484375
 20
95.8691329956054688
 10
1234.00146484375
 20
95.8691329956054688
 10
1234.55322265625
 20
93.8388595581054688
 10
1234.55322265625
 20
93.8388595581054688
 10
1234.62548828125
 20
85.1347579956054688
 10
1234.62548828125
 20
85.1347579956054688
 10
1225.37939453125
 20
85.1347579956054688
  0
LWPOLYLINE
  5
1BD
100
AcDbEntity
  8
mainlayer
 62
0
370
-1
 48
1.0
  6
BYLAYER
100
AcDbPolyline
 90
2
 70
0
 10
1286.76220703125
 20
1027.74609375
 10
1273.1181640625
 20
939.8583984375
  0
SPLINE
  5
1BE
100
AcDbEntity
  8
mainlayer
 62
0
370
-1
 48
1.0
  6
BYLAYER
100
AcDbSpline
 70
8
 71
3
 72
8
 73
4
 74
0
 10
1273.1181640625
 20
939.8583984375
 30
0.0
 10
1261.8544921875002274
 20
865.5292968750002274
 30
0.0
 10
1253.77587890625
 20
790.787109375
 30
0.0
 10
1248.8974609375
 20
715.767578125
 30
0.0
 40
0.0
 40
0.0
 40
0.0
 40
0.0
 40
4.0
 40
4.0
 40
4.0
 40
4.0
  0
SPLINE
  5
1BF
100
AcDbEntity
  8
mainlayer
 62
0
370
-1
 48
1.0
  6
BYLAYER
100
AcDbSpline
 70
8
 71
3
 72
8
 73
4
 74
0
 10
1248.8974609375
 20
715.767578125
 30
0.0
 10
1246.4443359375
 20
677.5566406250001137
 30
0.0
 10
1244.6948242187497726
 20
639.306640625
 30
0.0
 10
1243.6494140625
 20
601.03125
 30
0.0
 40
0.0
 40
0.0
 40
0.0
 40
0.0
 40
4.0
 40
4.0
 40
4.0
 40
4.0
  0
SPLINE
  5
1C0
100
AcDbEntity
  8
mainlayer
 62
0
370
-1
 48
1.0
  6
BYLAYER
100
AcDbSpline
 70
8
 71
3
 72
8
 73
4
 74
0
 10
1243.6494140625
 20
601.03125
 30
0.0
 10
1242.8242187500002274
 20
571.1904296875002274
 30
0.0
 10
1242.26416015625
 20
541.3427734374998863
 30
0.0
 10
1241.9697265625
 20
511.4921875
 30
0.0
 40
0.0
 40
0.0
 40
0.0
 40
0.0
 40
4.0
 40
4.0
 40
4.0
 40
4.0
  0
LWPOLYLINE
  5
1C1
100
AcDbEntity
  8
mainlayer
 62
0
370
-1
 48
1.0
  6
BYLAYER
100
AcDbPolyline
 90
2
 70
0
 10
1241.9697265625
 20
511.4921875
 10
1241.66064453125
 20
477.578125
  0
SPLINE
  5
1C2
100
AcDbEntity
  8
mainlayer
 62
0
370
-1
 48
1.0
  6
BYLAYER
100
AcDbSpline
 70
8
 71
3
 72
8
 73
4
 74
0
 10
1241.66064453125
 20
477.578125
 30
0.0
 10
1241.4140625000002274
 20
446.4902343750001705
 30
0.0
 10
1241.48828125
 20
415.4023437499999432
 30
0.0
 10
1241.88427734375
 20
384.31640625
 30
0.0
 40
0.0
 40
0.0
 40
0.0
 40
0.0
 40
4.0
 40
4.0
 40
4.0
 40
4.0
  0
SPLINE
  5
1C3
100
AcDbEntity
  8
mainlayer
 62
0
370
-1
 48
1.0
  6
BYLAYER
100
AcDbSpline
 70
8
 71
3
 72
8
 73
4
 74
0
 10
1241.88427734375
 20
384.31640625
 30
0.0
 10
1242.2495117187502274
 20
356.0439453125000568
 30
0.0
 10
1243.05224609375
 20
327.7802734375
 30
0.0
 10
1244.29296875
 20
299.5322265625
 30
0.0
 40
0.0
 40
0.0
 40
0.0
 40
0.0
 40
4.0
 40
4.0
 40
4.0
 40
4.0
  0
SPLINE
  5
1C4
100
AcDbEntity
  8
mainlayer
 62
0
370
-1
 48
1.0
  6
BYLAYER
100
AcDbSpline
 70
8
 71
3
 72
8
 73
4
 74
0
 10
1244.29296875
 20
299.5322265625
 30
0.0
 10
1245.7114257812502274
 20
266.9804687500000568
 30
0.0
 10
1247.93017578125
 20
234.4736328125
 30
0.0
 10
1250.94677734375
 20
202.03125
 30
0.0
 40
0.0
 40
0.0
 40
0.0
 40
0.0
 40
4.0
 40
4.0
 40
4.0
 40
4.0
  0
SPLINE
  5
1C5
100
AcDbEntity
  8
mainlayer
 62
0
370
-1
 48
1.0
  6
BYLAYER
100
AcDbSpline
 70
8
 71
3
 72
8
 73
4
 74
0
 10
1250.94677734375
 20
202.03125
 30
0.0
 10
1254.2480468750002274
 20
166.5556640625
 30
0.0
 10
1258.7724609374997726
 20
131.21484375
 30
0.0
 10
1264.5146484375
 20
96.0517501831054688
 30
0.0
 40
0.0
 40
0.0
 40
0.0
 40
0.0
 40
4.0
 40
4.0
 40
4.0
 40
4.0
  0
SPLINE
  5
1C6
100
AcDbEntity
  8
mainlayer
 62
0
370
-1
 48
1.0
  6
BYLAYER
100
AcDbSpline
 70
8
 71
3
 72
8
 73
4
 74
0
 10
1264.5146484375
 20
96.0517501831054688
 30
0.0
 10
1268.4931640625004547
 20
71.951164245605483
 30
0.0
 10
1272.9042968749997726
 20
47.9267501831054688
 30
0.0
 10
1277.74658203125
 20
23.9853496551513672
 30
0.0
 40
0.0
 40
0.0
 40
0.0
 40
0.0
 40
4.0
 40
4.0
 40
4.0
 40
4.0
  0
LWPOLYLINE
  5
1C7
100
AcDbEntity
  8
mainlayer
 62
0
370
-1
 48
1.0
  6
BYLAYER
100
AcDbPolyline
 90
40
 70
0
 10
1277.74658203125
 20
23.9853496551513672
 10
1278.60107421875
 20
19.7460918426513672
 10
1278.60107421875
 20
19.7460918426513672
 10
1264.05078125
 20
19.7460918426513672
 10
1264.05078125
 20
19.7460918426513672
 10
1267.388671875
 20
9.7441387176513672
 10
1267.388671875
 20
9.7441387176513672
 10
1247.3896484375
 20
9.7441387176513672
 10
1247.3896484375
 20
9.7441387176513672
 10
1250.72265625
 20
19.7460918426513672
 10
1250.72265625
 20
19.7460918426513672
 10
1229.052734375
 20
19.7460918426513672
 10
1229.052734375
 20
19.7460918426513672
 10
1232.390625
 20
9.7441387176513672
 10
1232.390625
 20
9.7441387176513672
 10
1212.39111328125
 20
9.7441387176513672
 10
1212.39111328125
 20
9.7441387176513672
 10
1215.724609375
 20
19.7460918426513672
 10
1215.724609375
 20
19.7460918426513672
 10
1201.75390625
 20
19.7460918426513672
 10
1201.75390625
 20
19.7460918426513672
 10
1201.75390625
 20
516.0693359375
 10
1201.75390625
 20
516.0693359375
 10
1198.52197265625
 20
516.0693359375
 10
1198.52197265625
 20
516.0693359375
 10
1191.36767578125
 20
508.9150390625
 10
1191.36767578125
 20
508.9150390625
 10
1183.94189453125
 20
516.337890625
 10
1183.94189453125
 20
516.337890625
 10
1183.94189453125
 20
531.1572265625
 10
1183.94189453125
 20
531.1572265625
 10
1191.36767578125
 20
538.580078125
 10
1191.36767578125
 20
538.580078125
 10
1198.52197265625
 20
531.421875
 10
1198.52197265625
 20
531.421875
 10
1201.75390625
 20
531.421875
 10
1201.75390625
 20
531.421875
 10
1201.75390625
 20
1027.74609375
 10
1201.75390625
 20
1027.74609375
 10
1286.76220703125
 20
1027.74609375
  0
LWPOLYLINE
  5
1C8
100
AcDbEntity
  8
mainlayer
 62
0
370
-1
 48
1.0
  6
BYLAYER
100
AcDbPolyline
 90
2
 70
0
 10
1412.8232421875
 20
2708.51953125
 10
1402.0078125
 20
2617.9375
  0
SPLINE
  5
1C9
100
AcDbEntity
  8
mainlayer
 62
0
370
-1
 48
1.0
  6
BYLAYER
100
AcDbSpline
 70
8
 71
3
 72
8
 73
4
 74
0
 10
1402.0078125
 20
2617.9375
 30
0.0
 10
1396.6503906250002274
 20
2572.2656250000009095
 30
0.0
 10
1391.9716796875002274
 20
2526.5185546874995453
 30
0.0
 10
1387.97314453125
 20
2480.70703125
 30
0.0
 40
0.0
 40
0.0
 40
0.0
 40
0.0
 40
4.0
 40
4.0
 40
4.0
 40
4.0
  0
SPLINE
  5
1CA
100
AcDbEntity
  8
mainlayer
 62
0
370
-1
 48
1.0
  6
BYLAYER
100
AcDbSpline
 70
8
 71
3
 72
8
 73
4
 74
0
 10
1387.97314453125
 20
2480.70703125
 30
0.0
 10
1383.4609375000002274
 20
2428.9541015625004547
 30
0.0
 10
1380.0859375
 20
2377.1142578125
 30
0.0
 10
1377.84912109375
 20
2325.212890625
 30
0.0
 40
0.0
 40
0.0
 40
0.0
 40
0.0
 40
4.0
 40
4.0
 40
4.0
 40
4.0
  0
SPLINE
  5
1CB
100
AcDbEntity
  8
mainlayer
 62
0
370
-1
 48
1.0
  6
BYLAYER
100
AcDbSpline
 70
8
 71
3
 72
8
 73
4
 74
0
 10
1377.84912109375
 20
2325.212890625
 30
0.0
 10
1375.3808593750002274
 20
2266.7978515625004547
 30
0.0
 10
1374.4370117187497726
 20
2208.3388671875
 30
0.0
 10
1375.01806640625
 20
2149.875
 30
0.0
 40
0.0
 40
0.0
 40
0.0
 40
0.0
 40
4.0
 40
4.0
 40
4.0
 40
4.0
  0
SPLINE
  5
1CC
100
AcDbEntity
  8
mainlayer
 62
0
370
-1
 48
1.0
  6
BYLAYER
100
AcDbSpline
 70
8
 71
3
 72
8
 73
4
 74
0
 10
1375.01806640625
 20
2149.875
 30
0.0
 10
1375.3281250000002274
 20
2114.5322265625
 30
0.0
 10
1376.2890625
 20
2079.2021484375
 30
0.0
 10
1377.89990234375
 20
2043.89453125
 30
0.0
 40
0.0
 40
0.0
 40
0.0
 40
0.0
 40
4.0
 40
4.0
 40
4.0
 40
4.0
  0
SPLINE
  5
1CD
100
AcDbEntity
  8
mainlayer
 62
0
370
-1
 48
1.0
  6
BYLAYER
100
AcDbSpline
 70
8
 71
3
 72
8
 73
4
 74
0
 10
1377.89990234375
 20
2043.89453125
 30
0.0
 10
1379.8193359375002274
 20
2001.4238281250004547
 30
0.0
 10
1382.89697265625
 20
1959.021484375
 30
0.0
 10
1387.13134765625
 20
1916.71875
 30
0.0
 40
0.0
 40
0.0
 40
0.0
 40
0.0
 40
4.0
 40
4.0
 40
4.0
 40
4.0
  0
SPLINE
  5
1CE
100
AcDbEntity
  8
mainlayer
 62
0
370
-1
 48
1.0
  6
BYLAYER
100
AcDbSpline
 70
8
 71
3
 72
8
 73
4
 74
0
 10
1387.13134765625
 20
1916.71875
 30
0.0
 10
1391.5371093750004547
 20
1872.7216796875004547
 30
0.0
 10
1397.43603515625
 20
1828.8994140625
 30
0.0
 10
1404.82080078125
 20
1785.3037109375
 30
0.0
 40
0.0
 40
0.0
 40
0.0
 40
0.0
 40
4.0
 40
4.0
 40
4.0
 40
4.0
  0
SPLINE
  5
1CF
100
AcDbEntity
  8
mainlayer
 62
0
370
-1
 48
1.0
  6
BYLAYER
100
AcDbSpline
 70
8
 71
3
 72
8
 73
4
 74
0
 10
1404.82080078125
 20
1785.3037109375
 30
0.0
 10
1409.1909179687504547
 20
1759.7968750000002274
 30
0.0
 10
1413.947265625
 20
1734.3603515625
 30
0.0
 10
1419.08935546875
 20
1708.998046875
 30
0.0
 40
0.0
 40
0.0
 40
0.0
 40
0.0
 40
4.0
 40
4.0
 40
4.0
 40
4.0
  0
LWPOLYLINE
  5
1D0
100
AcDbEntity
  8
mainlayer
 62
0
370
-1
 48
1.0
  6
BYLAYER
100
AcDbPolyline
 90
40
 70
0
 10
1419.08935546875
 20
1708.998046875
 10
1420.8056640625
 20
1700.5205078125
 10
1420.8056640625
 20
1700.5205078125
 10
1400.537109375
 20
1700.5205078125
 10
1400.537109375
 20
1700.5205078125
 10
1403.875
 20
1690.5185546875
 10
1403.875
 20
1690.5185546875
 10
1383.87548828125
 20
1690.5185546875
 10
1383.87548828125
 20
1690.5185546875
 10
1387.208984375
 20
1700.5205078125
 10
1387.208984375
 20
1700.5205078125
 10
1360.53857421875
 20
1700.5205078125
 10
1360.53857421875
 20
1700.5205078125
 10
1363.876953125
 20
1690.5185546875
 10
1363.876953125
 20
1690.5185546875
 10
1343.87744140625
 20
1690.5185546875
 10
1343.87744140625
 20
1690.5185546875
 10
1347.2109375
 20
1700.5205078125
 10
1347.2109375
 20
1700.5205078125
 10
1326.94189453125
 20
1700.5205078125
 10
1326.94189453125
 20
1700.5205078125
 10
1326.94189453125
 20
2196.84375
 10
1326.94189453125
 20
2196.84375
 10
1323.71044921875
 20
2196.84375
 10
1323.71044921875
 20
2196.84375
 10
1316.55615234375
 20
2189.689453125
 10
1316.55615234375
 20
2189.689453125
 10
1309.13037109375
 20
2197.111328125
 10
1309.13037109375
 20
2197.111328125
 10
1309.13037109375
 20
2211.931640625
 10
1309.13037109375
 20
2211.931640625
 10
1316.55615234375
 20
2219.3544921875
 10
1316.55615234375
 20
2219.3544921875
 10
1323.71044921875
 20
2212.1962890625
 10
1323.71044921875
 20
2212.1962890625
 10
1326.94189453125
 20
2212.1962890625
 10
1326.94189453125
 20
2212.1962890625
 10
1326.94189453125
 20
2708.51953125
 10
1326.94189453125
 20
2708.51953125
 10
1412.8232421875
 20
2708.51953125
  0
LWPOLYLINE
  5
1D1
100
AcDbEntity
  8
mainlayer
 62
0
370
-1
 48
1.0
  6
BYLAYER
100
AcDbPolyline
 90
4
 70
0
 10
745.30615234375
 20
2800.0
 10
742.61669921875
 20
2716.7412109375
 10
742.61669921875
 20
2716.7412109375
 10
742.03857421875
 20
2701.9560546875
  0
SPLINE
  5
1D2
100
AcDbEntity
  8
mainlayer
 62
0
370
-1
 48
1.0
  6
BYLAYER
100
AcDbSpline
 70
8
 71
3
 72
8
 73
4
 74
0
 10
742.03857421875
 20
2701.9560546875
 30
0.0
 10
740.5444335937502274
 20
2666.0595703125009095
 30
0.0
 10
738.65380859375
 20
2630.1826171875
 30
0.0
 10
736.3671875
 20
2594.328125
 30
0.0
 40
0.0
 40
0.0
 40
0.0
 40
0.0
 40
4.0
 40
4.0
 40
4.0
 40
4.0
  0
LWPOLYLINE
  5
1D3
100
AcDbEntity
  8
mainlayer
 62
0
370
-1
 48
1.0
  6
BYLAYER
100
AcDbPolyline
 90
2
 70
0
 10
736.3671875
 20
2594.328125
 10
728.99853515625
 20
2482.3935546875
  0
SPLINE
  5
1D4
100
AcDbEntity
  8
mainlayer
 62
0
370
-1
 48
1.0
  6
BYLAYER
100
AcDbSpline
 70
8
 71
3
 72
8
 73
4
 74
0
 10
728.99853515625
 20
2482.3935546875
 30
0.0
 10
727.3017578125001137
 20
2456.6767578125004547
 30
0.0
 10
725.826171875
 20
2430.947265625
 30
0.0
 10
724.5712890625
 20
2405.205078125
 30
0.0
 40
0.0
 40
0.0
 40
0.0
 40
0.0
 40
4.0
 40
4.0
 40
4.0
 40
4.0
  0
SPLINE
  5
1D5
100
AcDbEntity
  8
mainlayer
 62
0
370
-1
 48
1.0
  6
BYLAYER
100
AcDbSpline
 70
8
 71
3
 72
8
 73
4
 74
0
 10
724.5712890625
 20
2405.205078125
 30
0.0
 10
723.3583984375001137
 20
2380.2783203125004547
 30
0.0
 10
722.5756835937498863
 20
2355.3349609375
 30
0.0
 10
722.22314453125
 20
2330.3818359375
 30
0.0
 40
0.0
 40
0.0
 40
0.0
 40
0.0
 40
4.0
 40
4.0
 40
4.0
 40
4.0
  0
SPLINE
  5
1D6
100
AcDbEntity
  8
mainlayer
 62
0
370
-1
 48
1.0
  6
BYLAYER
100
AcDbSpline
 70
8
 71
3
 72
8
 73
4
 74
0
 10
722.22314453125
 20
2330.3818359375
 30
0.0
 10
721.7124023437501137
 20
2294.1132812500004547
 30
0.0
 10
722.5771484375
 20
2257.8505859375
 30
0.0
 10
724.8154296875
 20
2221.6474609375
 30
0.0
 40
0.0
 40
0.0
 40
0.0
 40
0.0
 40
4.0
 40
4.0
 40
4.0
 40
4.0
  0
SPLINE
  5
1D7
100
AcDbEntity
  8
mainlayer
 62
0
370
-1
 48
1.0
  6
BYLAYER
100
AcDbSpline
 70
8
 71
3
 72
8
 73
4
 74
0
 10
724.8154296875
 20
2221.6474609375
 30
0.0
 10
726.5952148437501137
 20
2193.1396484375004547
 30
0.0
 10
729.0356445312498863
 20
2164.6796875
 30
0.0
 10
732.1357421875
 20
2136.28515625
 30
0.0
 40
0.0
 40
0.0
 40
0.0
 40
0.0
 40
4.0
 40
4.0
 40
4.0
 40
4.0
  0
SPLINE
  5
1D8
100
AcDbEntity
  8
mainlayer
 62
0
370
-1
 48
1.0
  6
BYLAYER
100
AcDbSpline
 70
8
 71
3
 72
8
 73
4
 74
0
 10
732.1357421875
 20
2136.28515625
 30
0.0
 10
734.9550781250002274
 20
2110.3710937500009095
 30
0.0
 10
738.15576171875
 20
2084.5029296875
 30
0.0
 10
741.7373046875
 20
2058.68359375
 30
0.0
 40
0.0
 40
0.0
 40
0.0
 40
0.0
 40
4.0
 40
4.0
 40
4.0
 40
4.0
  0
SPLINE
  5
1D9
100
AcDbEntity
  8
mainlayer
 62
0
370
-1
 48
1.0
  6
BYLAYER
100
AcDbSpline
 70
8
 71
3
 72
8
 73
4
 74
0
 10
741.7373046875
 20
2058.68359375
 30
0.0
 10
745.6894531250001137
 20
2030.1923828125006821
 30
0.0
 10
749.8994140625
 20
2001.73828125
 30
0.0
 10
754.3662109375
 20
1973.3232421875
 30
0.0
 40
0.0
 40
0.0
 40
0.0
 40
0.0
 40
4.0
 40
4.0
 40
4.0
 40
4.0
  0
LWPOLYLINE
  5
1DA
100
AcDbEntity
  8
mainlayer
 62
0
370
-1
 48
1.0
  6
BYLAYER
100
AcDbPolyline
 90
8
 70
0
 10
754.3662109375
 20
1973.3232421875
 10
780.13427734375
 20
1810.3583984375
 10
780.13427734375
 20
1810.3583984375
 10
791.806640625
 20
1732.7568359375
 10
791.806640625
 20
1732.7568359375
 10
801.61669921875
 20
1662.9150390625
 10
801.61669921875
 20
1662.9150390625
 10
804.7021484375
 20
1639.634765625
  0
SPLINE
  5
1DB
100
AcDbEntity
  8
mainlayer
 62
0
370
-1
 48
1.0
  6
BYLAYER
100
AcDbSpline
 70
8
 71
3
 72
8
 73
4
 74
0
 10
804.7021484375
 20
1639.634765625
 30
0.0
 10
810.1206054687501137
 20
1598.3173828125004547
 30
0.0
 10
814.94873046875
 20
1556.9277343749997726
 30
0.0
 10
819.18603515625
 20
1515.47265625
 30
0.0
 40
0.0
 40
0.0
 40
0.0
 40
0.0
 40
4.0
 40
4.0
 40
4.0
 40
4.0
  0
SPLINE
  5
1DC
100
AcDbEntity
  8
mainlayer
 62
0
370
-1
 48
1.0
  6
BYLAYER
100
AcDbSpline
 70
8
 71
3
 72
8
 73
4
 74
0
 10
819.18603515625
 20
1515.47265625
 30
0.0
 10
821.7055664062501137
 20
1490.9287109375002274
 30
0.0
 10
823.90185546875
 20
1466.3525390625
 30
0.0
 10
825.7744140625
 20
1441.7509765625
 30
0.0
 40
0.0
 40
0.0
 40
0.0
 40
0.0
 40
4.0
 40
4.0
 40
4.0
 40
4.0
  0
SPLINE
  5
1DD
100
AcDbEntity
  8
mainlayer
 62
0
370
-1
 48
1.0
  6
BYLAYER
100
AcDbSpline
 70
8
 71
3
 72
8
 73
4
 74
0
 10
825.7744140625
 20
1441.7509765625
 30
0.0
 10
827.7460937500001137
 20
1415.9169921875002274
 30
0.0
 10
829.14794921875
 20
1390.0458984375
 30
0.0
 10
829.9794921875
 20
1364.1494140625
 30
0.0
 40
0.0
 40
0.0
 40
0.0
 40
0.0
 40
4.0
 40
4.0
 40
4.0
 40
4.0
  0
SPLINE
  5
1DE
100
AcDbEntity
  8
mainlayer
 62
0
370
-1
 48
1.0
  6
BYLAYER
100
AcDbSpline
 70
8
 71
3
 72
8
 73
4
 74
0
 10
829.9794921875
 20
1364.1494140625
 30
0.0
 10
830.8090820312502274
 20
1338.2871093750002274
 30
0.0
 10
830.8505859375
 20
1312.4121093749997726
 30
0.0
 10
830.103515625
 20
1286.546875
 30
0.0
 40
0.0
 40
0.0
 40
0.0
 40
0.0
 40
4.0
 40
4.0
 40
4.0
 40
4.0
  0
SPLINE
  5
1DF
100
AcDbEntity
  8
mainlayer
 62
0
370
-1
 48
1.0
  6
BYLAYER
100
AcDbSpline
 70
8
 71
3
 72
8
 73
4
 74
0
 10
830.103515625
 20
1286.546875
 30
0.0
 10
829.3515625000001137
 20
1260.6181640625002274
 30
0.0
 10
827.59716796875
 20
1234.73828125
 30
0.0
 10
824.8427734375
 20
1208.9453125
 30
0.0
 40
0.0
 40
0.0
 40
0.0
 40
0.0
 40
4.0
 40
4.0
 40
4.0
 40
4.0
  0
SPLINE
  5
1E0
100
AcDbEntity
  8
mainlayer
 62
0
370
-1
 48
1.0
  6
BYLAYER
100
AcDbSpline
 70
8
 71
3
 72
8
 73
4
 74
0
 10
824.8427734375
 20
1208.9453125
 30
0.0
 10
821.9179687500001137
 20
1181.5888671875002274
 30
0.0
 10
817.66650390625
 20
1154.4072265625
 30
0.0
 10
812.0986328125
 20
1127.4638671875
 30
0.0
 40
0.0
 40
0.0
 40
0.0
 40
0.0
 40
4.0
 40
4.0
 40
4.0
 40
4.0
  0
SPLINE
  5
1E1
100
AcDbEntity
  8
mainlayer
 62
0
370
-1
 48
1.0
  6
BYLAYER
100
AcDbSpline
 70
8
 71
3
 72
8
 73
4
 74
0
 10
812.0986328125
 20
1127.4638671875
 30
0.0
 10
808.5512695312501137
 20
1110.5400390625002274
 30
0.0
 10
804.533203125
 20
1093.7216796875
 30
0.0
 10
800.04833984375
 20
1077.0224609375
 30
0.0
 40
0.0
 40
0.0
 40
0.0
 40
0.0
 40
4.0
 40
4.0
 40
4.0
 40
4.0
  0
SPLINE
  5
1E2
100
AcDbEntity
  8
mainlayer
 62
0
370
-1
 48
1.0
  6
BYLAYER
100
AcDbSpline
 70
8
 71
3
 72
8
 73
4
 74
0
 10
800.04833984375
 20
1077.0224609375
 30
0.0
 10
795.1577148437501137
 20
1058.8203125
 30
0.0
 10
789.93212890625
 20
1040.7109375
 30
0.0
 10
784.37353515625
 20
1022.701171875
 30
0.0
 40
0.0
 40
0.0
 40
0.0
 40
0.0
 40
4.0
 40
4.0
 40
4.0
 40
4.0
  0
SPLINE
  5
1E3
100
AcDbEntity
  8
mainlayer
 62
0
370
-1
 48
1.0
  6
BYLAYER
100
AcDbSpline
 70
8
 71
3
 72
8
 73
4
 74
0
 10
784.37353515625
 20
1022.701171875
 30
0.0
 10
779.1860351562501137
 20
1005.8486328125003411
 30
0.0
 10
773.8730468749998863
 20
989.0341796875
 30
0.0
 10
768.43505859375
 20
972.2607421875
 30
0.0
 40
0.0
 40
0.0
 40
0.0
 40
0.0
 40
4.0
 40
4.0
 40
4.0
 40
4.0
  0
LWPOLYLINE
  5
1E4
100
AcDbEntity
  8
mainlayer
 62
0
370
-1
 48
1.0
  6
BYLAYER
100
AcDbPolyline
 90
2
 70
0
 10
768.43505859375
 20
972.2607421875
 10
758.4345703125
 20
941.2197265625
  0
SPLINE
  5
1E5
100
AcDbEntity
  8
mainlayer
 62
0
370
-1
 48
1.0
  6
BYLAYER
100
AcDbSpline
 70
8
 71
3
 72
8
 73
4
 74
0
 10
758.4345703125
 20
941.2197265625
 30
0.0
 10
753.4335937500002274
 20
925.7373046875002274
 30
0.0
 10
748.5527343749998863
 20
910.216796875
 30
0.0
 10
743.7919921875
 20
894.6591796875
 30
0.0
 40
0.0
 40
0.0
 40
0.0
 40
0.0
 40
4.0
 40
4.0
 40
4.0
 40
4.0
  0
SPLINE
  5
1E6
100
AcDbEntity
  8
mainlayer
 62
0
370
-1
 48
1.0
  6
BYLAYER
100
AcDbSpline
 70
8
 71
3
 72
8
 73
4
 74
0
 10
743.7919921875
 20
894.6591796875
 30
0.0
 10
738.2626953125001137
 20
876.6523437500001137
 30
0.0
 10
733.07861328125
 20
858.54296875
 30
0.0
 10
728.24072265625
 20
840.337890625
 30
0.0
 40
0.0
 40
0.0
 40
0.0
 40
0.0
 40
4.0
 40
4.0
 40
4.0
 40
4.0
  0
SPLINE
  5
1E7
100
AcDbEntity
  8
mainlayer
 62
0
370
-1
 48
1.0
  6
BYLAYER
100
AcDbSpline
 70
8
 71
3
 72
8
 73
4
 74
0
 10
728.24072265625
 20
840.337890625
 30
0.0
 10
723.8076171875002274
 20
823.6386718750002274
 30
0.0
 10
719.85009765625
 20
806.8203125
 30
0.0
 10
716.37109375
 20
789.896484375
 30
0.0
 40
0.0
 40
0.0
 40
0.0
 40
0.0
 40
4.0
 40
4.0
 40
4.0
 40
4.0
  0
SPLINE
  5
1E8
100
AcDbEntity
  8
mainlayer
 62
0
370
-1
 48
1.0
  6
BYLAYER
100
AcDbSpline
 70
8
 71
3
 72
8
 73
4
 74
0
 10
716.37109375
 20
789.896484375
 30
0.0
 10
713.2016601562502274
 20
774.4736328125001137
 30
0.0
 10
710.5927734375
 20
758.947265625
 30
0.0
 10
708.546875
 20
743.3359375
 30
0.0
 40
0.0
 40
0.0
 40
0.0
 40
0.0
 40
4.0
 40
4.0
 40
4.0
 40
4.0
  0
SPLINE
  5
1E9
100
AcDbEntity
  8
mainlayer
 62
0
370
-1
 48
1.0
  6
BYLAYER
100
AcDbSpline
 70
8
 71
3
 72
8
 73
4
 74
0
 10
708.546875
 20
743.3359375
 30
0.0
 10
706.2280273437501137
 20
725.3027343750001137
 30
0.0
 10
704.71875
 20
707.18359375
 30
0.0
 10
704.0224609375
 20
689.0146484375
 30
0.0
 40
0.0
 40
0.0
 40
0.0
 40
0.0
 40
4.0
 40
4.0
 40
4.0
 40
4.0
  0
SPLINE
  5
1EA
100
AcDbEntity
  8
mainlayer
 62
0
370
-1
 48
1.0
  6
BYLAYER
100
AcDbSpline
 70
8
 71
3
 72
8
 73
4
 74
0
 10
704.0224609375
 20
689.0146484375
 30
0.0
 10
703.2788085937501137
 20
669.6191406250001137
 30
0.0
 10
703.2666015625
 20
650.2099609375
 30
0.0
 10
703.98681640625
 20
630.8134765625
 30
0.0
 40
0.0
 40
0.0
 40
0.0
 40
0.0
 40
4.0
 40
4.0
 40
4.0
 40
4.0
  0
SPLINE
  5
1EB
100
AcDbEntity
  8
mainlayer
 62
0
370
-1
 48
1.0
  6
BYLAYER
100
AcDbSpline
 70
8
 71
3
 72
8
 73
4
 74
0
 10
703.98681640625
 20
630.8134765625
 30
0.0
 10
704.70556640625
 20
611.3818359375001137
 30
0.0
 10
705.94677734375
 20
591.9765625
 30
0.0
 10
707.70947265625
 20
572.6123046875
 30
0.0
 40
0.0
 40
0.0
 40
0.0
 40
0.0
 40
4.0
 40
4.0
 40
4.0
 40
4.0
  0
SPLINE
  5
1EC
100
AcDbEntity
  8
mainlayer
 62
0
370
-1
 48
1.0
  6
BYLAYER
100
AcDbSpline
 70
8
 71
3
 72
8
 73
4
 74
0
 10
707.70947265625
 20
572.6123046875
 30
0.0
 10
709.4750976562501137
 20
553.1796875000002274
 30
0.0
 10
711.5537109375001137
 20
533.77734375
 30
0.0
 10
713.9443359375
 20
514.4111328125
 30
0.0
 40
0.0
 40
0.0
 40
0.0
 40
0.0
 40
4.0
 40
4.0
 40
4.0
 40
4.0
  0
SPLINE
  5
1ED
100
AcDbEntity
  8
mainlayer
 62
0
370
-1
 48
1.0
  6
BYLAYER
100
AcDbSpline
 70
8
 71
3
 72
8
 73
4
 74
0
 10
713.9443359375
 20
514.4111328125
 30
0.0
 10
716.1723632812501137
 20
496.2910156250000568
 30
0.0
 10
718.5009765625
 20
478.18359375
 30
0.0
 10
720.93017578125
 20
460.08984375
 30
0.0
 40
0.0
 40
0.0
 40
0.0
 40
0.0
 40
4.0
 40
4.0
 40
4.0
 40
4.0
  0
LWPOLYLINE
  5
1EE
100
AcDbEntity
  8
mainlayer
 62
0
370
-1
 48
1.0
  6
BYLAYER
100
AcDbPolyline
 90
2
 70
0
 10
720.93017578125
 20
460.08984375
 10
728.00439453125
 20
405.7685546875
  0
SPLINE
  5
1EF
100
AcDbEntity
  8
mainlayer
 62
0
370
-1
 48
1.0
  6
BYLAYER
100
AcDbSpline
 70
8
 71
3
 72
8
 73
4
 74
0
 10
728.00439453125
 20
405.7685546875
 30
0.0
 10
729.9599609375001137
 20
390.2675781250001137
 30
0.0
 10
731.7480468749998863
 20
374.74609375
 30
0.0
 10
733.36962890625
 20
359.20703125
 30
0.0
 40
0.0
 40
0.0
 40
0.0
 40
0.0
 40
4.0
 40
4.0
 40
4.0
 40
4.0
  0
SPLINE
  5
1F0
100
AcDbEntity
  8
mainlayer
 62
0
370
-1
 48
1.0
  6
BYLAYER
100
AcDbSpline
 70
8
 71
3
 72
8
 73
4
 74
0
 10
733.36962890625
 20
359.20703125
 30
0.0
 10
736.2719726562501137
 20
330.8076171875000568
 30
0.0
 10
738.52001953125
 20
302.3486328125
 30
0.0
 10
740.1123046875
 20
273.845703125
 30
0.0
 40
0.0
 40
0.0
 40
0.0
 40
0.0
 40
4.0
 40
4.0
 40
4.0
 40
4.0
  0
SPLINE
  5
1F1
100
AcDbEntity
  8
mainlayer
 62
0
370
-1
 48
1.0
  6
BYLAYER
100
AcDbSpline
 70
8
 71
3
 72
8
 73
4
 74
0
 10
740.1123046875
 20
273.845703125
 30
0.0
 10
741.5649414062501137
 20
247.9951171875000284
 30
0.0
 10
742.63525390625
 20
222.1259765625
 30
0.0
 10
743.322265625
 20
196.244140625
 30
0.0
 40
0.0
 40
0.0
 40
0.0
 40
0.0
 40
4.0
 40
4.0
 40
4.0
 40
4.0
  0
SPLINE
  5
1F2
100
AcDbEntity
  8
mainlayer
 62
0
370
-1
 48
1.0
  6
BYLAYER
100
AcDbSpline
 70
8
 71
3
 72
8
 73
4
 74
0
 10
743.322265625
 20
196.244140625
 30
0.0
 10
744.0776367187502274
 20
167.7949218750000284
 30
0.0
 10
744.57275390625
 20
139.3398437499999716
 30
0.0
 10
744.80859375
 20
110.8818283081054688
 30
0.0
 40
0.0
 40
0.0
 40
0.0
 40
0.0
 40
4.0
 40
4.0
 40
4.0
 40
4.0
  0
LWPOLYLINE
  5
1F3
100
AcDbEntity
  8
mainlayer
 62
0
370
-1
 48
1.0
  6
BYLAYER
100
AcDbPolyline
 90
72
 70
0
 10
744.80859375
 20
110.8818283081054688
 10
745.47705078125
 20
9.9999980926513672
 10
745.47705078125
 20
9.9999980926513672
 10
726.4873046875
 20
9.9999980926513672
 10
726.4873046875
 20
9.9999980926513672
 10
729.82080078125
 20
20.0009746551513672
 10
729.82080078125
 20
20.0009746551513672
 10
709.8212890625
 20
20.0009746551513672
 10
709.8212890625
 20
20.0009746551513672
 10
713.15966796875
 20
9.9999980926513672
 10
713.15966796875
 20
9.9999980926513672
 10
686.4892578125
 20
9.9999980926513672
 10
686.4892578125
 20
9.9999980926513672
 10
689.82275390625
 20
20.0009746551513672
 10
689.82275390625
 20
20.0009746551513672
 10
669.8232421875
 20
20.0009746551513672
 10
669.8232421875
 20
20.0009746551513672
 10
673.1572265625
 20
9.9999980926513672
 10
673.1572265625
 20
9.9999980926513672
 10
654.171875
 20
9.9999980926513672
 10
654.171875
 20
9.9999980926513672
 10
654.171875
 20
428.3232421875
 10
654.171875
 20
428.3232421875
 10
650.93994140625
 20
428.3232421875
 10
650.93994140625
 20
428.3232421875
 10
643.78564453125
 20
421.1689453125
 10
643.78564453125
 20
421.1689453125
 10
636.35986328125
 20
428.591796875
 10
636.35986328125
 20
428.591796875
 10
636.35986328125
 20
443.412109375
 10
636.35986328125
 20
443.412109375
 10
643.78564453125
 20
450.833984375
 10
643.78564453125
 20
450.833984375
 10
650.93994140625
 20
443.67578125
 10
650.93994140625
 20
443.67578125
 10
654.171875
 20
443.67578125
 10
654.171875
 20
443.67578125
 10
654.171875
 20
1358.3232421875
 10
654.171875
 20
1358.3232421875
 10
650.93994140625
 20
1358.3232421875
 10
650.93994140625
 20
1358.3232421875
 10
643.78564453125
 20
1351.1689453125
 10
643.78564453125
 20
1351.1689453125
 10
636.35986328125
 20
1358.591796875
 10
636.35986328125
 20
1358.591796875
 10
636.35986328125
 20
1373.412109375
 10
636.35986328125
 20
1373.412109375
 10
643.78564453125
 20
1380.833984375
 10
643.78564453125
 20
1380.833984375
 10
650.93994140625
 20
1373.67578125
 10
650.93994140625
 20
1373.67578125
 10
654.171875
 20
1373.67578125
 10
654.171875
 20
1373.67578125
 10
654.171875
 20
2288.3232421875
 10
654.171875
 20
2288.3232421875
 10
650.93994140625
 20
2288.3232421875
 10
650.93994140625
 20
2288.3232421875
 10
643.78564453125
 20
2281.1689453125
 10
643.78564453125
 20
2281.1689453125
 10
636.35986328125
 20
2288.591796875
 10
636.35986328125
 20
2288.591796875
 10
636.35986328125
 20
2303.412109375
 10
636.35986328125
 20
2303.412109375
 10
643.78564453125
 20
2310.833984375
 10
643.78564453125
 20
2310.833984375
 10
650.93994140625
 20
2303.67578125
 10
650.93994140625
 20
2303.67578125
 10
654.171875
 20
2303.67578125
 10
654.171875
 20
2303.67578125
 10
654.171875
 20
2800.0
 10
654.171875
 20
2800.0
 10
745.30615234375
 20
2800.0
  0
LWPOLYLINE
  5
1F4
100
AcDbEntity
  8
mainlayer
 62
0
370
-1
 48
1.0
  6
BYLAYER
100
AcDbPolyline
 90
8
 70
0
 10
1147.9501953125
 20
2800.0
 10
1140.36181640625
 20
2687.3671875
 10
1140.36181640625
 20
2687.3671875
 10
1126.8212890625
 20
2503.26953125
 10
1126.8212890625
 20
2503.26953125
 10
1122.9013671875
 20
2441.3896484375
 10
1122.9013671875
 20
2441.3896484375
 10
1122.4521484375
 20
2433.294921875
  0
SPLINE
  5
1F5
100
AcDbEntity
  8
mainlayer
 62
0
370
-1
 48
1.0
  6
BYLAYER
100
AcDbSpline
 70
8
 71
3
 72
8
 73
4
 74
0
 10
1122.4521484375
 20
2433.294921875
 30
0.0
 10
1120.8305664062504547
 20
2404.2177734375004547
 30
0.0
 10
1119.67138671875
 20
2375.1181640624995453
 30
0.0
 10
1118.974609375
 20
2346.0048828125
 30
0.0
 40
0.0
 40
0.0
 40
0.0
 40
0.0
 40
4.0
 40
4.0
 40
4.0
 40
4.0
  0
SPLINE
  5
1F6
100
AcDbEntity
  8
mainlayer
 62
0
370
-1
 48
1.0
  6
BYLAYER
100
AcDbSpline
 70
8
 71
3
 72
8
 73
4
 74
0
 10
1118.974609375
 20
2346.0048828125
 30
0.0
 10
1118.2314453125002274
 20
2314.9013671875004547
 30
0.0
 10
1118.26806640625
 20
2283.7900390625
 30
0.0
 10
1119.083984375
 20
2252.6884765625
 30
0.0
 40
0.0
 40
0.0
 40
0.0
 40
0.0
 40
4.0
 40
4.0
 40
4.0
 40
4.0
  0
SPLINE
  5
1F7
100
AcDbEntity
  8
mainlayer
 62
0
370
-1
 48
1.0
  6
BYLAYER
100
AcDbSpline
 70
8
 71
3
 72
8
 73
4
 74
0
 10
1119.083984375
 20
2252.6884765625
 30
0.0
 10
1120.1352539062502274
 20
2215.1259765625004547
 30
0.0
 10
1122.25390625
 20
2177.6083984375
 30
0.0
 10
1125.4384765625
 20
2140.166015625
 30
0.0
 40
0.0
 40
0.0
 40
0.0
 40
0.0
 40
4.0
 40
4.0
 40
4.0
 40
4.0
  0
SPLINE
  5
1F8
100
AcDbEntity
  8
mainlayer
 62
0
370
-1
 48
1.0
  6
BYLAYER
100
AcDbSpline
 70
8
 71
3
 72
8
 73
4
 74
0
 10
1125.4384765625
 20
2140.166015625
 30
0.0
 10
1128.1782226562502274
 20
2107.7666015625004547
 30
0.0
 10
1131.5595703125
 20
2075.4287109375
 30
0.0
 10
1135.5810546875
 20
2043.1640625
 30
0.0
 40
0.0
 40
0.0
 40
0.0
 40
0.0
 40
4.0
 40
4.0
 40
4.0
 40
4.0
  0
SPLINE
  5
1F9
100
AcDbEntity
  8
mainlayer
 62
0
370
-1
 48
1.0
  6
BYLAYER
100
AcDbSpline
 70
8
 71
3
 72
8
 73
4
 74
0
 10
1135.5810546875
 20
2043.1640625
 30
0.0
 10
1140.1044921875002274
 20
2006.8662109375004547
 30
0.0
 10
1145.23291015625
 20
1970.6484375
 30
0.0
 10
1150.96435546875
 20
1934.521484375
 30
0.0
 40
0.0
 40
0.0
 40
0.0
 40
0.0
 40
4.0
 40
4.0
 40
4.0
 40
4.0
  0
SPLINE
  5
1FA
100
AcDbEntity
  8
mainlayer
 62
0
370
-1
 48
1.0
  6
BYLAYER
100
AcDbSpline
 70
8
 71
3
 72
8
 73
4
 74
0
 10
1150.96435546875
 20
1934.521484375
 30
0.0
 10
1155.8945312500002274
 20
1903.4316406250004547
 30
0.0
 10
1161.1220703125
 20
1872.3896484375
 30
0.0
 10
1166.64599609375
 20
1841.3994140625
 30
0.0
 40
0.0
 40
0.0
 40
0.0
 40
0.0
 40
4.0
 40
4.0
 40
4.0
 40
4.0
  0
LWPOLYLINE
  5
1FB
100
AcDbEntity
  8
mainlayer
 62
0
370
-1
 48
1.0
  6
BYLAYER
100
AcDbPolyline
 90
4
 70
0
 10
1166.64599609375
 20
1841.3994140625
 10
1197.50048828125
 20
1670.67578125
 10
1197.50048828125
 20
1670.67578125
 10
1208.0810546875
 20
1608.59375
  0
SPLINE
  5
1FC
100
AcDbEntity
  8
mainlayer
 62
0
370
-1
 48
1.0
  6
BYLAYER
100
AcDbSpline
 70
8
 71
3
 72
8
 73
4
 74
0
 10
1208.0810546875
 20
1608.59375
 30
0.0
 10
1212.7558593750004547
 20
1580.1992187500004547
 30
0.0
 10
1217.04541015625
 20
1551.7441406249997726
 30
0.0
 10
1220.94921875
 20
1523.232421875
 30
0.0
 40
0.0
 40
0.0
 40
0.0
 40
0.0
 40
4.0
 40
4.0
 40
4.0
 40
4.0
  0
SPLINE
  5
1FD
100
AcDbEntity
  8
mainlayer
 62
0
370
-1
 48
1.0
  6
BYLAYER
100
AcDbSpline
 70
8
 71
3
 72
8
 73
4
 74
0
 10
1220.94921875
 20
1523.232421875
 30
0.0
 10
1224.4882812500004547
 20
1497.4238281250002274
 30
0.0
 10
1227.546875
 20
1471.5537109375
 30
0.0
 10
1230.12353515625
 20
1445.630859375
 30
0.0
 40
0.0
 40
0.0
 40
0.0
 40
0.0
 40
4.0
 40
4.0
 40
4.0
 40
4.0
  0
SPLINE
  5
1FE
100
AcDbEntity
  8
mainlayer
 62
0
370
-1
 48
1.0
  6
BYLAYER
100
AcDbSpline
 70
8
 71
3
 72
8
 73
4
 74
0
 10
1230.12353515625
 20
1445.630859375
 30
0.0
 10
1232.6904296875002274
 20
1419.8164062500002274
 30
0.0
 10
1234.5693359375
 20
1393.9433593750002274
 30
0.0
 10
1235.759765625
 20
1368.029296875
 30
0.0
 40
0.0
 40
0.0
 40
0.0
 40
0.0
 40
4.0
 40
4.0
 40
4.0
 40
4.0
  0
SPLINE
  5
1FF
100
AcDbEntity
  8
mainlayer
 62
0
370
-1
 48
1.0
  6
BYLAYER
100
AcDbSpline
 70
8
 71
3
 72
8
 73
4
 74
0
 10
1235.759765625
 20
1368.029296875
 30
0.0
 10
1236.9462890625002274
 20
1342.1777343750002274
 30
0.0
 10
1237.23583984375
 20
1316.2998046875
 30
0.0
 10
1236.62841796875
 20
1290.427734375
 30
0.0
 40
0.0
 40
0.0
 40
0.0
 40
0.0
 40
4.0
 40
4.0
 40
4.0
 40
4.0
  0
SPLINE
  5
200
100
AcDbEntity
  8
mainlayer
 62
0
370
-1
 48
1.0
  6
BYLAYER
100
AcDbSpline
 70
8
 71
3
 72
8
 73
4
 74
0
 10
1236.62841796875
 20
1290.427734375
 30
0.0
 10
1235.9882812500002274
 20
1263.1933593750004547
 30
0.0
 10
1234.13232421875
 20
1236.0146484375
 30
0.0
 10
1231.06396484375
 20
1208.9453125
 30
0.0
 40
0.0
 40
0.0
 40
0.0
 40
0.0
 40
4.0
 40
4.0
 40
4.0
 40
4.0
  0
SPLINE
  5
201
100
AcDbEntity
  8
mainlayer
 62
0
370
-1
 48
1.0
  6
BYLAYER
100
AcDbSpline
 70
8
 71
3
 72
8
 73
4
 74
0
 10
1231.06396484375
 20
1208.9453125
 30
0.0
 10
1227.8032226562502274
 20
1180.2412109375
 30
0.0
 10
1222.9736328125
 20
1151.7587890625
 30
0.0
 10
1216.59033203125
 20
1123.583984375
 30
0.0
 40
0.0
 40
0.0
 40
0.0
 40
0.0
 40
4.0
 40
4.0
 40
4.0
 40
4.0
  0
SPLINE
  5
202
100
AcDbEntity
  8
mainlayer
 62
0
370
-1
 48
1.0
  6
BYLAYER
100
AcDbSpline
 70
8
 71
3
 72
8
 73
4
 74
0
 10
1216.59033203125
 20
1123.583984375
 30
0.0
 10
1212.7016601562502274
 20
1106.6484375000002274
 30
0.0
 10
1208.33203125
 20
1089.830078125
 30
0.0
 10
1203.48583984375
 20
1073.142578125
 30
0.0
 40
0.0
 40
0.0
 40
0.0
 40
0.0
 40
4.0
 40
4.0
 40
4.0
 40
4.0
  0
SPLINE
  5
203
100
AcDbEntity
  8
mainlayer
 62
0
370
-1
 48
1.0
  6
BYLAYER
100
AcDbSpline
 70
8
 71
3
 72
8
 73
4
 74
0
 10
1203.48583984375
 20
1073.142578125
 30
0.0
 10
1198.1953125000002274
 20
1054.9345703125002274
 30
0.0
 10
1192.5751953125
 20
1036.8251953125
 30
0.0
 10
1186.62744140625
 20
1018.8212890625
 30
0.0
 40
0.0
 40
0.0
 40
0.0
 40
0.0
 40
4.0
 40
4.0
 40
4.0
 40
4.0
  0
SPLINE
  5
204
100
AcDbEntity
  8
mainlayer
 62
0
370
-1
 48
1.0
  6
BYLAYER
100
AcDbSpline
 70
8
 71
3
 72
8
 73
4
 74
0
 10
1186.62744140625
 20
1018.8212890625
 30
0.0
 10
1181.5053710937502274
 20
1003.2685546875002274
 30
0.0
 10
1176.2861328125
 20
987.7480468749998863
 30
0.0
 10
1170.96923828125
 20
972.2607421875
 30
0.0
 40
0.0
 40
0.0
 40
0.0
 40
0.0
 40
4.0
 40
4.0
 40
4.0
 40
4.0
  0
LWPOLYLINE
  5
205
100
AcDbEntity
  8
mainlayer
 62
0
370
-1
 48
1.0
  6
BYLAYER
100
AcDbPolyline
 90
2
 70
0
 10
1170.96923828125
 20
972.2607421875
 10
1155.14794921875
 20
925.69921875
  0
SPLINE
  5
206
100
AcDbEntity
  8
mainlayer
 62
0
370
-1
 48
1.0
  6
BYLAYER
100
AcDbSpline
 70
8
 71
3
 72
8
 73
4
 74
0
 10
1155.14794921875
 20
925.69921875
 30
0.0
 10
1150.3750000000004547
 20
911.5205078125002274
 30
0.0
 10
1145.74951171875
 20
897.2929687499998863
 30
0.0
 10
1141.27099609375
 20
883.0185546875
 30
0.0
 40
0.0
 40
0.0
 40
0.0
 40
0.0
 40
4.0
 40
4.0
 40
4.0
 40
4.0
  0
SPLINE
  5
207
100
AcDbEntity
  8
mainlayer
 62
0
370
-1
 48
1.0
  6
BYLAYER
100
AcDbSpline
 70
8
 71
3
 72
8
 73
4
 74
0
 10
1141.27099609375
 20
883.0185546875
 30
0.0
 10
1136.0185546875002274
 20
866.3134765625002274
 30
0.0
 10
1131.13427734375
 20
849.4970703124998863
 30
0.0
 10
1126.6201171875
 20
832.5771484375
 30
0.0
 40
0.0
 40
0.0
 40
0.0
 40
0.0
 40
4.0
 40
4.0
 40
4.0
 40
4.0
  0
SPLINE
  5
208
100
AcDbEntity
  8
mainlayer
 62
0
370
-1
 48
1.0
  6
BYLAYER
100
AcDbSpline
 70
8
 71
3
 72
8
 73
4
 74
0
 10
1126.6201171875
 20
832.5771484375
 30
0.0
 10
1122.1699218750002274
 20
815.8964843750001137
 30
0.0
 10
1118.27880859375
 20
799.0771484375
 30
0.0
 10
1114.951171875
 20
782.13671875
 30
0.0
 40
0.0
 40
0.0
 40
0.0
 40
0.0
 40
4.0
 40
4.0
 40
4.0
 40
4.0
  0
SPLINE
  5
209
100
AcDbEntity
  8
mainlayer
 62
0
370
-1
 48
1.0
  6
BYLAYER
100
AcDbSpline
 70
8
 71
3
 72
8
 73
4
 74
0
 10
1114.951171875
 20
782.13671875
 30
0.0
 10
1111.6728515625
 20
765.4433593750001137
 30
0.0
 10
1109.15673828125
 20
748.6181640624998863
 30
0.0
 10
1107.40869140625
 20
731.6953125
 30
0.0
 40
0.0
 40
0.0
 40
0.0
 40
0.0
 40
4.0
 40
4.0
 40
4.0
 40
4.0
  0
SPLINE
  5
20A
100
AcDbEntity
  8
mainlayer
 62
0
370
-1
 48
1.0
  6
BYLAYER
100
AcDbSpline
 70
8
 71
3
 72
8
 73
4
 74
0
 10
1107.40869140625
 20
731.6953125
 30
0.0
 10
1105.5986328125004547
 20
713.6396484375002274
 30
0.0
 10
1104.64794921875
 20
695.5195312499998863
 30
0.0
 10
1104.55810546875
 20
677.3740234375
 30
0.0
 40
0.0
 40
0.0
 40
0.0
 40
0.0
 40
4.0
 40
4.0
 40
4.0
 40
4.0
  0
SPLINE
  5
20B
100
AcDbEntity
  8
mainlayer
 62
0
370
-1
 48
1.0
  6
BYLAYER
100
AcDbSpline
 70
8
 71
3
 72
8
 73
4
 74
0
 10
1104.55810546875
 20
677.3740234375
 30
0.0
 10
1104.4667968750002274
 20
659.2490234375001137
 30
0.0
 10
1105.05029296875
 20
641.1337890625
 30
0.0
 10
1106.3076171875
 20
623.052734375
 30
0.0
 40
0.0
 40
0.0
 40
0.0
 40
0.0
 40
4.0
 40
4.0
 40
4.0
 40
4.0
  0
SPLINE
  5
20C
100
AcDbEntity
  8
mainlayer
 62
0
370
-1
 48
1.0
  6
BYLAYER
100
AcDbSpline
 70
8
 71
3
 72
8
 73
4
 74
0
 10
1106.3076171875
 20
623.052734375
 30
0.0
 10
1107.5688476562502274
 20
604.9013671875002274
 30
0.0
 10
1109.31689453125
 20
586.7890625
 30
0.0
 10
1111.5498046875
 20
568.7314453125
 30
0.0
 40
0.0
 40
0.0
 40
0.0
 40
0.0
 40
4.0
 40
4.0
 40
4.0
 40
4.0
  0
SPLINE
  5
20D
100
AcDbEntity
  8
mainlayer
 62
0
370
-1
 48
1.0
  6
BYLAYER
100
AcDbSpline
 70
8
 71
3
 72
8
 73
4
 74
0
 10
1111.5498046875
 20
568.7314453125
 30
0.0
 10
1113.9570312500002274
 20
549.2841796875001137
 30
0.0
 10
1116.7021484375
 20
529.8818359375
 30
0.0
 10
1119.78515625
 20
510.5302734375
 30
0.0
 40
0.0
 40
0.0
 40
0.0
 40
0.0
 40
4.0
 40
4.0
 40
4.0
 40
4.0
  0
SPLINE
  5
20E
100
AcDbEntity
  8
mainlayer
 62
0
370
-1
 48
1.0
  6
BYLAYER
100
AcDbSpline
 70
8
 71
3
 72
8
 73
4
 74
0
 10
1119.78515625
 20
510.5302734375
 30
0.0
 10
1122.4511718750002274
 20
493.7001953125001137
 30
0.0
 10
1125.2177734375
 20
476.88671875
 30
0.0
 10
1128.08544921875
 20
460.08984375
 30
0.0
 40
0.0
 40
0.0
 40
0.0
 40
0.0
 40
4.0
 40
4.0
 40
4.0
 40
4.0
  0
LWPOLYLINE
  5
20F
100
AcDbEntity
  8
mainlayer
 62
0
370
-1
 48
1.0
  6
BYLAYER
100
AcDbPolyline
 90
2
 70
0
 10
1128.08544921875
 20
460.08984375
 10
1130.71044921875
 20
444.5693359375
  0
SPLINE
  5
210
100
AcDbEntity
  8
mainlayer
 62
0
370
-1
 48
1.0
  6
BYLAYER
100
AcDbSpline
 70
8
 71
3
 72
8
 73
4
 74
0
 10
1130.71044921875
 20
444.5693359375
 30
0.0
 10
1133.8017578125002274
 20
426.4814453125000568
 30
0.0
 10
1136.7763671875
 20
408.3740234375
 30
0.0
 10
1139.63525390625
 20
390.248046875
 30
0.0
 40
0.0
 40
0.0
 40
0.0
 40
0.0
 40
4.0
 40
4.0
 40
4.0
 40
4.0
  0
SPLINE
  5
211
100
AcDbEntity
  8
mainlayer
 62
0
370
-1
 48
1.0
  6
BYLAYER
100
AcDbSpline
 70
8
 71
3
 72
8
 73
4
 74
0
 10
1139.63525390625
 20
390.248046875
 30
0.0
 10
1143.7104492187504547
 20
364.4638671875001137
 30
0.0
 10
1147.18701171875
 20
338.591796875
 30
0.0
 10
1150.0625
 20
312.646484375
 30
0.0
 40
0.0
 40
0.0
 40
0.0
 40
0.0
 40
4.0
 40
4.0
 40
4.0
 40
4.0
  0
SPLINE
  5
212
100
AcDbEntity
  8
mainlayer
 62
0
370
-1
 48
1.0
  6
BYLAYER
100
AcDbSpline
 70
8
 71
3
 72
8
 73
4
 74
0
 10
1150.0625
 20
312.646484375
 30
0.0
 10
1153.4580078125002274
 20
281.6708984375000568
 30
0.0
 10
1156.1284179687497726
 20
250.625
 30
0.0
 10
1158.07177734375
 20
219.5244140625
 30
0.0
 40
0.0
 40
0.0
 40
0.0
 40
0.0
 40
4.0
 40
4.0
 40
4.0
 40
4.0
  0
SPLINE
  5
213
100
AcDbEntity
  8
mainlayer
 62
0
370
-1
 48
1.0
  6
BYLAYER
100
AcDbSpline
 70
8
 71
3
 72
8
 73
4
 74
0
 10
1158.07177734375
 20
219.5244140625
 30
0.0
 10
1159.8544921875002274
 20
191.0917968750000568
 30
0.0
 10
1161.2021484375
 20
162.6357421875
 30
0.0
 10
1162.11328125
 20
134.162109375
 30
0.0
 40
0.0
 40
0.0
 40
0.0
 40
0.0
 40
4.0
 40
4.0
 40
4.0
 40
4.0
  0
SPLINE
  5
214
100
AcDbEntity
  8
mainlayer
 62
0
370
-1
 48
1.0
  6
BYLAYER
100
AcDbSpline
 70
8
 71
3
 72
8
 73
4
 74
0
 10
1162.11328125
 20
134.162109375
 30
0.0
 10
1163.1025390625002274
 20
103.1288986206054972
 30
0.0
 10
1163.787109375
 20
72.0869064331054688
 30
0.0
 10
1164.16796875
 20
41.0400352478027344
 30
0.0
 40
0.0
 40
0.0
 40
0.0
 40
0.0
 40
4.0
 40
4.0
 40
4.0
 40
4.0
  0
LWPOLYLINE
  5
215
100
AcDbEntity
  8
mainlayer
 62
0
370
-1
 48
1.0
  6
BYLAYER
100
AcDbPolyline
 90
72
 70
0
 10
1164.16796875
 20
41.0400352478027344
 10
1164.52978515625
 20
9.9999980926513672
 10
1164.52978515625
 20
9.9999980926513672
 10
1141.35107421875
 20
9.9999980926513672
 10
1141.35107421875
 20
9.9999980926513672
 10
1144.68408203125
 20
20.0009746551513672
 10
1144.68408203125
 20
20.0009746551513672
 10
1124.68505859375
 20
20.0009746551513672
 10
1124.68505859375
 20
20.0009746551513672
 10
1128.02294921875
 20
9.9999980926513672
 10
1128.02294921875
 20
9.9999980926513672
 10
1095.35302734375
 20
9.9999980926513672
 10
1095.35302734375
 20
9.9999980926513672
 10
1098.68603515625
 20
20.0009746551513672
 10
1098.68603515625
 20
20.0009746551513672
 10
1078.68701171875
 20
20.0009746551513672
 10
1078.68701171875
 20
20.0009746551513672
 10
1082.02099609375
 20
9.9999980926513672
 10
1082.02099609375
 20
9.9999980926513672
 10
1058.8466796875
 20
9.9999980926513672
 10
1058.8466796875
 20
9.9999980926513672
 10
1058.8466796875
 20
428.3232421875
 10
1058.8466796875
 20
428.3232421875
 10
1055.615234375
 20
428.3232421875
 10
1055.615234375
 20
428.3232421875
 10
1048.4609375
 20
421.1689453125
 10
1048.4609375
 20
421.1689453125
 10
1041.03515625
 20
428.591796875
 10
1041.03515625
 20
428.591796875
 10
1041.03515625
 20
443.412109375
 10
1041.03515625
 20
443.412109375
 10
1048.4609375
 20
450.833984375
 10
1048.4609375
 20
450.833984375
 10
1055.615234375
 20
443.67578125
 10
1055.615234375
 20
443.67578125
 10
1058.8466796875
 20
443.67578125
 10
1058.8466796875
 20
443.67578125
 10
1058.8466796875
 20
1358.3232421875
 10
1058.8466796875
 20
1358.3232421875
 10
1055.615234375
 20
1358.3232421875
 10
1055.615234375
 20
1358.3232421875
 10
1048.4609375
 20
1351.1689453125
 10
1048.4609375
 20
1351.1689453125
 10
1041.03515625
 20
1358.591796875
 10
1041.03515625
 20
1358.591796875
 10
1041.03515625
 20
1373.412109375
 10
1041.03515625
 20
1373.412109375
 10
1048.4609375
 20
1380.833984375
 10
1048.4609375
 20
1380.833984375
 10
1055.615234375
 20
1373.67578125
 10
1055.615234375
 20
1373.67578125
 10
1058.8466796875
 20
1373.67578125
 10
1058.8466796875
 20
1373.67578125
 10
1058.8466796875
 20
2288.3232421875
 10
1058.8466796875
 20
2288.3232421875
 10
1055.615234375
 20
2288.3232421875
 10
1055.615234375
 20
2288.3232421875
 10
1048.4609375
 20
2281.1689453125
 10
1048.4609375
 20
2281.1689453125
 10
1041.03515625
 20
2288.591796875
 10
1041.03515625
 20
2288.591796875
 10
1041.03515625
 20
2303.412109375
 10
1041.03515625
 20
2303.412109375
 10
1048.4609375
 20
2310.833984375
 10
1048.4609375
 20
2310.833984375
 10
1055.615234375
 20
2303.67578125
 10
1055.615234375
 20
2303.67578125
 10
1058.8466796875
 20
2303.67578125
 10
1058.8466796875
 20
2303.67578125
 10
1058.8466796875
 20
2800.0
 10
1058.8466796875
 20
2800.0
 10
1147.9501953125
 20
2800.0
  0
SPLINE
  5
216
100
AcDbEntity
  8
mainlayer
 62
0
370
-1
 48
1.0
  6
BYLAYER
100
AcDbSpline
 70
8
 71
3
 72
8
 73
4
 74
0
 10
1420.447265625
 20
1658.630859375
 30
0.0
 10
1420.6352539062502274
 20
1647.5683593750002274
 30
0.0
 10
1420.74951171875
 20
1636.5048828125
 30
0.0
 10
1420.78955078125
 20
1625.4404296875
 30
0.0
 40
0.0
 40
0.0
 40
0.0
 40
0.0
 40
4.0
 40
4.0
 40
4.0
 40
4.0
  0
SPLINE
  5
217
100
AcDbEntity
  8
mainlayer
 62
0
370
-1
 48
1.0
  6
BYLAYER
100
AcDbSpline
 70
8
 71
3
 72
8
 73
4
 74
0
 10
1420.78955078125
 20
1625.4404296875
 30
0.0
 10
1420.8725585937502274
 20
1597.7783203125006821
 30
0.0
 10
1420.5595703124997726
 20
1570.1181640625
 30
0.0
 10
1419.85009765625
 20
1542.46484375
 30
0.0
 40
0.0
 40
0.0
 40
0.0
 40
0.0
 40
4.0
 40
4.0
 40
4.0
 40
4.0
  0
SPLINE
  5
218
100
AcDbEntity
  8
mainlayer
 62
0
370
-1
 48
1.0
  6
BYLAYER
100
AcDbSpline
 70
8
 71
3
 72
8
 73
4
 74
0
 10
1419.85009765625
 20
1542.46484375
 30
0.0
 10
1419.0712890625002274
 20
1512.0302734375002274
 30
0.0
 10
1418.0
 20
1481.60546875
 30
0.0
 10
1416.63671875
 20
1451.19140625
 30
0.0
 40
0.0
 40
0.0
 40
0.0
 40
0.0
 40
4.0
 40
4.0
 40
4.0
 40
4.0
  0
LWPOLYLINE
  5
219
100
AcDbEntity
  8
mainlayer
 62
0
370
-1
 48
1.0
  6
BYLAYER
100
AcDbPolyline
 90
10
 70
0
 10
1416.63671875
 20
1451.19140625
 10
1412.2451171875
 20
1359.91796875
 10
1412.2451171875
 20
1359.91796875
 10
1407.4482421875
 20
1260.3466796875
 10
1407.4482421875
 20
1260.3466796875
 10
1404.912109375
 20
1193.9189453125
 10
1404.912109375
 20
1193.9189453125
 10
1399.59912109375
 20
1022.8037109375
 10
1399.59912109375
 20
1022.8037109375
 10
1397.4775390625
 20
968.3544921875
  0
SPLINE
  5
21A
100
AcDbEntity
  8
mainlayer
 62
0
370
-1
 48
1.0
  6
BYLAYER
100
AcDbSpline
 70
8
 71
3
 72
8
 73
4
 74
0
 10
1397.4775390625
 20
968.3544921875
 30
0.0
 10
1395.1186523437504547
 20
912.4599609375002274
 30
0.0
 10
1391.81396484375
 20
856.61328125
 30
0.0
 10
1387.56396484375
 20
800.830078125
 30
0.0
 40
0.0
 40
0.0
 40
0.0
 40
0.0
 40
4.0
 40
4.0
 40
4.0
 40
4.0
  0
LWPOLYLINE
  5
21B
100
AcDbEntity
  8
mainlayer
 62
0
370
-1
 48
1.0
  6
BYLAYER
100
AcDbPolyline
 90
2
 70
0
 10
1387.56396484375
 20
800.830078125
 10
1386.76318359375
 20
790.203125
  0
SPLINE
  5
21C
100
AcDbEntity
  8
mainlayer
 62
0
370
-1
 48
1.0
  6
BYLAYER
100
AcDbSpline
 70
8
 71
3
 72
8
 73
4
 74
0
 10
1386.76318359375
 20
790.203125
 30
0.0
 10
1385.2709960937502274
 20
770.8896484375002274
 30
0.0
 10
1383.9082031249997726
 20
751.5654296875
 30
0.0
 10
1382.67529296875
 20
732.2333984375
 30
0.0
 40
0.0
 40
0.0
 40
0.0
 40
0.0
 40
4.0
 40
4.0
 40
4.0
 40
4.0
  0
SPLINE
  5
21D
100
AcDbEntity
  8
mainlayer
 62
0
370
-1
 48
1.0
  6
BYLAYER
100
AcDbSpline
 70
8
 71
3
 72
8
 73
4
 74
0
 10
1382.67529296875
 20
732.2333984375
 30
0.0
 10
1381.0034179687504547
 20
706.123046875
 30
0.0
 10
1379.8662109375
 20
679.9833984375
 30
0.0
 10
1379.26416015625
 20
653.826171875
 30
0.0
 40
0.0
 40
0.0
 40
0.0
 40
0.0
 40
4.0
 40
4.0
 40
4.0
 40
4.0
  0
LWPOLYLINE
  5
21E
100
AcDbEntity
  8
mainlayer
 62
0
370
-1
 48
1.0
  6
BYLAYER
100
AcDbPolyline
 90
48
 70
0
 10
1379.26416015625
 20
653.826171875
 10
1379.1982421875
 20
650.630859375
 10
1379.1982421875
 20
650.630859375
 10
1298.8564453125
 20
650.630859375
 10
1298.8564453125
 20
650.630859375
 10
1298.8564453125
 20
1146.955078125
 10
1298.8564453125
 20
1146.955078125
 10
1295.625
 20
1146.955078125
 10
1295.625
 20
1146.955078125
 10
1288.470703125
 20
1139.7998046875
 10
1288.470703125
 20
1139.7998046875
 10
1281.044921875
 20
1147.22265625
 10
1281.044921875
 20
1147.22265625
 10
1281.044921875
 20
1162.04296875
 10
1281.044921875
 20
1162.04296875
 10
1288.470703125
 20
1169.46484375
 10
1288.470703125
 20
1169.46484375
 10
1295.625
 20
1162.3076171875
 10
1295.625
 20
1162.3076171875
 10
1298.8564453125
 20
1162.3076171875
 10
1298.8564453125
 20
1162.3076171875
 10
1298.8564453125
 20
1658.630859375
 10
1298.8564453125
 20
1658.630859375
 10
1312.98583984375
 20
1658.630859375
 10
1312.98583984375
 20
1658.630859375
 10
1309.65185546875
 20
1668.6328125
 10
1309.65185546875
 20
1668.6328125
 10
1329.65087890625
 20
1668.6328125
 10
1329.65087890625
 20
1668.6328125
 10
1326.31787109375
 20
1658.630859375
 10
1326.31787109375
 20
1658.630859375
 10
1352.98779296875
 20
1658.630859375
 10
1352.98779296875
 20
1658.630859375
 10
1349.64990234375
 20
1668.6328125
 10
1349.64990234375
 20
1668.6328125
 10
1369.64892578125
 20
1668.6328125
 10
1369.64892578125
 20
1668.6328125
 10
1366.31591796875
 20
1658.630859375
 10
1366.31591796875
 20
1658.630859375
 10
1392.98583984375
 20
1658.630859375
 10
1392.98583984375
 20
1658.630859375
 10
1389.64794921875
 20
1668.6328125
 10
1389.64794921875
 20
1668.6328125
 10
1409.64697265625
 20
1668.6328125
 10
1409.64697265625
 20
1668.6328125
 10
1406.31396484375
 20
1658.630859375
 10
1406.31396484375
 20
1658.630859375
 10
1420.447265625
 20
1658.630859375
  0
LWPOLYLINE
  5
21F
100
AcDbEntity
  8
mainlayer
 62
0
370
-1
 48
1.0
  6
BYLAYER
100
AcDbPolyline
 90
10
 70
0
 10
587.8828125
 20
2790.0
 10
596.82861328125
 20
2720.67578125
 10
596.82861328125
 20
2720.67578125
 10
604.08349609375
 20
2659.0546875
 10
604.08349609375
 20
2659.0546875
 10
610.6591796875
 20
2597.43359375
 10
610.6591796875
 20
2597.43359375
 10
616.53125
 20
2535.8125
 10
616.53125
 20
2535.8125
 10
619.1962890625
 20
2505.001953125
  0
SPLINE
  5
220
100
AcDbEntity
  8
mainlayer
 62
0
370
-1
 48
1.0
  6
BYLAYER
100
AcDbSpline
 70
8
 71
3
 72
8
 73
4
 74
0
 10
619.1962890625
 20
2505.001953125
 30
0.0
 10
621.3750000000001137
 20
2479.3486328125
 30
0.0
 10
623.2524414062498863
 20
2453.6728515625
 30
0.0
 10
624.82861328125
 20
2427.9755859375
 30
0.0
 40
0.0
 40
0.0
 40
0.0
 40
0.0
 40
4.0
 40
4.0
 40
4.0
 40
4.0
  0
SPLINE
  5
221
100
AcDbEntity
  8
mainlayer
 62
0
370
-1
 48
1.0
  6
BYLAYER
100
AcDbSpline
 70
8
 71
3
 72
8
 73
4
 74
0
 10
624.82861328125
 20
2427.9755859375
 30
0.0
 10
626.4028320312502274
 20
2402.3232421875004547
 30
0.0
 10
627.458984375
 20
2376.6435546875
 30
0.0
 10
627.9970703125
 20
2350.94921875
 30
0.0
 40
0.0
 40
0.0
 40
0.0
 40
0.0
 40
4.0
 40
4.0
 40
4.0
 40
4.0
  0
SPLINE
  5
222
100
AcDbEntity
  8
mainlayer
 62
0
370
-1
 48
1.0
  6
BYLAYER
100
AcDbSpline
 70
8
 71
3
 72
8
 73
4
 74
0
 10
627.9970703125
 20
2350.94921875
 30
0.0
 10
628.5346679687501137
 20
2325.2714843750009095
 30
0.0
 10
628.33837890625
 20
2299.5888671875
 30
0.0
 10
627.408203125
 20
2273.9228515625
 30
0.0
 40
0.0
 40
0.0
 40
0.0
 40
0.0
 40
4.0
 40
4.0
 40
4.0
 40
4.0
  0
SPLINE
  5
223
100
AcDbEntity
  8
mainlayer
 62
0
370
-1
 48
1.0
  6
BYLAYER
100
AcDbSpline
 70
8
 71
3
 72
8
 73
4
 74
0
 10
627.408203125
 20
2273.9228515625
 30
0.0
 10
626.4726562500001137
 20
2248.1845703125004547
 30
0.0
 10
624.591796875
 20
2222.4970703125
 30
0.0
 10
621.7685546875
 20
2196.896484375
 30
0.0
 40
0.0
 40
0.0
 40
0.0
 40
0.0
 40
4.0
 40
4.0
 40
4.0
 40
4.0
  0
SPLINE
  5
224
100
AcDbEntity
  8
mainlayer
 62
0
370
-1
 48
1.0
  6
BYLAYER
100
AcDbSpline
 70
8
 71
3
 72
8
 73
4
 74
0
 10
621.7685546875
 20
2196.896484375
 30
0.0
 10
617.9116210937501137
 20
2161.8955078125004547
 30
0.0
 10
611.94775390625
 20
2127.1904296875
 30
0.0
 10
603.89794921875
 20
2092.91015625
 30
0.0
 40
0.0
 40
0.0
 40
0.0
 40
0.0
 40
4.0
 40
4.0
 40
4.0
 40
4.0
  0
SPLINE
  5
225
100
AcDbEntity
  8
mainlayer
 62
0
370
-1
 48
1.0
  6
BYLAYER
100
AcDbSpline
 70
8
 71
3
 72
8
 73
4
 74
0
 10
603.89794921875
 20
2092.91015625
 30
0.0
 10
599.6425781250001137
 20
2074.8388671875004547
 30
0.0
 10
595.0
 20
2056.86328125
 30
0.0
 10
589.9736328125
 20
2038.9921875
 30
0.0
 40
0.0
 40
0.0
 40
0.0
 40
0.0
 40
4.0
 40
4.0
 40
4.0
 40
4.0
  0
SPLINE
  5
226
100
AcDbEntity
  8
mainlayer
 62
0
370
-1
 48
1.0
  6
BYLAYER
100
AcDbSpline
 70
8
 71
3
 72
8
 73
4
 74
0
 10
589.9736328125
 20
2038.9921875
 30
0.0
 10
585.2753906250001137
 20
2022.2519531250004547
 30
0.0
 10
580.400390625
 20
2005.5615234374997726
 30
0.0
 10
575.349609375
 20
1988.9248046875
 30
0.0
 40
0.0
 40
0.0
 40
0.0
 40
0.0
 40
4.0
 40
4.0
 40
4.0
 40
4.0
  0
LWPOLYLINE
  5
227
100
AcDbEntity
  8
mainlayer
 62
0
370
-1
 48
1.0
  6
BYLAYER
100
AcDbPolyline
 90
2
 70
0
 10
575.349609375
 20
1988.9248046875
 10
556.56884765625
 20
1927.3037109375
  0
SPLINE
  5
228
100
AcDbEntity
  8
mainlayer
 62
0
370
-1
 48
1.0
  6
BYLAYER
100
AcDbSpline
 70
8
 71
3
 72
8
 73
4
 74
0
 10
556.56884765625
 20
1927.3037109375
 30
0.0
 10
551.8862304687501137
 20
1911.9384765625004547
 30
0.0
 10
547.337890625
 20
1896.5322265625
 30
0.0
 10
542.92333984375
 20
1881.087890625
 30
0.0
 40
0.0
 40
0.0
 40
0.0
 40
0.0
 40
4.0
 40
4.0
 40
4.0
 40
4.0
  0
SPLINE
  5
229
100
AcDbEntity
  8
mainlayer
 62
0
370
-1
 48
1.0
  6
BYLAYER
100
AcDbSpline
 70
8
 71
3
 72
8
 73
4
 74
0
 10
542.92333984375
 20
1881.087890625
 30
0.0
 10
537.79638671875
 20
1863.2099609375002274
 30
0.0
 10
533.0205078125
 20
1845.2343749999997726
 30
0.0
 10
528.59814453125
 20
1827.169921875
 30
0.0
 40
0.0
 40
0.0
 40
0.0
 40
0.0
 40
4.0
 40
4.0
 40
4.0
 40
4.0
  0
SPLINE
  5
22A
100
AcDbEntity
  8
mainlayer
 62
0
370
-1
 48
1.0
  6
BYLAYER
100
AcDbSpline
 70
8
 71
3
 72
8
 73
4
 74
0
 10
528.59814453125
 20
1827.169921875
 30
0.0
 10
524.2250976562501137
 20
1809.3173828125002274
 30
0.0
 10
520.40283203125
 20
1791.3388671875
 30
0.0
 10
517.13525390625
 20
1773.2509765625
 30
0.0
 40
0.0
 40
0.0
 40
0.0
 40
0.0
 40
4.0
 40
4.0
 40
4.0
 40
4.0
  0
SPLINE
  5
22B
100
AcDbEntity
  8
mainlayer
 62
0
370
-1
 48
1.0
  6
BYLAYER
100
AcDbSpline
 70
8
 71
3
 72
8
 73
4
 74
0
 10
517.13525390625
 20
1773.2509765625
 30
0.0
 10
513.2221679687501137
 20
1751.5791015625004547
 30
0.0
 10
510.4184570312499432
 20
1729.7363281249997726
 30
0.0
 10
508.7314453125
 20
1707.7783203125
 30
0.0
 40
0.0
 40
0.0
 40
0.0
 40
0.0
 40
4.0
 40
4.0
 40
4.0
 40
4.0
  0
SPLINE
  5
22C
100
AcDbEntity
  8
mainlayer
 62
0
370
-1
 48
1.0
  6
BYLAYER
100
AcDbSpline
 70
8
 71
3
 72
8
 73
4
 74
0
 10
508.7314453125
 20
1707.7783203125
 30
0.0
 10
507.2797851562501705
 20
1688.5537109375002274
 30
0.0
 10
506.5590820312499432
 20
1669.2880859374997726
 30
0.0
 10
506.5703125
 20
1650.0087890625
 30
0.0
 40
0.0
 40
0.0
 40
0.0
 40
0.0
 40
4.0
 40
4.0
 40
4.0
 40
4.0
  0
SPLINE
  5
22D
100
AcDbEntity
  8
mainlayer
 62
0
370
-1
 48
1.0
  6
BYLAYER
100
AcDbSpline
 70
8
 71
3
 72
8
 73
4
 74
0
 10
506.5703125
 20
1650.0087890625
 30
0.0
 10
506.5869140625001137
 20
1629.4531250000004547
 30
0.0
 10
507.21240234375
 20
1608.90625
 30
0.0
 10
508.4462890625
 20
1588.3876953125
 30
0.0
 40
0.0
 40
0.0
 40
0.0
 40
0.0
 40
4.0
 40
4.0
 40
4.0
 40
4.0
  0
SPLINE
  5
22E
100
AcDbEntity
  8
mainlayer
 62
0
370
-1
 48
1.0
  6
BYLAYER
100
AcDbSpline
 70
8
 71
3
 72
8
 73
4
 74
0
 10
508.4462890625
 20
1588.3876953125
 30
0.0
 10
509.6821289062501137
 20
1567.8193359375002274
 30
0.0
 10
511.2963867187499432
 20
1547.2763671874997726
 30
0.0
 10
513.28759765625
 20
1526.7666015625
 30
0.0
 40
0.0
 40
0.0
 40
0.0
 40
0.0
 40
4.0
 40
4.0
 40
4.0
 40
4.0
  0
SPLINE
  5
22F
100
AcDbEntity
  8
mainlayer
 62
0
370
-1
 48
1.0
  6
BYLAYER
100
AcDbSpline
 70
8
 71
3
 72
8
 73
4
 74
0
 10
513.28759765625
 20
1526.7666015625
 30
0.0
 10
515.2827148437501137
 20
1506.2109375000004547
 30
0.0
 10
517.42578125
 20
1485.6708984375
 30
0.0
 10
519.71630859375
 20
1465.1455078125
 30
0.0
 40
0.0
 40
0.0
 40
0.0
 40
0.0
 40
4.0
 40
4.0
 40
4.0
 40
4.0
  0
LWPOLYLINE
  5
230
100
AcDbEntity
  8
mainlayer
 62
0
370
-1
 48
1.0
  6
BYLAYER
100
AcDbPolyline
 90
2
 70
0
 10
519.71630859375
 20
1465.1455078125
 10
527.12939453125
 20
1395.8212890625
  0
SPLINE
  5
231
100
AcDbEntity
  8
mainlayer
 62
0
370
-1
 48
1.0
  6
BYLAYER
100
AcDbSpline
 70
8
 71
3
 72
8
 73
4
 74
0
 10
527.12939453125
 20
1395.8212890625
 30
0.0
 10
530.5102539062501137
 20
1362.5146484375004547
 30
0.0
 10
533.00146484375
 20
1329.1279296875
 30
0.0
 10
534.60107421875
 20
1295.6875
 30
0.0
 40
0.0
 40
0.0
 40
0.0
 40
0.0
 40
4.0
 40
4.0
 40
4.0
 40
4.0
  0
SPLINE
  5
232
100
AcDbEntity
  8
mainlayer
 62
0
370
-1
 48
1.0
  6
BYLAYER
100
AcDbSpline
 70
8
 71
3
 72
8
 73
4
 74
0
 10
534.60107421875
 20
1295.6875
 30
0.0
 10
535.8227539062501137
 20
1270.0253906250004547
 30
0.0
 10
536.66162109375
 20
1244.34765625
 30
0.0
 10
537.1181640625
 20
1218.66015625
 30
0.0
 40
0.0
 40
0.0
 40
0.0
 40
0.0
 40
4.0
 40
4.0
 40
4.0
 40
4.0
  0
SPLINE
  5
233
100
AcDbEntity
  8
mainlayer
 62
0
370
-1
 48
1.0
  6
BYLAYER
100
AcDbSpline
 70
8
 71
3
 72
8
 73
4
 74
0
 10
537.1181640625
 20
1218.66015625
 30
0.0
 10
537.6201171875001137
 20
1190.4199218750004547
 30
0.0
 10
537.8730468749998863
 20
1162.17578125
 30
0.0
 10
537.87646484375
 20
1133.931640625
 30
0.0
 40
0.0
 40
0.0
 40
0.0
 40
0.0
 40
4.0
 40
4.0
 40
4.0
 40
4.0
  0
LWPOLYLINE
  5
234
100
AcDbEntity
  8
mainlayer
 62
0
370
-1
 48
1.0
  6
BYLAYER
100
AcDbPolyline
 90
2
 70
0
 10
537.87646484375
 20
1133.931640625
 10
537.822265625
 20
1033.796875
  0
SPLINE
  5
235
100
AcDbEntity
  8
mainlayer
 62
0
370
-1
 48
1.0
  6
BYLAYER
100
AcDbSpline
 70
8
 71
3
 72
8
 73
4
 74
0
 10
537.822265625
 20
1033.796875
 30
0.0
 10
537.8061523437501137
 20
987.5742187500002274
 30
0.0
 10
538.42431640625
 20
941.3554687499998863
 30
0.0
 10
539.67626953125
 20
895.1494140625
 30
0.0
 40
0.0
 40
0.0
 40
0.0
 40
0.0
 40
4.0
 40
4.0
 40
4.0
 40
4.0
  0
LWPOLYLINE
  5
236
100
AcDbEntity
  8
mainlayer
 62
0
370
-1
 48
1.0
  6
BYLAYER
100
AcDbPolyline
 90
4
 70
0
 10
539.67626953125
 20
895.1494140625
 10
544.8203125
 20
717.98828125
 10
544.8203125
 20
717.98828125
 10
545.86767578125
 20
664.0703125
  0
SPLINE
  5
237
100
AcDbEntity
  8
mainlayer
 62
0
370
-1
 48
1.0
  6
BYLAYER
100
AcDbSpline
 70
8
 71
3
 72
8
 73
4
 74
0
 10
545.86767578125
 20
664.0703125
 30
0.0
 10
546.3730468750001137
 20
630.6914062500001137
 30
0.0
 10
546.3740234375
 20
597.3076171875
 30
0.0
 10
545.87060546875
 20
563.9287109375
 30
0.0
 40
0.0
 40
0.0
 40
0.0
 40
0.0
 40
4.0
 40
4.0
 40
4.0
 40
4.0
  0
SPLINE
  5
238
100
AcDbEntity
  8
mainlayer
 62
0
370
-1
 48
1.0
  6
BYLAYER
100
AcDbSpline
 70
8
 71
3
 72
8
 73
4
 74
0
 10
545.87060546875
 20
563.9287109375
 30
0.0
 10
545.435546875
 20
538.0615234375002274
 30
0.0
 10
544.78759765625
 20
512.1982421875
 30
0.0
 10
543.92724609375
 20
486.341796875
 30
0.0
 40
0.0
 40
0.0
 40
0.0
 40
0.0
 40
4.0
 40
4.0
 40
4.0
 40
4.0
  0
LWPOLYLINE
  5
239
100
AcDbEntity
  8
mainlayer
 62
0
370
-1
 48
1.0
  6
BYLAYER
100
AcDbPolyline
 90
6
 70
0
 10
543.92724609375
 20
486.341796875
 10
538.82080078125
 20
336.3349609375
 10
538.82080078125
 20
336.3349609375
 10
537.2919921875
 20
271.3125
 10
537.2919921875
 20
271.3125
 10
537.2177734375
 20
266.8642578125
  0
SPLINE
  5
23A
100
AcDbEntity
  8
mainlayer
 62
0
370
-1
 48
1.0
  6
BYLAYER
100
AcDbSpline
 70
8
 71
3
 72
8
 73
4
 74
0
 10
537.2177734375
 20
266.8642578125
 30
0.0
 10
536.4975585937501137
 20
224.6777343750000284
 30
0.0
 10
536.48291015625
 20
182.484375
 30
0.0
 10
537.17333984375
 20
140.296875
 30
0.0
 40
0.0
 40
0.0
 40
0.0
 40
0.0
 40
4.0
 40
4.0
 40
4.0
 40
4.0
  0
SPLINE
  5
23B
100
AcDbEntity
  8
mainlayer
 62
0
370
-1
 48
1.0
  6
BYLAYER
100
AcDbSpline
 70
8
 71
3
 72
8
 73
4
 74
0
 10
537.17333984375
 20
140.296875
 30
0.0
 10
537.9301757812501137
 20
94.467765808105483
 30
0.0
 10
539.98486328125
 20
48.6787033081054688
 30
0.0
 10
543.33544921875
 20
2.965817928314209
 30
0.0
 40
0.0
 40
0.0
 40
0.0
 40
0.0
 40
4.0
 40
4.0
 40
4.0
 40
4.0
  0
LWPOLYLINE
  5
23C
100
AcDbEntity
  8
mainlayer
 62
0
370
-1
 48
1.0
  6
BYLAYER
100
AcDbPolyline
 90
80
 70
0
 10
543.33544921875
 20
2.965817928314209
 10
543.5556640625
 20
-0.0000023437501113
 10
543.5556640625
 20
-0.0000023437501113
 10
454.39697265625
 20
-0.0000023437501113
 10
454.39697265625
 20
-0.0000023437501113
 10
454.39697265625
 20
496.3232421875
 10
454.39697265625
 20
496.3232421875
 10
451.16552734375
 20
496.3232421875
 10
451.16552734375
 20
496.3232421875
 10
444.01123046875
 20
489.1689453125
 10
444.01123046875
 20
489.1689453125
 10
436.58544921875
 20
496.591796875
 10
436.58544921875
 20
496.591796875
 10
436.58544921875
 20
511.412109375
 10
436.58544921875
 20
511.412109375
 10
444.01123046875
 20
518.833984375
 10
444.01123046875
 20
518.833984375
 10
451.16552734375
 20
511.67578125
 10
451.16552734375
 20
511.67578125
 10
454.39697265625
 20
511.67578125
 10
454.39697265625
 20
511.67578125
 10
454.39697265625
 20
1426.3232421875
 10
454.39697265625
 20
1426.3232421875
 10
451.16552734375
 20
1426.3232421875
 10
451.16552734375
 20
1426.3232421875
 10
444.01123046875
 20
1419.1689453125
 10
444.01123046875
 20
1419.1689453125
 10
436.58544921875
 20
1426.591796875
 10
436.58544921875
 20
1426.591796875
 10
436.58544921875
 20
1441.412109375
 10
436.58544921875
 20
1441.412109375
 10
444.01123046875
 20
1448.833984375
 10
444.01123046875
 20
1448.833984375
 10
451.16552734375
 20
1441.67578125
 10
451.16552734375
 20
1441.67578125
 10
454.39697265625
 20
1441.67578125
 10
454.39697265625
 20
1441.67578125
 10
454.39697265625
 20
2356.3232421875
 10
454.39697265625
 20
2356.3232421875
 10
451.16552734375
 20
2356.3232421875
 10
451.16552734375
 20
2356.3232421875
 10
444.01123046875
 20
2349.1689453125
 10
444.01123046875
 20
2349.1689453125
 10
436.58544921875
 20
2356.591796875
 10
436.58544921875
 20
2356.591796875
 10
436.58544921875
 20
2371.412109375
 10
436.58544921875
 20
2371.412109375
 10
444.01123046875
 20
2378.833984375
 10
444.01123046875
 20
2378.833984375
 10
451.16552734375
 20
2371.67578125
 10
451.16552734375
 20
2371.67578125
 10
454.39697265625
 20
2371.67578125
 10
454.39697265625
 20
2371.67578125
 10
454.39697265625
 20
2790.0
 10
454.39697265625
 20
2790.0
 10
474.47802734375
 20
2790.0
 10
474.47802734375
 20
2790.0
 10
471.14453125
 20
2779.998046875
 10
471.14453125
 20
2779.998046875
 10
491.14404296875
 20
2779.998046875
 10
491.14404296875
 20
2779.998046875
 10
487.8056640625
 20
2790.0
 10
487.8056640625
 20
2790.0
 10
514.47607421875
 20
2790.0
 10
514.47607421875
 20
2790.0
 10
511.142578125
 20
2779.998046875
 10
511.142578125
 20
2779.998046875
 10
531.14208984375
 20
2779.998046875
 10
531.14208984375
 20
2779.998046875
 10
527.80419921875
 20
2790.0
 10
527.80419921875
 20
2790.0
 10
554.47412109375
 20
2790.0
 10
554.47412109375
 20
2790.0
 10
551.14111328125
 20
2779.998046875
 10
551.14111328125
 20
2779.998046875
 10
571.14013671875
 20
2779.998046875
 10
571.14013671875
 20
2779.998046875
 10
567.80615234375
 20
2790.0
 10
567.80615234375
 20
2790.0
 10
587.8828125
 20
2790.0
  0
LWPOLYLINE
  5
23D
100
AcDbEntity
  8
mainlayer
 62
0
370
-1
 48
1.0
  6
BYLAYER
100
AcDbPolyline
 90
2
 70
0
 10
352.02587890625
 20
2800.0
 10
352.10888671875
 20
2739.3427734375
  0
SPLINE
  5
23E
100
AcDbEntity
  8
mainlayer
 62
0
370
-1
 48
1.0
  6
BYLAYER
100
AcDbSpline
 70
8
 71
3
 72
8
 73
4
 74
0
 10
352.10888671875
 20
2739.3427734375
 30
0.0
 10
352.0981445312500568
 20
2704.6660156250009095
 30
0.0
 10
351.5400390624999432
 20
2669.994140625
 30
0.0
 10
350.4345703125
 20
2635.3349609375
 30
0.0
 40
0.0
 40
0.0
 40
0.0
 40
0.0
 40
4.0
 40
4.0
 40
4.0
 40
4.0
  0
SPLINE
  5
23F
100
AcDbEntity
  8
mainlayer
 62
0
370
-1
 48
1.0
  6
BYLAYER
100
AcDbSpline
 70
8
 71
3
 72
8
 73
4
 74
0
 10
350.4345703125
 20
2635.3349609375
 30
0.0
 10
349.4443359375000568
 20
2605.5107421875004547
 30
0.0
 10
348.1806640625
 20
2575.697265625
 30
0.0
 10
346.64306640625
 20
2545.896484375
 30
0.0
 40
0.0
 40
0.0
 40
0.0
 40
0.0
 40
4.0
 40
4.0
 40
4.0
 40
4.0
  0
LWPOLYLINE
  5
240
100
AcDbEntity
  8
mainlayer
 62
0
370
-1
 48
1.0
  6
BYLAYER
100
AcDbPolyline
 90
2
 70
0
 10
346.64306640625
 20
2545.896484375
 10
342.89990234375
 20
2474.1162109375
  0
SPLINE
  5
241
100
AcDbEntity
  8
mainlayer
 62
0
370
-1
 48
1.0
  6
BYLAYER
100
AcDbSpline
 70
8
 71
3
 72
8
 73
4
 74
0
 10
342.89990234375
 20
2474.1162109375
 30
0.0
 10
341.6088867187501137
 20
2449.8251953125004547
 30
0.0
 10
340.5
 20
2425.5263671875
 30
0.0
 10
339.57373046875
 20
2401.2197265625
 30
0.0
 40
0.0
 40
0.0
 40
0.0
 40
0.0
 40
4.0
 40
4.0
 40
4.0
 40
4.0
  0
SPLINE
  5
242
100
AcDbEntity
  8
mainlayer
 62
0
370
-1
 48
1.0
  6
BYLAYER
100
AcDbSpline
 70
8
 71
3
 72
8
 73
4
 74
0
 10
339.57373046875
 20
2401.2197265625
 30
0.0
 10
338.6733398437500568
 20
2377.6162109375004547
 30
0.0
 10
338.166015625
 20
2354.001953125
 30
0.0
 10
338.05126953125
 20
2330.3818359375
 30
0.0
 40
0.0
 40
0.0
 40
0.0
 40
0.0
 40
4.0
 40
4.0
 40
4.0
 40
4.0
  0
SPLINE
  5
243
100
AcDbEntity
  8
mainlayer
 62
0
370
-1
 48
1.0
  6
BYLAYER
100
AcDbSpline
 70
8
 71
3
 72
8
 73
4
 74
0
 10
338.05126953125
 20
2330.3818359375
 30
0.0
 10
337.9257812500000568
 20
2304.4697265625004547
 30
0.0
 10
338.53759765625
 20
2278.5654296874995453
 30
0.0
 10
339.8857421875
 20
2252.6884765625
 30
0.0
 40
0.0
 40
0.0
 40
0.0
 40
0.0
 40
4.0
 40
4.0
 40
4.0
 40
4.0
  0
SPLINE
  5
244
100
AcDbEntity
  8
mainlayer
 62
0
370
-1
 48
1.0
  6
BYLAYER
100
AcDbSpline
 70
8
 71
3
 72
8
 73
4
 74
0
 10
339.8857421875
 20
2252.6884765625
 30
0.0
 10
341.2885742187500568
 20
2226.7744140625004547
 30
0.0
 10
343.3178710937499432
 20
2200.9013671875
 30
0.0
 10
345.97216796875
 20
2175.0859375
 30
0.0
 40
0.0
 40
0.0
 40
0.0
 40
0.0
 40
4.0
 40
4.0
 40
4.0
 40
4.0
  0
SPLINE
  5
245
100
AcDbEntity
  8
mainlayer
 62
0
370
-1
 48
1.0
  6
BYLAYER
100
AcDbSpline
 70
8
 71
3
 72
8
 73
4
 74
0
 10
345.97216796875
 20
2175.0859375
 30
0.0
 10
348.3593750000001137
 20
2151.7656250000004547
 30
0.0
 10
351.0927734374999432
 20
2128.4833984375
 30
0.0
 10
354.17138671875
 20
2105.2451171875
 30
0.0
 40
0.0
 40
0.0
 40
0.0
 40
0.0
 40
4.0
 40
4.0
 40
4.0
 40
4.0
  0
SPLINE
  5
246
100
AcDbEntity
  8
mainlayer
 62
0
370
-1
 48
1.0
  6
BYLAYER
100
AcDbSpline
 70
8
 71
3
 72
8
 73
4
 74
0
 10
354.17138671875
 20
2105.2451171875
 30
0.0
 10
357.6035156250001137
 20
2079.3466796875004547
 30
0.0
 10
361.25634765625
 20
2053.4794921875
 30
0.0
 10
365.12890625
 20
2027.6435546875
 30
0.0
 40
0.0
 40
0.0
 40
0.0
 40
0.0
 40
4.0
 40
4.0
 40
4.0
 40
4.0
  0
LWPOLYLINE
  5
247
100
AcDbEntity
  8
mainlayer
 62
0
370
-1
 48
1.0
  6
BYLAYER
100
AcDbPolyline
 90
2
 70
0
 10
365.12890625
 20
2027.6435546875
 10
379.10107421875
 20
1934.521484375
  0
SPLINE
  5
248
100
AcDbEntity
  8
mainlayer
 62
0
370
-1
 48
1.0
  6
BYLAYER
100
AcDbSpline
 70
8
 71
3
 72
8
 73
4
 74
0
 10
379.10107421875
 20
1934.521484375
 30
0.0
 10
384.0991210937500568
 20
1900.9482421875004547
 30
0.0
 10
388.7080078125
 20
1867.3193359375
 30
0.0
 10
392.92724609375
 20
1833.638671875
 30
0.0
 40
0.0
 40
0.0
 40
0.0
 40
0.0
 40
4.0
 40
4.0
 40
4.0
 40
4.0
  0
SPLINE
  5
249
100
AcDbEntity
  8
mainlayer
 62
0
370
-1
 48
1.0
  6
BYLAYER
100
AcDbSpline
 70
8
 71
3
 72
8
 73
4
 74
0
 10
392.92724609375
 20
1833.638671875
 30
0.0
 10
399.3520507812500568
 20
1781.9941406250002274
 30
0.0
 10
404.96826171875
 20
1730.255859375
 30
0.0
 10
409.77392578125
 20
1678.435546875
 30
0.0
 40
0.0
 40
0.0
 40
0.0
 40
0.0
 40
4.0
 40
4.0
 40
4.0
 40
4.0
  0
LWPOLYLINE
  5
24A
100
AcDbEntity
  8
mainlayer
 62
0
370
-1
 48
1.0
  6
BYLAYER
100
AcDbPolyline
 90
6
 70
0
 10
409.77392578125
 20
1678.435546875
 10
415.89501953125
 20
1608.59375
 10
415.89501953125
 20
1608.59375
 10
421.2861328125
 20
1538.7529296875
 10
421.2861328125
 20
1538.7529296875
 10
422.94287109375
 20
1515.47265625
  0
SPLINE
  5
24B
100
AcDbEntity
  8
mainlayer
 62
0
370
-1
 48
1.0
  6
BYLAYER
100
AcDbSpline
 70
8
 71
3
 72
8
 73
4
 74
0
 10
422.94287109375
 20
1515.47265625
 30
0.0
 10
424.7817382812501137
 20
1489.6181640625004547
 30
0.0
 10
426.4189453124999432
 20
1463.7509765625
 30
0.0
 10
427.8544921875
 20
1437.87109375
 30
0.0
 40
0.0
 40
0.0
 40
0.0
 40
0.0
 40
4.0
 40
4.0
 40
4.0
 40
4.0
  0
SPLINE
  5
24C
100
AcDbEntity
  8
mainlayer
 62
0
370
-1
 48
1.0
  6
BYLAYER
100
AcDbSpline
 70
8
 71
3
 72
8
 73
4
 74
0
 10
427.8544921875
 20
1437.87109375
 30
0.0
 10
429.0683593750000568
 20
1415.8964843750002274
 30
0.0
 10
429.9853515625
 20
1393.908203125
 30
0.0
 10
430.60595703125
 20
1371.9091796875
 30
0.0
 40
0.0
 40
0.0
 40
0.0
 40
0.0
 40
4.0
 40
4.0
 40
4.0
 40
4.0
  0
SPLINE
  5
24D
100
AcDbEntity
  8
mainlayer
 62
0
370
-1
 48
1.0
  6
BYLAYER
100
AcDbSpline
 70
8
 71
3
 72
8
 73
4
 74
0
 10
430.60595703125
 20
1371.9091796875
 30
0.0
 10
431.3500976562501137
 20
1346.0468750000002274
 30
0.0
 10
431.4833984375
 20
1320.17578125
 30
0.0
 10
431.00634765625
 20
1294.3076171875
 30
0.0
 40
0.0
 40
0.0
 40
0.0
 40
0.0
 40
4.0
 40
4.0
 40
4.0
 40
4.0
  0
SPLINE
  5
24E
100
AcDbEntity
  8
mainlayer
 62
0
370
-1
 48
1.0
  6
BYLAYER
100
AcDbSpline
 70
8
 71
3
 72
8
 73
4
 74
0
 10
431.00634765625
 20
1294.3076171875
 30
0.0
 10
430.5278320312501137
 20
1268.4033203125002274
 30
0.0
 10
429.2197265625
 20
1242.5263671875
 30
0.0
 10
427.0830078125
 20
1216.7060546875
 30
0.0
 40
0.0
 40
0.0
 40
0.0
 40
0.0
 40
4.0
 40
4.0
 40
4.0
 40
4.0
  0
SPLINE
  5
24F
100
AcDbEntity
  8
mainlayer
 62
0
370
-1
 48
1.0
  6
BYLAYER
100
AcDbSpline
 70
8
 71
3
 72
8
 73
4
 74
0
 10
427.0830078125
 20
1216.7060546875
 30
0.0
 10
424.8232421875001137
 20
1189.4091796875004547
 30
0.0
 10
421.41455078125
 20
1162.2333984375
 30
0.0
 10
416.8623046875
 20
1135.224609375
 30
0.0
 40
0.0
 40
0.0
 40
0.0
 40
0.0
 40
4.0
 40
4.0
 40
4.0
 40
4.0
  0
SPLINE
  5
250
100
AcDbEntity
  8
mainlayer
 62
0
370
-1
 48
1.0
  6
BYLAYER
100
AcDbSpline
 70
8
 71
3
 72
8
 73
4
 74
0
 10
416.8623046875
 20
1135.224609375
 30
0.0
 10
413.7426757812501137
 20
1117.0175781250002274
 30
0.0
 10
410.11083984375
 20
1098.9052734375
 30
0.0
 10
405.96826171875
 20
1080.9033203125
 30
0.0
 40
0.0
 40
0.0
 40
0.0
 40
0.0
 40
4.0
 40
4.0
 40
4.0
 40
4.0
  0
SPLINE
  5
251
100
AcDbEntity
  8
mainlayer
 62
0
370
-1
 48
1.0
  6
BYLAYER
100
AcDbSpline
 70
8
 71
3
 72
8
 73
4
 74
0
 10
405.96826171875
 20
1080.9033203125
 30
0.0
 10
401.7841796875000568
 20
1062.7158203125004547
 30
0.0
 10
397.27392578125
 20
1044.6074218749997726
 30
0.0
 10
392.43896484375
 20
1026.58203125
 30
0.0
 40
0.0
 40
0.0
 40
0.0
 40
0.0
 40
4.0
 40
4.0
 40
4.0
 40
4.0
  0
SPLINE
  5
252
100
AcDbEntity
  8
mainlayer
 62
0
370
-1
 48
1.0
  6
BYLAYER
100
AcDbSpline
 70
8
 71
3
 72
8
 73
4
 74
0
 10
392.43896484375
 20
1026.58203125
 30
0.0
 10
387.5756835937501137
 20
1008.4335937500001137
 30
0.0
 10
382.5634765625
 20
990.3261718749998863
 30
0.0
 10
377.40283203125
 20
972.2607421875
 30
0.0
 40
0.0
 40
0.0
 40
0.0
 40
0.0
 40
4.0
 40
4.0
 40
4.0
 40
4.0
  0
LWPOLYLINE
  5
253
100
AcDbEntity
  8
mainlayer
 62
0
370
-1
 48
1.0
  6
BYLAYER
100
AcDbPolyline
 90
2
 70
0
 10
377.40283203125
 20
972.2607421875
 10
368.56884765625
 20
941.2197265625
  0
SPLINE
  5
254
100
AcDbEntity
  8
mainlayer
 62
0
370
-1
 48
1.0
  6
BYLAYER
100
AcDbSpline
 70
8
 71
3
 72
8
 73
4
 74
0
 10
368.56884765625
 20
941.2197265625
 30
0.0
 10
363.7724609375000568
 20
924.4355468750002274
 30
0.0
 10
359.0805664062499432
 20
907.6220703125
 30
0.0
 10
354.49365234375
 20
890.779296875
 30
0.0
 40
0.0
 40
0.0
 40
0.0
 40
0.0
 40
4.0
 40
4.0
 40
4.0
 40
4.0
  0
SPLINE
  5
255
100
AcDbEntity
  8
mainlayer
 62
0
370
-1
 48
1.0
  6
BYLAYER
100
AcDbSpline
 70
8
 71
3
 72
8
 73
4
 74
0
 10
354.49365234375
 20
890.779296875
 30
0.0
 10
349.2260742187501137
 20
871.4667968750002274
 30
0.0
 10
344.30126953125
 20
852.0644531249998863
 30
0.0
 10
339.720703125
 20
832.5771484375
 30
0.0
 40
0.0
 40
0.0
 40
0.0
 40
0.0
 40
4.0
 40
4.0
 40
4.0
 40
4.0
  0
SPLINE
  5
256
100
AcDbEntity
  8
mainlayer
 62
0
370
-1
 48
1.0
  6
BYLAYER
100
AcDbSpline
 70
8
 71
3
 72
8
 73
4
 74
0
 10
339.720703125
 20
832.5771484375
 30
0.0
 10
335.4941406250000568
 20
814.5742187500001137
 30
0.0
 10
331.7602539062499432
 20
796.4628906249998863
 30
0.0
 10
328.52197265625
 20
778.2568359375
 30
0.0
 40
0.0
 40
0.0
 40
0.0
 40
0.0
 40
4.0
 40
4.0
 40
4.0
 40
4.0
  0
SPLINE
  5
257
100
AcDbEntity
  8
mainlayer
 62
0
370
-1
 48
1.0
  6
BYLAYER
100
AcDbSpline
 70
8
 71
3
 72
8
 73
4
 74
0
 10
328.52197265625
 20
778.2568359375
 30
0.0
 10
325.3217773437501137
 20
760.2490234375002274
 30
0.0
 10
322.8032226562499432
 20
742.1337890625
 30
0.0
 10
320.96923828125
 20
723.935546875
 30
0.0
 40
0.0
 40
0.0
 40
0.0
 40
0.0
 40
4.0
 40
4.0
 40
4.0
 40
4.0
  0
SPLINE
  5
258
100
AcDbEntity
  8
mainlayer
 62
0
370
-1
 48
1.0
  6
BYLAYER
100
AcDbSpline
 70
8
 71
3
 72
8
 73
4
 74
0
 10
320.96923828125
 20
723.935546875
 30
0.0
 10
318.9394531250000568
 20
703.2939453125
 30
0.0
 10
317.70751953125
 20
682.5898437499998863
 30
0.0
 10
317.275390625
 20
661.853515625
 30
0.0
 40
0.0
 40
0.0
 40
0.0
 40
0.0
 40
4.0
 40
4.0
 40
4.0
 40
4.0
  0
SPLINE
  5
259
100
AcDbEntity
  8
mainlayer
 62
0
370
-1
 48
1.0
  6
BYLAYER
100
AcDbSpline
 70
8
 71
3
 72
8
 73
4
 74
0
 10
317.275390625
 20
661.853515625
 30
0.0
 10
316.8461914062500568
 20
641.1582031250002274
 30
0.0
 10
317.0029296875
 20
620.458984375
 30
0.0
 10
317.74658203125
 20
599.7724609375
 30
0.0
 40
0.0
 40
0.0
 40
0.0
 40
0.0
 40
4.0
 40
4.0
 40
4.0
 40
4.0
  0
SPLINE
  5
25A
100
AcDbEntity
  8
mainlayer
 62
0
370
-1
 48
1.0
  6
BYLAYER
100
AcDbSpline
 70
8
 71
3
 72
8
 73
4
 74
0
 10
317.74658203125
 20
599.7724609375
 30
0.0
 10
318.4912109375000568
 20
579.0595703125001137
 30
0.0
 10
319.60595703125
 20
558.3642578125
 30
0.0
 10
321.09033203125
 20
537.69140625
 30
0.0
 40
0.0
 40
0.0
 40
0.0
 40
0.0
 40
4.0
 40
4.0
 40
4.0
 40
4.0
  0
SPLINE
  5
25B
100
AcDbEntity
  8
mainlayer
 62
0
370
-1
 48
1.0
  6
BYLAYER
100
AcDbSpline
 70
8
 71
3
 72
8
 73
4
 74
0
 10
321.09033203125
 20
537.69140625
 30
0.0
 10
322.5771484375
 20
516.9853515625001137
 30
0.0
 10
324.2182617187499432
 20
496.291015625
 30
0.0
 10
326.01416015625
 20
475.609375
 30
0.0
 40
0.0
 40
0.0
 40
0.0
 40
0.0
 40
4.0
 40
4.0
 40
4.0
 40
4.0
  0
LWPOLYLINE
  5
25C
100
AcDbEntity
  8
mainlayer
 62
0
370
-1
 48
1.0
  6
BYLAYER
100
AcDbPolyline
 90
2
 70
0
 10
326.01416015625
 20
475.609375
 10
328.6650390625
 20
444.5693359375
  0
SPLINE
  5
25D
100
AcDbEntity
  8
mainlayer
 62
0
370
-1
 48
1.0
  6
BYLAYER
100
AcDbSpline
 70
8
 71
3
 72
8
 73
4
 74
0
 10
328.6650390625
 20
444.5693359375
 30
0.0
 10
330.2221679687500568
 20
426.4716796875001137
 30
0.0
 10
331.66455078125
 20
408.3642578125
 30
0.0
 10
332.9912109375
 20
390.248046875
 30
0.0
 40
0.0
 40
0.0
 40
0.0
 40
0.0
 40
4.0
 40
4.0
 40
4.0
 40
4.0
  0
SPLINE
  5
25E
100
AcDbEntity
  8
mainlayer
 62
0
370
-1
 48
1.0
  6
BYLAYER
100
AcDbSpline
 70
8
 71
3
 72
8
 73
4
 74
0
 10
332.9912109375
 20
390.248046875
 30
0.0
 10
334.8779296875000568
 20
364.4101562500001137
 30
0.0
 10
336.24462890625
 20
338.5390625
 30
0.0
 10
337.08984375
 20
312.646484375
 30
0.0
 40
0.0
 40
0.0
 40
0.0
 40
0.0
 40
4.0
 40
4.0
 40
4.0
 40
4.0
  0
SPLINE
  5
25F
100
AcDbEntity
  8
mainlayer
 62
0
370
-1
 48
1.0
  6
BYLAYER
100
AcDbSpline
 70
8
 71
3
 72
8
 73
4
 74
0
 10
337.08984375
 20
312.646484375
 30
0.0
 10
337.8427734375000568
 20
289.3720703125001137
 30
0.0
 10
338.2797851562499432
 20
266.0908203125
 30
0.0
 10
338.4013671875
 20
242.8046875
 30
0.0
 40
0.0
 40
0.0
 40
0.0
 40
0.0
 40
4.0
 40
4.0
 40
4.0
 40
4.0
  0
SPLINE
  5
260
100
AcDbEntity
  8
mainlayer
 62
0
370
-1
 48
1.0
  6
BYLAYER
100
AcDbSpline
 70
8
 71
3
 72
8
 73
4
 74
0
 10
338.4013671875
 20
242.8046875
 30
0.0
 10
338.5366210937500568
 20
216.9375000000000284
 30
0.0
 10
338.4624023437499432
 20
191.0693359374999716
 30
0.0
 10
338.17822265625
 20
165.203125
 30
0.0
 40
0.0
 40
0.0
 40
0.0
 40
0.0
 40
4.0
 40
4.0
 40
4.0
 40
4.0
  0
LWPOLYLINE
  5
261
100
AcDbEntity
  8
mainlayer
 62
0
370
-1
 48
1.0
  6
BYLAYER
100
AcDbPolyline
 90
74
 70
0
 10
338.17822265625
 20
165.203125
 10
336.81298828125
 20
41.0400352478027344
 10
336.81298828125
 20
41.0400352478027344
 10
336.71728515625
 20
9.9999980926513672
 10
336.71728515625
 20
9.9999980926513672
 10
323.80322265625
 20
9.9999980926513672
 10
323.80322265625
 20
9.9999980926513672
 10
327.13623046875
 20
20.0009746551513672
 10
327.13623046875
 20
20.0009746551513672
 10
307.13720703125
 20
20.0009746551513672
 10
307.13720703125
 20
20.0009746551513672
 10
310.47509765625
 20
9.9999980926513672
 10
310.47509765625
 20
9.9999980926513672
 10
287.80517578125
 20
9.9999980926513672
 10
287.80517578125
 20
9.9999980926513672
 10
291.13818359375
 20
20.0009746551513672
 10
291.13818359375
 20
20.0009746551513672
 10
271.13916015625
 20
20.0009746551513672
 10
271.13916015625
 20
20.0009746551513672
 10
274.47314453125
 20
9.9999980926513672
 10
274.47314453125
 20
9.9999980926513672
 10
260.8330078125
 20
9.9999980926513672
 10
260.8330078125
 20
9.9999980926513672
 10
260.8330078125
 20
428.3232421875
 10
260.8330078125
 20
428.3232421875
 10
257.6015625
 20
428.3232421875
 10
257.6015625
 20
428.3232421875
 10
250.447265625
 20
421.1689453125
 10
250.447265625
 20
421.1689453125
 10
243.021484375
 20
428.591796875
 10
243.021484375
 20
428.591796875
 10
243.021484375
 20
443.412109375
 10
243.021484375
 20
443.412109375
 10
250.447265625
 20
450.833984375
 10
250.447265625
 20
450.833984375
 10
257.6015625
 20
443.67578125
 10
257.6015625
 20
443.67578125
 10
260.8330078125
 20
443.67578125
 10
260.8330078125
 20
443.67578125
 10
260.8330078125
 20
1358.3232421875
 10
260.8330078125
 20
1358.3232421875
 10
257.6015625
 20
1358.3232421875
 10
257.6015625
 20
1358.3232421875
 10
250.447265625
 20
1351.1689453125
 10
250.447265625
 20
1351.1689453125
 10
243.021484375
 20
1358.591796875
 10
243.021484375
 20
1358.591796875
 10
243.021484375
 20
1373.412109375
 10
243.021484375
 20
1373.412109375
 10
250.447265625
 20
1380.833984375
 10
250.447265625
 20
1380.833984375
 10
257.6015625
 20
1373.67578125
 10
257.6015625
 20
1373.67578125
 10
260.8330078125
 20
1373.67578125
 10
260.8330078125
 20
1373.67578125
 10
260.8330078125
 20
2288.3232421875
 10
260.8330078125
 20
2288.3232421875
 10
257.6015625
 20
2288.3232421875
 10
257.6015625
 20
2288.3232421875
 10
250.447265625
 20
2281.1689453125
 10
250.447265625
 20
2281.1689453125
 10
243.021484375
 20
2288.591796875
 10
243.021484375
 20
2288.591796875
 10
243.021484375
 20
2303.412109375
 10
243.021484375
 20
2303.412109375
 10
250.447265625
 20
2310.833984375
 10
250.447265625
 20
2310.833984375
 10
257.6015625
 20
2303.67578125
 10
257.6015625
 20
2303.67578125
 10
260.8330078125
 20
2303.67578125
 10
260.8330078125
 20
2303.67578125
 10
260.8330078125
 20
2800.0
 10
260.8330078125
 20
2800.0
 10
352.02587890625
 20
2800.0
  0
SPLINE
  5
262
100
AcDbEntity
  8
mainlayer
 62
0
370
-1
 48
1.0
  6
BYLAYER
100
AcDbSpline
 70
8
 71
3
 72
8
 73
4
 74
0
 10
1311.26416015625
 20
2779.998046875
 30
0.0
 10
1311.6342773437502274
 20
2749.5742187500004547
 30
0.0
 10
1311.7255859375
 20
2719.1494140625
 30
0.0
 10
1311.53857421875
 20
2688.724609375
 30
0.0
 40
0.0
 40
0.0
 40
0.0
 40
0.0
 40
4.0
 40
4.0
 40
4.0
 40
4.0
  0
LWPOLYLINE
  5
263
100
AcDbEntity
  8
mainlayer
 62
0
370
-1
 48
1.0
  6
BYLAYER
100
AcDbPolyline
 90
18
 70
0
 10
1311.53857421875
 20
2688.724609375
 10
1310.783203125
 20
2622.34375
 10
1310.783203125
 20
2622.34375
 10
1309.14697265625
 20
2547.666015625
 10
1309.14697265625
 20
2547.666015625
 10
1306.5546875
 20
2464.689453125
 10
1306.5546875
 20
2464.689453125
 10
1302.6943359375
 20
2365.119140625
 10
1302.6943359375
 20
2365.119140625
 10
1297.484375
 20
2248.1982421875
 10
1297.484375
 20
2248.1982421875
 10
1292.3291015625
 20
2148.623046875
 10
1292.3291015625
 20
2148.623046875
 10
1286.5810546875
 20
2052.2353515625
 10
1286.5810546875
 20
2052.2353515625
 10
1279.90380859375
 20
1953.462890625
 10
1279.90380859375
 20
1953.462890625
 10
1277.455078125
 20
1919.5517578125
  0
SPLINE
  5
264
100
AcDbEntity
  8
mainlayer
 62
0
370
-1
 48
1.0
  6
BYLAYER
100
AcDbSpline
 70
8
 71
3
 72
8
 73
4
 74
0
 10
1277.455078125
 20
1919.5517578125
 30
0.0
 10
1275.9052734375002274
 20
1898.5332031250004547
 30
0.0
 10
1274.564453125
 20
1877.5009765624997726
 30
0.0
 10
1273.43359375
 20
1856.4560546875
 30
0.0
 40
0.0
 40
0.0
 40
0.0
 40
0.0
 40
4.0
 40
4.0
 40
4.0
 40
4.0
  0
SPLINE
  5
265
100
AcDbEntity
  8
mainlayer
 62
0
370
-1
 48
1.0
  6
BYLAYER
100
AcDbSpline
 70
8
 71
3
 72
8
 73
4
 74
0
 10
1273.43359375
 20
1856.4560546875
 30
0.0
 10
1271.9887695312504547
 20
1829.3906250000002274
 30
0.0
 10
1271.2167968749997726
 20
1802.2978515625
 30
0.0
 10
1271.1181640625
 20
1775.193359375
 30
0.0
 40
0.0
 40
0.0
 40
0.0
 40
0.0
 40
4.0
 40
4.0
 40
4.0
 40
4.0
  0
LWPOLYLINE
  5
266
100
AcDbEntity
  8
mainlayer
 62
0
370
-1
 48
1.0
  6
BYLAYER
100
AcDbPolyline
 90
40
 70
0
 10
1271.1181640625
 20
1775.193359375
 10
1271.1142578125
 20
1771.998046875
 10
1271.1142578125
 20
1771.998046875
 10
1195.02783203125
 20
1771.998046875
 10
1195.02783203125
 20
1771.998046875
 10
1195.02783203125
 20
2268.3232421875
 10
1195.02783203125
 20
2268.3232421875
 10
1191.79638671875
 20
2268.3232421875
 10
1191.79638671875
 20
2268.3232421875
 10
1184.6416015625
 20
2261.16796875
 10
1184.6416015625
 20
2261.16796875
 10
1177.2158203125
 20
2268.58984375
 10
1177.2158203125
 20
2268.58984375
 10
1177.2158203125
 20
2283.41015625
 10
1177.2158203125
 20
2283.41015625
 10
1184.6416015625
 20
2290.8330078125
 10
1184.6416015625
 20
2290.8330078125
 10
1191.79638671875
 20
2283.6748046875
 10
1191.79638671875
 20
2283.6748046875
 10
1195.02783203125
 20
2283.6748046875
 10
1195.02783203125
 20
2283.6748046875
 10
1195.02783203125
 20
2779.998046875
 10
1195.02783203125
 20
2779.998046875
 10
1221.47900390625
 20
2779.998046875
 10
1221.47900390625
 20
2779.998046875
 10
1218.14501953125
 20
2790.0
 10
1218.14501953125
 20
2790.0
 10
1238.14404296875
 20
2790.0
 10
1238.14404296875
 20
2790.0
 10
1234.81103515625
 20
2779.998046875
 10
1234.81103515625
 20
2779.998046875
 10
1271.48095703125
 20
2779.998046875
 10
1271.48095703125
 20
2779.998046875
 10
1268.14306640625
 20
2790.0
 10
1268.14306640625
 20
2790.0
 10
1288.14208984375
 20
2790.0
 10
1288.14208984375
 20
2790.0
 10
1284.80908203125
 20
2779.998046875
 10
1284.80908203125
 20
2779.998046875
 10
1311.26416015625
 20
2779.998046875
  0
LWPOLYLINE
  5
267
100
AcDbEntity
  8
mainlayer
 62
0
370
-1
 48
1.0
  6
BYLAYER
100
AcDbPolyline
 90
6
 70
0
 10
976.67919921875
 20
2790.0
 10
992.005859375
 20
2697.568359375
 10
992.005859375
 20
2697.568359375
 10
1001.6552734375
 20
2635.9482421875
 10
1001.6552734375
 20
2635.9482421875
 10
1006.20751953125
 20
2605.13671875
  0
SPLINE
  5
268
100
AcDbEntity
  8
mainlayer
 62
0
370
-1
 48
1.0
  6
BYLAYER
100
AcDbSpline
 70
8
 71
3
 72
8
 73
4
 74
0
 10
1006.20751953125
 20
2605.13671875
 30
0.0
 10
1011.0449218750002274
 20
2571.8232421875004547
 30
0.0
 10
1015.396484375
 20
2538.4423828125
 30
0.0
 10
1019.2607421875
 20
2505.001953125
 30
0.0
 40
0.0
 40
0.0
 40
0.0
 40
0.0
 40
4.0
 40
4.0
 40
4.0
 40
4.0
  0
SPLINE
  5
269
100
AcDbEntity
  8
mainlayer
 62
0
370
-1
 48
1.0
  6
BYLAYER
100
AcDbSpline
 70
8
 71
3
 72
8
 73
4
 74
0
 10
1019.2607421875
 20
2505.001953125
 30
0.0
 10
1021.9306640625002274
 20
2481.9306640625004547
 30
0.0
 10
1024.24072265625
 20
2458.8212890625
 30
0.0
 10
1026.19091796875
 20
2435.677734375
 30
0.0
 40
0.0
 40
0.0
 40
0.0
 40
0.0
 40
4.0
 40
4.0
 40
4.0
 40
4.0
  0
SPLINE
  5
26A
100
AcDbEntity
  8
mainlayer
 62
0
370
-1
 48
1.0
  6
BYLAYER
100
AcDbSpline
 70
8
 71
3
 72
8
 73
4
 74
0
 10
1026.19091796875
 20
2435.677734375
 30
0.0
 10
1028.3598632812502274
 20
2410.0439453125004547
 30
0.0
 10
1029.88916015625
 20
2384.36328125
 30
0.0
 10
1030.77734375
 20
2358.65234375
 30
0.0
 40
0.0
 40
0.0
 40
0.0
 40
0.0
 40
4.0
 40
4.0
 40
4.0
 40
4.0
  0
SPLINE
  5
26B
100
AcDbEntity
  8
mainlayer
 62
0
370
-1
 48
1.0
  6
BYLAYER
100
AcDbSpline
 70
8
 71
3
 72
8
 73
4
 74
0
 10
1030.77734375
 20
2358.65234375
 30
0.0
 10
1031.6625976562502274
 20
2332.9824218750004547
 30
0.0
 10
1031.69873046875
 20
2307.296875
 30
0.0
 10
1030.8857421875
 20
2281.625
 30
0.0
 40
0.0
 40
0.0
 40
0.0
 40
0.0
 40
4.0
 40
4.0
 40
4.0
 40
4.0
  0
SPLINE
  5
26C
100
AcDbEntity
  8
mainlayer
 62
0
370
-1
 48
1.0
  6
BYLAYER
100
AcDbSpline
 70
8
 71
3
 72
8
 73
4
 74
0
 10
1030.8857421875
 20
2281.625
 30
0.0
 10
1030.0664062500002274
 20
2255.8798828125004547
 30
0.0
 10
1028.1943359375
 20
2230.1904296875
 30
0.0
 10
1025.2724609375
 20
2204.5986328125
 30
0.0
 40
0.0
 40
0.0
 40
0.0
 40
0.0
 40
4.0
 40
4.0
 40
4.0
 40
4.0
  0
SPLINE
  5
26D
100
AcDbEntity
  8
mainlayer
 62
0
370
-1
 48
1.0
  6
BYLAYER
100
AcDbSpline
 70
8
 71
3
 72
8
 73
4
 74
0
 10
1025.2724609375
 20
2204.5986328125
 30
0.0
 10
1020.9765625000002274
 20
2166.9111328125004547
 30
0.0
 10
1014.0341796874998863
 20
2129.619140625
 30
0.0
 10
1004.48095703125
 20
2092.91015625
 30
0.0
 40
0.0
 40
0.0
 40
0.0
 40
0.0
 40
4.0
 40
4.0
 40
4.0
 40
4.0
  0
SPLINE
  5
26E
100
AcDbEntity
  8
mainlayer
 62
0
370
-1
 48
1.0
  6
BYLAYER
100
AcDbSpline
 70
8
 71
3
 72
8
 73
4
 74
0
 10
1004.48095703125
 20
2092.91015625
 30
0.0
 10
999.7641601562502274
 20
2074.822265625
 30
0.0
 10
994.6372070312498863
 20
2056.8466796875
 30
0.0
 10
989.10302734375
 20
2038.9921875
 30
0.0
 40
0.0
 40
0.0
 40
0.0
 40
0.0
 40
4.0
 40
4.0
 40
4.0
 40
4.0
  0
SPLINE
  5
26F
100
AcDbEntity
  8
mainlayer
 62
0
370
-1
 48
1.0
  6
BYLAYER
100
AcDbSpline
 70
8
 71
3
 72
8
 73
4
 74
0
 10
989.10302734375
 20
2038.9921875
 30
0.0
 10
983.9252929687502274
 20
2022.2451171875004547
 30
0.0
 10
978.5664062499998863
 20
2005.5556640624997726
 30
0.0
 10
973.02783203125
 20
1988.9248046875
 30
0.0
 40
0.0
 40
0.0
 40
0.0
 40
0.0
 40
4.0
 40
4.0
 40
4.0
 40
4.0
  0
LWPOLYLINE
  5
270
100
AcDbEntity
  8
mainlayer
 62
0
370
-1
 48
1.0
  6
BYLAYER
100
AcDbPolyline
 90
2
 70
0
 10
973.02783203125
 20
1988.9248046875
 10
949.9775390625
 20
1919.6015625
  0
SPLINE
  5
271
100
AcDbEntity
  8
mainlayer
 62
0
370
-1
 48
1.0
  6
BYLAYER
100
AcDbSpline
 70
8
 71
3
 72
8
 73
4
 74
0
 10
949.9775390625
 20
1919.6015625
 30
0.0
 10
945.3520507812501137
 20
1905.5263671875004547
 30
0.0
 10
940.8720703125001137
 20
1891.404296875
 30
0.0
 10
936.53857421875
 20
1877.236328125
 30
0.0
 40
0.0
 40
0.0
 40
0.0
 40
0.0
 40
4.0
 40
4.0
 40
4.0
 40
4.0
  0
SPLINE
  5
272
100
AcDbEntity
  8
mainlayer
 62
0
370
-1
 48
1.0
  6
BYLAYER
100
AcDbSpline
 70
8
 71
3
 72
8
 73
4
 74
0
 10
936.53857421875
 20
1877.236328125
 30
0.0
 10
931.4555664062502274
 20
1860.6503906250004547
 30
0.0
 10
926.73095703125
 20
1843.9589843749997726
 30
0.0
 10
922.3662109375
 20
1827.169921875
 30
0.0
 40
0.0
 40
0.0
 40
0.0
 40
0.0
 40
4.0
 40
4.0
 40
4.0
 40
4.0
  0
SPLINE
  5
273
100
AcDbEntity
  8
mainlayer
 62
0
370
-1
 48
1.0
  6
BYLAYER
100
AcDbSpline
 70
8
 71
3
 72
8
 73
4
 74
0
 10
922.3662109375
 20
1827.169921875
 30
0.0
 10
918.0610351562501137
 20
1810.6054687500004547
 30
0.0
 10
914.294921875
 20
1793.9111328124995453
 30
0.0
 10
911.07275390625
 20
1777.1025390625
 30
0.0
 40
0.0
 40
0.0
 40
0.0
 40
0.0
 40
4.0
 40
4.0
 40
4.0
 40
4.0
  0
SPLINE
  5
274
100
AcDbEntity
  8
mainlayer
 62
0
370
-1
 48
1.0
  6
BYLAYER
100
AcDbSpline
 70
8
 71
3
 72
8
 73
4
 74
0
 10
911.07275390625
 20
1777.1025390625
 30
0.0
 10
905.6928710937501137
 20
1749.1308593750004547
 30
0.0
 10
902.431640625
 20
1720.8349609375
 30
0.0
 10
901.30712890625
 20
1692.373046875
 30
0.0
 40
0.0
 40
0.0
 40
0.0
 40
0.0
 40
4.0
 40
4.0
 40
4.0
 40
4.0
  0
SPLINE
  5
275
100
AcDbEntity
  8
mainlayer
 62
0
370
-1
 48
1.0
  6
BYLAYER
100
AcDbSpline
 70
8
 71
3
 72
8
 73
4
 74
0
 10
901.30712890625
 20
1692.373046875
 30
0.0
 10
900.5527343750001137
 20
1673.1201171875004547
 30
0.0
 10
900.58642578125
 20
1653.8535156249997726
 30
0.0
 10
901.40771484375
 20
1634.603515625
 30
0.0
 40
0.0
 40
0.0
 40
0.0
 40
0.0
 40
4.0
 40
4.0
 40
4.0
 40
4.0
  0
SPLINE
  5
276
100
AcDbEntity
  8
mainlayer
 62
0
370
-1
 48
1.0
  6
BYLAYER
100
AcDbSpline
 70
8
 71
3
 72
8
 73
4
 74
0
 10
901.40771484375
 20
1634.603515625
 30
0.0
 10
902.2290039062501137
 20
1615.3085937500002274
 30
0.0
 10
903.6210937499998863
 20
1596.0458984374997726
 30
0.0
 10
905.58349609375
 20
1576.833984375
 30
0.0
 40
0.0
 40
0.0
 40
0.0
 40
0.0
 40
4.0
 40
4.0
 40
4.0
 40
4.0
  0
SPLINE
  5
277
100
AcDbEntity
  8
mainlayer
 62
0
370
-1
 48
1.0
  6
BYLAYER
100
AcDbSpline
 70
8
 71
3
 72
8
 73
4
 74
0
 10
905.58349609375
 20
1576.833984375
 30
0.0
 10
907.5512695312502274
 20
1557.5351562500004547
 30
0.0
 10
909.87353515625
 20
1538.2763671875
 30
0.0
 10
912.54931640625
 20
1519.0634765625
 30
0.0
 40
0.0
 40
0.0
 40
0.0
 40
0.0
 40
4.0
 40
4.0
 40
4.0
 40
4.0
  0
SPLINE
  5
278
100
AcDbEntity
  8
mainlayer
 62
0
370
-1
 48
1.0
  6
BYLAYER
100
AcDbSpline
 70
8
 71
3
 72
8
 73
4
 74
0
 10
912.54931640625
 20
1519.0634765625
 30
0.0
 10
915.0454101562501137
 20
1501.0722656250002274
 30
0.0
 10
917.673828125
 20
1483.0986328125
 30
0.0
 10
920.43310546875
 20
1465.1455078125
 30
0.0
 40
0.0
 40
0.0
 40
0.0
 40
0.0
 40
4.0
 40
4.0
 40
4.0
 40
4.0
  0
LWPOLYLINE
  5
279
100
AcDbEntity
  8
mainlayer
 62
0
370
-1
 48
1.0
  6
BYLAYER
100
AcDbPolyline
 90
2
 70
0
 10
920.43310546875
 20
1465.1455078125
 10
930.81201171875
 20
1395.8212890625
  0
SPLINE
  5
27A
100
AcDbEntity
  8
mainlayer
 62
0
370
-1
 48
1.0
  6
BYLAYER
100
AcDbSpline
 70
8
 71
3
 72
8
 73
4
 74
0
 10
930.81201171875
 20
1395.8212890625
 30
0.0
 10
933.7651367187501137
 20
1375.3261718750004547
 30
0.0
 10
936.3681640625
 20
1354.7841796875
 30
0.0
 10
938.62060546875
 20
1334.2001953125
 30
0.0
 40
0.0
 40
0.0
 40
0.0
 40
0.0
 40
4.0
 40
4.0
 40
4.0
 40
4.0
  0
SPLINE
  5
27B
100
AcDbEntity
  8
mainlayer
 62
0
370
-1
 48
1.0
  6
BYLAYER
100
AcDbSpline
 70
8
 71
3
 72
8
 73
4
 74
0
 10
938.62060546875
 20
1334.2001953125
 30
0.0
 10
941.9155273437502274
 20
1303.4541015625002274
 30
0.0
 10
944.47216796875
 20
1272.6376953125
 30
0.0
 10
946.2890625
 20
1241.7685546875
 30
0.0
 40
0.0
 40
0.0
 40
0.0
 40
0.0
 40
4.0
 40
4.0
 40
4.0
 40
4.0
  0
SPLINE
  5
27C
100
AcDbEntity
  8
mainlayer
 62
0
370
-1
 48
1.0
  6
BYLAYER
100
AcDbSpline
 70
8
 71
3
 72
8
 73
4
 74
0
 10
946.2890625
 20
1241.7685546875
 30
0.0
 10
947.9575195312501137
 20
1213.5458984375002274
 30
0.0
 10
949.197265625
 20
1185.2998046875
 30
0.0
 10
950.0078125
 20
1157.0390625
 30
0.0
 40
0.0
 40
0.0
 40
0.0
 40
0.0
 40
4.0
 40
4.0
 40
4.0
 40
4.0
  0
SPLINE
  5
27D
100
AcDbEntity
  8
mainlayer
 62
0
370
-1
 48
1.0
  6
BYLAYER
100
AcDbSpline
 70
8
 71
3
 72
8
 73
4
 74
0
 10
950.0078125
 20
1157.0390625
 30
0.0
 10
950.8203125000001137
 20
1128.8017578125002274
 30
0.0
 10
951.3916015624998863
 20
1100.5576171875
 30
0.0
 10
951.72216796875
 20
1072.310546875
 30
0.0
 40
0.0
 40
0.0
 40
0.0
 40
0.0
 40
4.0
 40
4.0
 40
4.0
 40
4.0
  0
LWPOLYLINE
  5
27E
100
AcDbEntity
  8
mainlayer
 62
0
370
-1
 48
1.0
  6
BYLAYER
100
AcDbPolyline
 90
6
 70
0
 10
951.72216796875
 20
1072.310546875
 10
953.80712890625
 20
879.744140625
 10
953.80712890625
 20
879.744140625
 10
954.92724609375
 20
771.9072265625
 10
954.92724609375
 20
771.9072265625
 10
955.1044921875
 20
710.2861328125
  0
SPLINE
  5
27F
100
AcDbEntity
  8
mainlayer
 62
0
370
-1
 48
1.0
  6
BYLAYER
100
AcDbSpline
 70
8
 71
3
 72
8
 73
4
 74
0
 10
955.1044921875
 20
710.2861328125
 30
0.0
 10
955.0878906250001137
 20
671.7685546875001137
 30
0.0
 10
954.6220703125
 20
633.2529296875
 30
0.0
 10
953.70654296875
 20
594.74609375
 30
0.0
 40
0.0
 40
0.0
 40
0.0
 40
0.0
 40
4.0
 40
4.0
 40
4.0
 40
4.0
  0
SPLINE
  5
280
100
AcDbEntity
  8
mainlayer
 62
0
370
-1
 48
1.0
  6
BYLAYER
100
AcDbSpline
 70
8
 71
3
 72
8
 73
4
 74
0
 10
953.70654296875
 20
594.74609375
 30
0.0
 10
952.8432617187503411
 20
561.2080078125001137
 30
0.0
 10
951.634765625
 20
527.6796875
 30
0.0
 10
950.08154296875
 20
494.166015625
 30
0.0
 40
0.0
 40
0.0
 40
0.0
 40
0.0
 40
4.0
 40
4.0
 40
4.0
 40
4.0
  0
LWPOLYLINE
  5
281
100
AcDbEntity
  8
mainlayer
 62
0
370
-1
 48
1.0
  6
BYLAYER
100
AcDbPolyline
 90
8
 70
0
 10
950.08154296875
 20
494.166015625
 10
945.32275390625
 20
398.609375
 10
945.32275390625
 20
398.609375
 10
938.83203125
 20
271.3125
 10
938.83203125
 20
271.3125
 10
935.30322265625
 20
188.7373046875
 10
935.30322265625
 20
188.7373046875
 10
934.43603515625
 20
164.7783203125
  0
SPLINE
  5
282
100
AcDbEntity
  8
mainlayer
 62
0
370
-1
 48
1.0
  6
BYLAYER
100
AcDbSpline
 70
8
 71
3
 72
8
 73
4
 74
0
 10
934.43603515625
 20
164.7783203125
 30
0.0
 10
933.6528320312501137
 20
143.1093750000000568
 30
0.0
 10
933.10205078125
 20
121.4326095581054545
 30
0.0
 10
932.78466796875
 20
99.7519454956054688
 30
0.0
 40
0.0
 40
0.0
 40
0.0
 40
0.0
 40
4.0
 40
4.0
 40
4.0
 40
4.0
  0
SPLINE
  5
283
100
AcDbEntity
  8
mainlayer
 62
0
370
-1
 48
1.0
  6
BYLAYER
100
AcDbSpline
 70
8
 71
3
 72
8
 73
4
 74
0
 10
932.78466796875
 20
99.7519454956054688
 30
0.0
 10
932.3105468750001137
 20
67.483390808105483
 30
0.0
 10
932.69580078125
 20
35.2138633728027344
 30
0.0
 10
933.9404296875
 20
2.965817928314209
 30
0.0
 40
0.0
 40
0.0
 40
0.0
 40
0.0
 40
4.0
 40
4.0
 40
4.0
 40
4.0
  0
LWPOLYLINE
  5
284
100
AcDbEntity
  8
mainlayer
 62
0
370
-1
 48
1.0
  6
BYLAYER
100
AcDbPolyline
 90
80
 70
0
 10
933.9404296875
 20
2.965817928314209
 10
934.060546875
 20
-0.0000023437501113
 10
934.060546875
 20
-0.0000023437501113
 10
853.544921875
 20
-0.0000023437501113
 10
853.544921875
 20
-0.0000023437501113
 10
853.544921875
 20
496.3232421875
 10
853.544921875
 20
496.3232421875
 10
850.31298828125
 20
496.3232421875
 10
850.31298828125
 20
496.3232421875
 10
843.15869140625
 20
489.1689453125
 10
843.15869140625
 20
489.1689453125
 10
835.73291015625
 20
496.591796875
 10
835.73291015625
 20
496.591796875
 10
835.73291015625
 20
511.412109375
 10
835.73291015625
 20
511.412109375
 10
843.15869140625
 20
518.833984375
 10
843.15869140625
 20
518.833984375
 10
850.31298828125
 20
511.67578125
 10
850.31298828125
 20
511.67578125
 10
853.544921875
 20
511.67578125
 10
853.544921875
 20
511.67578125
 10
853.544921875
 20
1426.3232421875
 10
853.544921875
 20
1426.3232421875
 10
850.31298828125
 20
1426.3232421875
 10
850.31298828125
 20
1426.3232421875
 10
843.15869140625
 20
1419.1689453125
 10
843.15869140625
 20
1419.1689453125
 10
835.73291015625
 20
1426.591796875
 10
835.73291015625
 20
1426.591796875
 10
835.73291015625
 20
1441.412109375
 10
835.73291015625
 20
1441.412109375
 10
843.15869140625
 20
1448.833984375
 10
843.15869140625
 20
1448.833984375
 10
850.31298828125
 20
1441.67578125
 10
850.31298828125
 20
1441.67578125
 10
853.544921875
 20
1441.67578125
 10
853.544921875
 20
1441.67578125
 10
853.544921875
 20
2356.3232421875
 10
853.544921875
 20
2356.3232421875
 10
850.31298828125
 20
2356.3232421875
 10
850.31298828125
 20
2356.3232421875
 10
843.15869140625
 20
2349.1689453125
 10
843.15869140625
 20
2349.1689453125
 10
835.73291015625
 20
2356.591796875
 10
835.73291015625
 20
2356.591796875
 10
835.73291015625
 20
2371.412109375
 10
835.73291015625
 20
2371.412109375
 10
843.15869140625
 20
2378.833984375
 10
843.15869140625
 20
2378.833984375
 10
850.31298828125
 20
2371.67578125
 10
850.31298828125
 20
2371.67578125
 10
853.544921875
 20
2371.67578125
 10
853.544921875
 20
2371.67578125
 10
853.544921875
 20
2790.0
 10
853.544921875
 20
2790.0
 10
868.44970703125
 20
2790.0
 10
868.44970703125
 20
2790.0
 10
865.11669921875
 20
2779.998046875
 10
865.11669921875
 20
2779.998046875
 10
885.11572265625
 20
2779.998046875
 10
885.11572265625
 20
2779.998046875
 10
881.77783203125
 20
2790.0
 10
881.77783203125
 20
2790.0
 10
908.44775390625
 20
2790.0
 10
908.44775390625
 20
2790.0
 10
905.11474609375
 20
2779.998046875
 10
905.11474609375
 20
2779.998046875
 10
925.11376953125
 20
2779.998046875
 10
925.11376953125
 20
2779.998046875
 10
921.77587890625
 20
2790.0
 10
921.77587890625
 20
2790.0
 10
948.44580078125
 20
2790.0
 10
948.44580078125
 20
2790.0
 10
945.11279296875
 20
2779.998046875
 10
945.11279296875
 20
2779.998046875
 10
965.11181640625
 20
2779.998046875
 10
965.11181640625
 20
2779.998046875
 10
961.77783203125
 20
2790.0
 10
961.77783203125
 20
2790.0
 10
976.67919921875
 20
2790.0
  0
ENDSEC
  0
SECTION
  2
OBJECTS
  0
DICTIONARY
  5
C
100
AcDbDictionary
280
0
281
1
  3
ACAD_GROUP
350
D
  3
ACAD_LAYOUT
350
1A
  3
ACAD_MLINESTYLE
350
17
  3
ACAD_PLOTSETTINGS
350
19
  3
ACAD_PLOTSTYLENAME
350
E
  3
AcDbVariableDictionary
350
285
  0
DICTIONARY
  5
D
100
AcDbDictionary
280
0
281
1
  0
ACDBDICTIONARYWDFLT
  5
E
100
AcDbDictionary
281
1
  3
Normal
350
F
100
AcDbDictionaryWithDefault
340
F
  0
ACDBPLACEHOLDER
  5
F
  0
DICTIONARY
  5
17
100
AcDbDictionary
280
0
281
1
  3
Standard
350
18
  0
MLINESTYLE
  5
18
100
AcDbMlineStyle
  2
STANDARD
 70
0
  3

 62
256
 51
90.0
 52
90.0
 71
2
 49
0.5
 62
256
  6
BYLAYER
 49
-0.5
 62
256
  6
BYLAYER
  0
DICTIONARY
  5
19
100
AcDbDictionary
280
0
281
1
  0
DICTIONARY
  5
1A
100
AcDbDictionary
281
1
  3
Layout1
350
1E
  3
Layout2
350
26
  3
Model
350
22
  0
LAYOUT
  5
1E
100
AcDbPlotSettings
  1

  2
none_device
  4

  6

 40
0.0
 41
0.0
 42
0.0
 43
0.0
 44
0.0
 45
0.0
 46
0.0
 47
0.0
 48
0.0
 49
0.0
140
0.0
141
0.0
142
1.0
143
1.0
 70
688
 72
0
 73
0
 74
5
  7

 75
16
147
1.0
148
0.0
149
0.0
100
AcDbLayout
  1
Layout1
 70
1
 71
1
 10
0.0
 20
0.0
 11
420.0
 21
297.0
 12
0.0
 22
0.0
 32
0.0
 14
100000000000000000000.0
 24
100000000000000000000.0
 34
100000000000000000000.0
 15
-100000000000000000000.0
 25
-100000000000000000000.0
 35
-100000000000000000000.0
146
0.0
 13
0.0
 23
0.0
 33
0.0
 16
1.0
 26
0.0
 36
0.0
 17
0.0
 27
1.0
 37
0.0
 76
0
330
1B
  0
LAYOUT
  5
22
100
AcDbPlotSettings
  1

  2
none_device
  4

  6

 40
0.0
 41
0.0
 42
0.0
 43
0.0
 44
0.0
 45
0.0
 46
0.0
 47
0.0
 48
0.0
 49
0.0
140
0.0
141
0.0
142
1.0
143
1.0
 70
1712
 72
0
 73
0
 74
0
  7

 75
0
147
1.0
148
0.0
149
0.0
100
AcDbLayout
  1
Model
 70
1
 71
0
 10
0.0
 20
0.0
 11
12.0
 21
9.0
 12
0.0
 22
0.0
 32
0.0
 14
0.0
 24
0.0
 34
0.0
 15
0.0
 25
0.0
 35
0.0
146
0.0
 13
0.0
 23
0.0
 33
0.0
 16
1.0
 26
0.0
 36
0.0
 17
0.0
 27
1.0
 37
0.0
 76
0
330
1F
  0
LAYOUT
  5
26
100
AcDbPlotSettings
  1

  2
none_device
  4

  6

 40
0.0
 41
0.0
 42
0.0
 43
0.0
 44
0.0
 45
0.0
 46
0.0
 47
0.0
 48
0.0
 49
0.0
140
0.0
141
0.0
142
1.0
143
1.0
 70
688
 72
0
 73
0
 74
5
  7

 75
16
147
1.0
148
0.0
149
0.0
100
AcDbLayout
  1
Layout2
 70
1
 71
2
 10
0.0
 20
0.0
 11
12.0
 21
9.0
 12
0.0
 22
0.0
 32
0.0
 14
0.0
 24
0.0
 34
0.0
 15
0.0
 25
0.0
 35
0.0
146
0.0
 13
0.0
 23
0.0
 33
0.0
 16
1.0
 26
0.0
 36
0.0
 17
0.0
 27
1.0
 37
0.0
 76
0
330
23
  0
DICTIONARY
  5
285
100
AcDbDictionary
281
1
  3
DIMASSOC
350
287
  3
HIDETEXT
350
286
  0
DICTIONARYVAR
  5
286
100
DictionaryVariables
280
0
  1
2
  0
DICTIONARYVAR
  5
287
100
DictionaryVariables
280
0
  1
1
  0
ENDSEC
  0
EOF
